598880714752,4a36571880be48c48ac5000de71b16ea[Logo_SC]
6485385052160,789170cdbecec4b4191a21da494b8bc1[MAAM_STAMP_01_SC]
6531665002496,1b960a874a737484caa9900ec730091d[MAAM_STAMP_02_SC]
6558214946816,5096a4c97062c454cb401b7970da2842[MAAM_STAMP_03_SC]
6571460558848,f71e05b30d38c424791856d65df47540[MAAM_STAMP_04_SC]
6582600630272,a1f2207656d0c3c4397b8b5af0c426a6[MAAM_STAMP_05_SC]
6593119944704,bbe5dd677874563409e5d7cf4fd2e2c7[MAAM_STAMP_06_SC]
6604020940800,30b1bfdc9dbb4954a8af342ab4ab3005[MAAM_STAMP_07_SC]
6617555959808,73d76c84f7fbb324db0e84092651eb0e[MAAM_STAMP_08_SC]
268012428099584,ad290474e84c3004d87bdf616248bc1f[DemoTgsEnd_sc]
