598880714752,bd41be1dd42adcd4294fcd2785a7d237[Logo_EN]
6485385052160,164c99ff888600042b2f4e698f10eddd[MAAM_STAMP_01_PL]
6531665002496,5fc6955b917751a429de1129258313f2[MAAM_STAMP_02_PL]
6558214946816,0f1606bfbb76c3e44906cea3d0305183[MAAM_STAMP_03_PL]
6571460558848,8ecaad7e71fde774eab1253d75fb1b1a[MAAM_STAMP_04_PL]
6582600630272,2747b4e44a7a0c24292e80a10162e368[MAAM_STAMP_05_PL]
6593119944704,3998c237044443147a2ecb95ab3472f6[MAAM_STAMP_06_PL]
6604020940800,eafd092d828db5e4e945f8499001a0be[MAAM_STAMP_07_PL]
6617555959808,db4f2b60f4c26084e9f2b1b7e6f6123b[MAAM_STAMP_08_PL]
268012428099584,fc16444967f387140a206eb976af63bb[DEMO_FINISH_PL]
52136154628259840,5984ba803b520aa4184f87ebf8cba8de[YUNYUN_002_Main_000_010_1_PL]
