598880714752,e2021f7291293844b941d0f823bbaad4[Logo_TC]
6485385052160,6e008b105282c9443ba1aec042d65792[MAAM_STAMP_01_TC]
6531665002496,d77018612b76ff04db5a3a2d5b14cc4b[MAAM_STAMP_02_TC]
6558214946816,42855e6118d6fa641be3fc5aa2d76461[MAAM_STAMP_03_TC]
6571460558848,bc38b3b1d39cd644bb29fa78f87fb99c[MAAM_STAMP_04_TC]
6582600630272,0ec8c67833aaac5488297ffc85a2a46a[MAAM_STAMP_05_TC]
6593119944704,ba50b74bc42a4164983b46ad62c13060[MAAM_STAMP_06_TC]
6604020940800,f9b3c2743a719a649b2e36509eacaec1[MAAM_STAMP_07_TC]
6617555959808,c59de4b6f7a154a41a86596007cd2671[MAAM_STAMP_08_TC]
268012428099584,bbfc72d09b2b12244a15b46d43466299[DemoTgsEnd_tc]
52136154628259840,68174acb46af6384584824bbcb8e7842[YUNYUN_002_Main_000_010_1_TC]
