598880714752,b3222cf77e54ed94ea7ce8239418074f[Logo_KR]
6485385052160,263515e91aac62f4cb3936b92c439d86[MAAM_STAMP_01_KR]
6531665002496,f138d9b1bfb14c24084ea4c16849a71c[MAAM_STAMP_02_KR]
6558214946816,626fdcf67f93c434795ba7fbdc2f9a0e[MAAM_STAMP_03_KR]
6571460558848,0a6ece93827e8ab4789fc6a518e5842e[MAAM_STAMP_04_KR]
6582600630272,03f766a46bd32a14685867ee8153d975[MAAM_STAMP_05_KR]
6593119944704,07f5ebc01b7521f4b8ef02b8760c49ea[MAAM_STAMP_06_KR]
6604020940800,a6dea2339249cc4469090cf805198aba[MAAM_STAMP_07_KR]
6617555959808,70d95bf2c339dea4da515b8241de7821[MAAM_STAMP_08_KR]
268012428099584,98d065767266cdb44b812f428a0d4a80[DemoTgsEnd_kr]
52136154628259840,629077d684605944a948457a34fd5f77[YUNYUN_002_Main_000_010_1_KR]
