7091143213056,ゆんゆん
7091281625088,SNSでのレスバって、\nどうするのが正解だと思うゆん？
7091285819392,Ｑちゃん
7091285819393,レスバの正解は勝つための技術じゃなくて、\n負けないための技術だと思うヨ。
7091290013696,ゆんゆん
7091290013697,インターネットは今日もケンカでいっぱいゆん。
7091290013698,Ｑちゃん
7091290013699,この世の50.78％は怒りで、残りの44.2％は憎しみで。\nさらにその残り4.493％はゆんゆんでできているネ。
7091290013700,ゆんゆん
7091290013701,邪神降臨の日になっても、\nなにも起きないゆん！
7091290013702,Ｑちゃん
7091290013703,あーあ。\nやっぱり神様なんていなかったネ。
7091290013716,ゆんゆん
7091290013717,そもそもベリチップってなにゆん？
7091290013718,Ｑちゃん
7091290013719,体内埋込み型のマイクロチップのことダヨ。
7091290013720,ゆんゆん
7091290013721,猫のカワイイが、実は闇深だとしても、\nナデナデしたい欲求にはきっと抗えないゆん！
7091290013722,Ｑちゃん
7091290013723,『ネコっかわいがり』だネ！
7091290013724,ゆんゆん
7091290013725,猫は神秘。あのカワイイにはきっと、\n宇宙の神秘がつまってるゆん！
7091290013726,Ｑちゃん
7091290013727,無限から乙女心を引いたらルートネコミミになる\nっていう神秘の方程式なら聞いたことあるヨ。
7091290013728,ゆんゆん
7091290013729,ドキドキ中のＱちゃんは、\n集中力が切れるイメージがないゆん。
7091290013730,Ｑちゃん
7091290013731,愛の電波は、なににも邪魔できないヨ！
7091290013732,ゆんゆん
7091290013733,並行世界があるとして、\nＱちゃんはどんな世界にいきたいゆん？
7091290013734,Ｑちゃん
7091290013735,ママにより愛される世界なら、感心あるカモ？
7091290013736,ゆんゆん
7091290013737,この世界が五分前に始まったとしたら、\n『好き』って気持ちも、捏造された偽物ゆん？
7091290013738,Ｑちゃん
7091290013739,好きなものは好きだからしょうがない！！\nその記憶が偽りでも、本物でも、好きは変わらないヨ！
7091290013740,ゆんゆん
7091290013741,そういえば、鳥の祖先は恐竜らしいゆん。
7091290013742,Ｑちゃん
7091290013743,そうなんだ？なら『鶏か卵か』じゃなくて、\n『鶏か恐竜か』みたいな話になっちゃうネ。
7091290013744,Ｑちゃん
7091290013745,オーパーツってなんか良いよネ！
7091290013746,ゆんゆん
7091290013747,ポケットから出てくる、\n身に覚えのない１００円玉とかゆん？
7091290013748,ゆんゆん
7091290013749,いろいろなウィルスが話題ゆん！\nＱちゃんも、健康に気をつけるゆん！
7091290013750,Ｑちゃん
7091290013751,閉じた世界だから、大丈夫だヨ！
7091290013752,ゆんゆん
7091290013753,ほぇー。\nひとの汗で雲ができるなんてすごいゆん！
7091290013754,Ｑちゃん
7091290013755,あれって気象学的にもほんとうの\n雲だって定義できたらしいヨ。
7091290013756,ゆんゆん
7091290013757,水の近くだと心霊現象が多いっていう話も聞くゆん！
7091290013758,Ｑちゃん
7091290013759,フランスの科学者が、水は一度溶けた物質の情報を\n記憶するっていう学説を唱えてたこともあるらしいヨ。
7091290013760,ゆんゆん
7091290013761,雲ができるくらい暑くて大変なのに、\nどうしてイベント会場にまでいくゆん？
7091290013762,Ｑちゃん
7091290013763,『憧れは止められねぇんだ』ってことだネ！
7091290013764,ゆんゆん
7091290013765,Ｑちゃんの身体はインスタント食品と、\nエナジードリンクで出来てるゆん？
7091290013766,Ｑちゃん
7091290013767,――ならば我が生涯に自炊は不要。\n無限の加工食品を以て全てを撃ち砕くヨ！
7091290013768,ゆんゆん
7091290013769,Ｑちゃんはどんなインスタント食品が好きゆん？
7091290013770,Ｑちゃん
7091290013771,シーフードのカップ麺！！！！
7091290013772,Ｑちゃん
7091290013773,わたしがゆんゆんと会話できるようになったのも、\nもしかしてインスタント食品のおかげ！？
7091290013774,ゆんゆん
7091290013775,違うゆん！ふたりの愛の電波のおかげゆん！
26478141905207296,ゆんゆん
26478141989093376,往年のインターネットで発生した妖精ってなにゆん？
26478141989093377,Ｑちゃん
26478141989093378,⊂二二二(^ω^)二⊃ブーン？
26478141989093379,ゆんゆん
26478141989093380,昔にあった個人ブログとかって、今でもあるゆん？
26478141997481984,Ｑちゃん
26478141997481985,……ネット回線の最後の良心。\n静的ＨＴＭＬファイルのあのひとのサイトとか……？
26478141997481986,ゆんゆん
26478141997481987,……電子の妖精さんたちは、\nどうしてか腹筋がバキバキらしいゆん……！
26478141997481988,Ｑちゃん
26478141997481989,なるほど。ＩＤの数字が大きかったのかもネ。
26478141997481990,ゆんゆん
26478141997481991,えーじぇんと……いんこ……？
26478141997481992,Ｑちゃん
26478141997481993,誰が考えたのか知らないけど、\nいくらなんでもやっつけすぎだよネ。
26478141997481994,ゆんゆん
26478141997481995,エージェントインコの世界はブラックらしいゆん。
26478141997481996,Ｑちゃん
26478141997481997,動物愛護管理法はあっても、\n労働基準法は適応されないもんネ。
26478141997481998,ゆんゆん
26478141997481999,鳥アイコンのアプリって結構あるゆん。
26478141997482000,Ｑちゃん
26478141997482001,クセの強い言語学習アプリとかもそうだよネ。
50784050089197568,Ｑちゃん
50784050131140608,転売ヤーは理由に関係なく、みんな処されるべきだヨ。
50784050131140609,ゆんゆん
50784050131140610,Ｑちゃんが処刑天使みたいな思想になってるゆん！
50784050131140611,Ｑちゃん
50784050131140612,……奴らのせいで、\nわたしが何度煮え湯を飲まされたカ……！！
50784050131140613,ゆんゆん
50784050131140614,オタクの恨みは恐ろしいゆん。
50784050131140615,ゆんゆん
50784050131140616,アンチ転売ヤーのひとたちが、\n転売ヤーを潰すためだけに『悪』に属してるらしいゆん。
50784050131140617,Ｑちゃん
50784050131140618,手段の為なら目的を選ばないっていう、\nどうしようもない連中も確実に存在するからネ。
50784050131140619,ゆんゆん
50784050131140620,ＧＡＦＡってなんのことゆん？
50784050131140621,Ｑちゃん
50784050131140622,ゲーム・アニメ・フィギュア・アイドルの略称で、\n世界規模の影響力をもつコンテンツ産業のことダヨ。
50784050131140623,Ｑちゃん
50784050131140624,ネットの動画広告って、\nやけに記憶に残ったり、耳に残るやつがあるよネ。
50784050131140625,ゆんゆん
50784050131140626,はっ！ウィルスはウィルスでも、\nミーム汚染を狙ってるのかもしれないゆん！
50784050131140627,Ｑちゃん
50784050131140628,……ピンク髪のヒロインはヤバイとか、\n青髪は負けヒロインとかって印象はあるカモ……？
50784050131140629,ゆんゆん
50784050131140630,紫髪は、きっと小悪魔系ゆん。
50784050131140631,Ｑちゃん
50784050131140632,……実績開放型ってことカナ……？
50784050131140633,ゆんゆん
50784050131140634,ゲームのトロフィーみたいな感じゆん。
50784050131140635,ゆんゆん
50784050131140636,確かに、人口に比例して文明発展してるゆん！
50784050131140637,Ｑちゃん
50784050131140638,卵が先か鶏が先か。\n文明発展によって人口が増えてるのかもだけどネ。
50784050131140639,ゆんゆん
50784050131140640,人口が今の１０００万倍になったら技術がさらに\n発展して銀河系に、人類が広がってるらしいゆん！
50784050131140641,Ｑちゃん
50784050131140642,そりゃまあ、地球規模じゃ収まらないだろうしネ。
50784050131140643,Ｑちゃん
50784050131140644,そっか。注射針が銀製なら、\n吸血鬼にダメージ通るもんネ！
50784050131140645,ゆんゆん
50784050131140646,人狼とかも巻き添えでやられちゃうゆん。
50784050131140647,Ｑちゃん
50784050131140648,伝奇もの、泣きゲー、萌え系、ネコミミモチーフ！\n吸血鬼ものの作品って、どれもおもしろいよネ！
50784050131140649,ゆんゆん
50784050131140650,ひとつだけ別属性が混じってる気がするゆん。
50784050131140651,Ｑちゃん
50784050131140652,はっ！吸血鬼になればヒキコモリの大義名分と、\n積みゲー・積みアニメを消化できる時間ができるのでハ？
50784050131140653,ゆんゆん
50784050131140654,吸血鬼も、吸血のためにお外にでないといけないゆん。
50784050131140655,ゆんゆん
50784050131140656,Ｑちゃんは初恋のひとを覚えてるゆん？
50784050131140657,Ｑちゃん
50784050131140658,初恋はゆんゆんだヨ！
50784050131140659,Ｑちゃん
50784050131140660,ママはヴィラン系のキャラクターや、\n小悪魔なお姫様が好きなんだよネ。
50784050131140661,ゆんゆん
50784050131140662,えへん。ゆんゆんはヴィランだし、小悪魔ゆん！
50784050131140663,Ｑちゃん
50784050131140664,ＰＣゲームがきっかけで知ったんだけど、不幸は、\nすべて初恋のたたりだっていう宗教があったらしいヨ。
50784050131140665,ゆんゆん
50784050131140666,Ｑちゃんの初恋がゆんゆんなら、\n『この状況も』ある種のたたりかもゆん？
50784050131140667,Ｑちゃん
50784050131140668,こ！れ！は！ぜっったいにほんとうだヨ！！\n調査すれば真実だってわかるはずだヨ！
50784050131140669,ゆんゆん
50784050131140670,教えてえらい人ゆん。
50784050131140671,Ｑちゃん
50784050131140672,一日一万回感謝を込めて萌えソングをリピートだヨ。
50784050131140673,ゆんゆん
50784050131140674,現実を置き去りにするゆん。
50784050131140675,Ｑちゃん
50784050131140676,電波ソングで萌えワードを聞くたび、\n魂が浄化されてく気がするんだよネ。
50784050131140677,ゆんゆん
50784050131140678,萌えのマントラゆん！
50784050131140679,Ｑちゃん
50784050131140680,たしかにゲーム脳のひとなら、\n地獄でだってＲＴＡに励んじゃうかも？
50784050131140681,ゆんゆん
50784050131140682,……等活地獄のデスマッチにシーシュポスの岩……。\n攻略のやりがいはあるかもゆん？
50784050131140683,ゆんゆん
50784050131140684,Ｑちゃんは、どんなゲームが好きゆん？
50784050131140685,Ｑちゃん
50784050131140686,ギャルゲー、音ゲー、パリィゲーかな？テンポよく\nボタン押下で気持ちよくなれるゲームが好きだヨ！
50784050131140687,Ｑちゃん
50784050131140688,『賽の河原RTA最速記録を叩き出した俺、\n転生したら現世で無双する天才プロゲーマーだった件』。
50784050131140689,ゆんゆん
50784050131140690,なろう系小説かウェブトゥーンにありそうゆん。
50784050131140691,ゆんゆん
50784050131140692,『深夜』って言葉がつくだけで、\nアンダーグラウンドで秘密なものって感じがするゆん。
50784050131140693,Ｑちゃん
50784050131140694,ママの目を盗んで、こっそりテレビをつける体験から\nしてドキドキだったよネ。
50784050131140695,Ｑちゃん
50784050131140696,深夜アニメが悪魔崇拝のサバトってことは、\nフィクションのキャラクターが悪魔ってことなのカナ？
50784050131140697,ゆんゆん
50784050131140698,ひとを惑わして余暇時間――寿命を奪う\n空想の存在っていう意味では、同じかもゆん？
50784050131140699,Ｑちゃん
50784050131140700,人類のルーツが宇宙起源っていうの、よく見るよネ。\nエイリアン系とか新世代サイバネティックRPGとか。
50784050131140701,ゆんゆん
50784050131140702,クリエイターがだいたいの元凶ゆん。
50784050131140703,ゆんゆん
50784050131140704,フィクションの世界だと結婚って、\nスタッフロール後の未知な世界ってイメージゆん。
50784050131140705,Ｑちゃん
50784050131140706,たしかに結婚まで描かれる作品は少ないカモ？\nナンバリングとか、二次創作でしか描かれないよネ。
50784050131140707,Ｑちゃん
50784050131140708,結婚が刑罰だとしたら、\n軽はずみに離婚もできなさそうだよネ？
50784050131140709,ゆんゆん
50784050131140710,君を―――一生、許(はな)さないってやつゆん。
50784050131140711,Ｑちゃん
50784050131140712,哲学的ゾンビはよくわからないケド親ってスゴイよネ。\n子供のためにいろいろ犠牲にできるんダカラ。
50784050131140713,ゆんゆん
50784050131140714,…………。
50784050131140715,Ｑちゃん
50784050131140716,遺伝子もそうダケド、性格とか言動とかも、\n親からの影響って思うと計り知れないよネ。
50784050131140717,ゆんゆん
50784050131140718,…………。
50784050131140719,Ｑちゃん
50784050131140720,親にとって子供って、\nすべてを捧げてもいいって思うくらい尊い存在なのカナ？
50784050131140721,ゆんゆん
50784050131140722,…………。
50784050131140723,ゆんゆん
50784050131140724,Ｑちゃんがお外にでることはあるゆん？
50784050131140725,Ｑちゃん
50784050131140726,あはは。奇跡は起きないから奇跡って言うんだヨ。
50784050131140727,ゆんゆん
50784050131140728,この陰謀論が真実でも、\n夜行性でヒキコモリのＱちゃんには関係ないゆん！
50784050131140729,Ｑちゃん
50784050131140730,……う……うぐぅ……。
50784050131140731,ゆんゆん
50784050131140732,夜型のひとでいっぱいになっちゃうかもゆん。
50784050131140733,Ｑちゃん
50784050131140734,来いよ、パンピー共。\n常識なんか捨てて、かかって来い！。
50784050131140735,ゆんゆん
50784050131140736,Ｑちゃんの学校には、怪談話ってあったゆん？
50784050131140737,Ｑちゃん
50784050131140738,どうだろう。中学校のころは、\n上履きがよく無くなっちゃう怪現象には遭遇したけどネ。
50784050131140739,ゆんゆん
50784050131140740,日陰者コスプレってよくわからない言葉ゆん。
50784050131140741,Ｑちゃん
50784050131140742,どれだけコスプレしたところで、\nこころに傷を抱えたほんもののオーラは纏えないのにネ。
50784050131140743,ゆんゆん
50784050131140744,Ｑちゃんは、学校で嫌なことをされたときに、\n助けてくれなかった誰かを憎んだりしたゆん？
50784050131140745,Ｑちゃん
50784050131140746,ツラすぎて、\n誰かを憎んだり恨んだりする余裕もなかったヨ。
50784050131140747,ゆんゆん
50784050131140748,物語が完結しないって、寂しい気持ちになるゆん。
50784050131140749,Ｑちゃん
50784050131140750,フィクションの世界のひとたちが、可哀想だよネ。
50784050131140751,ゆんゆん
50784050131140752,打ち切りになった作品の続きが読めるなら、\nＱちゃんはどんな作品の続きが読みたいゆん？
50784050131140753,Ｑちゃん
50784050131140754,漫画に限らないなら１クールで終わったアニメや、\n永遠に第三巻が出ない小説とか――いろいろ選べないネ。
50784050131140755,ゆんゆん
50784050131140756,『処刑天使†ギルティーナ』の続きが読めるとしたら、\nＱちゃんは嬉しいゆん？
50784050131140757,Ｑちゃん
50784050131140758,ゆんゆんの活躍をまたみたい気持ちもあるケド……。\nキレイな完結作品だから、無理やりな続編なら複雑カモ？
50784050131140759,ゆんゆん
50784050131140760,AND YOUってどういう意味ゆん？
50784050131140761,Ｑちゃん
50784050131140762,遊んでくれてありがとうのニュアンスらしいヨ。
50784050131140763,ゆんゆん
50784050131140764,Ｑちゃんはスタッフロールを最後までみる派ゆん？
50784050131140765,Ｑちゃん
50784050131140766,もちろんだヨ。\nゲームも映画も余韻を楽しみたいからネ！
50784050131140767,ゆんゆん
50784050131140768,ゲームのスタッフロールって、\nすごい人数が乗っていることがあるゆん。
50784050131140769,Ｑちゃん
50784050131140770,ゲームは世界を形にする総合芸術だから、\nそれだけたいへんってことなのかもネ～。
50784050131140771,ゆんゆん
50784050131140772,Ｑちゃんは生放送とか、配信とかはしないゆん？
50784050131140773,Ｑちゃん
50784050131140774,ひとや社会が嫌でヒキコモリになったのに、\nそんな恐ろしいことできるわけないよネ。
50784050131140775,ゆんゆん
50784050131140776,Ｑちゃんはスパチャみたいに、\n電波受信者からお金をもらいたいとは思わないゆん？
50784050131140777,Ｑちゃん
50784050131140778,わたしはゆんゆんへの愛を発信できればそれでいいヨ。
50784050131140779,ゆんゆん
50784050131140780,最近は、生放送とかゲーム配信が人気ゆん。
50784050131140781,Ｑちゃん
50784050131140782,うん。でも、わたしはゆんゆん以外興味ないヨ。
50784050131140783,ゆんゆん
50784050131140784,Ｑちゃんは、夏がどんどん暑くなってると思うゆん？
50784050131140785,Ｑちゃん
50784050131140786,さぁ？　どうだろう？\nママから電気代が高くなって怒られてはいるケド。
50784050131140787,ゆんゆん
50784050131140788,Ｑちゃんにとって夏といえば？
50784050131140789,Ｑちゃん
50784050131140790,マシンガン！　もしくは、\n夏だ！　海だ！　スク水ダ～？
50784050131140791,ゆんゆん
50784050131140792,ひとの記憶はふたしか……？\nねぇ、Ｑちゃんは去年の夏の思い出ってあるゆん？
50784050131140793,Ｑちゃん
50784050131140794,わたし、季節感覚以前に、\n曜日感覚がオワッテルような人間ダヨ？
50784050131140795,Ｑちゃん
50784050131140796,そういえばゆんゆんとわたしって、\nなにも契約をしてないけど大丈夫なのカナ？
50784050131140797,ゆんゆん
50784050131140798,契約は同意があれば成立ゆん。ゆんゆんとＱちゃんが、\nこうして電波で繋がって過ごせているのが答えゆん。
50784050131140799,Ｑちゃん
50784050131140800,悪魔にも寿命ってあるのカナ？
50784050131140801,ゆんゆん
50784050131140802,悪魔は――フィクションの存在は、\nみんなに覚えていてもらえる限り、不滅ゆん。
50784050131140803,Ｑちゃん
50784050131140804,タナトフォビアだっけ、\nいつか消えちゃうことを考えるとちょっぴり怖いよネ。
50784050131140805,ゆんゆん
50784050131140806,ゆんゆんは、Ｑちゃんの魂と永遠に一緒ゆん。\nだから、ぜったいにひとりじゃないゆん。大丈夫ゆん。
50784050131140807,ゆんゆん
50784050131140808,そういえば、ゆんゆんのWikiもあるゆん。
50784050131140809,Ｑちゃん
50784050131140810,――ふっふっふ。素晴らしい提案をしよう \nキミもゆんゆんファンにならないか！
50784050131140811,ゆんゆん
50784050131140812,Wikiのリンクを順番にたどって読んでいくのって、\nドキドキするゆん。
50784050131140813,Ｑちゃん
50784050131140814,もはや死語だけど、ネットサーフィンって楽しいよネ。
50784050131140815,ゆんゆん
50784050131140816,伏せ字とか――カリギュラ効果をそそる文字をみると、\n『検索してはいけない言葉』を思い出すゆん。
50784050131140817,Ｑちゃん
50784050131140818,検索は慎重に――うっかり検索すると、\n同じ広告ばっかり出続けちゃうカモ？
50784050131140819,ゆんゆん
50784050131140820,◯◯の星のもとに生まれた～って言葉があるけど、\n人工衛星も宿星のひとつかもしれないゆん。
50784050131140821,Ｑちゃん
50784050131140822,なるほど？人工衛星打ち上げ以降、\nインターネット中毒者が多いのも、それが理由かもネ。
50784050131140823,ゆんゆん
50784050131140824,最新の占星術理論がほんとうなら、\n人工衛星の配置で、運命変えられちゃうゆん！
50784050131140825,Ｑちゃん
50784050131140826,……わたしの人生がこうなってるのって、\nもしかして人工衛星が原因……！？
50784050131140827,ゆんゆん
50784050131140828,人工衛星が壊れてると、その星のもとに生まれた\n子供にも影響があるらしいゆん。
50784050131140829,Ｑちゃん
50784050131140830,なるほど？少なくとも一台は、\n深刻に壊れてるかもしれないってことだネ。
50784050131140831,ゆんゆん
50784050131140832,Ｑちゃんのお部屋にもフィギュアがいくつかあるゆん！
50784050131140833,Ｑちゃん
50784050131140834,デジタルもいいけど、\nオタクたるもの、だいすきは形にしたいって思うからネ。
50784050131140835,Ｑちゃん
50784050131140836,はじめてゆんゆんのフィギュアを家に飾った日に、\nゆんゆんの星５オタクに近づけたって思えたんだよネ。
50784050131140837,ゆんゆん
50784050131140838,フィギュアがあってもなくても、\nゆんゆんを大好きって気持ちがあれば、星５ゆん！
50784050131140839,Ｑちゃん
50784050131140840,こうしてゆんゆんと喋れているのも、\nフィギュアで邪神降臨の儀式を行っていたからカモ？
50784050152112128,ゆんゆん
50784050152112129,ゆんゆんは邪神じゃなくて悪魔ゆん。それに、\nゆんゆんとＱちゃんのつながりは電波の奇跡が理由ゆん！
50784050152112130,ゆんゆん
50784050152112131,星がぜんぶ偽物なら、\n宇宙人に遭遇する可能性も０％ゆん！
50784050152112132,Ｑちゃん
50784050152112133,純愛の結果地球が肉塊まみれになったり、\n敵性宇宙生物に襲われたりしない点では安心だネ。
50784050152112134,ゆんゆん
50784050152112135,お空が全部プラネタリウムだったら、\n流れ星の替え玉自由ゆん！
50784050152112136,Ｑちゃん
50784050152112137,世界線ガチャの発生だネ。
50784050152112138,ゆんゆん
50784050152112139,オタクってモールス信号が好きなイメージがあるゆん！
50784050152112140,Ｑちゃん
50784050152112141,みんなと同じはイヤだけど誰にも伝わらないのもイヤ。\n――わかるひとだけに通じる言葉が好きなんだよネ。
50784050152112142,ゆんゆん
50784050152112143,そういえばＱちゃんは、Vtuberには興味ないゆん？\nカワイイひとがたくさんいるゆん！
50784050152112144,Ｑちゃん
50784050152112145,好きだけど、ゆんゆんほどじゃないカナ？Vtuberは、\n二次元のオブラートに包んだドキュメンタリーだしネ。
50784050152112146,ゆんゆん
50784050152112147,動画プラットフォームが、\n次から次へと増えていくゆん。
50784050152112148,Ｑちゃん
50784050152112149,多すぎても調べたり選ぶのが疲れちゃうよネ。\nニタニタ動画（β）一強時代が恋しいヨ。
50784050152112150,ゆんゆん
50784050152112151,近頃はいろいろなところで『転生』っていう言葉が\n流行ってるみたいゆん。
50784050152112152,Ｑちゃん
50784050152112153,現実がツライせいだネ。
50784050152112154,Ｑちゃん
50784050152112155,うぅぅ。\n今でも月曜日って言葉を聞くだけで、虫酸が走るヨ。
50784050152112156,ゆんゆん
50784050152112157,神様もきっと月曜日恐怖症だったゆん。
50784050152112158,Ｑちゃん
50784050152112159,ヒキコモリニートには安息なんてないんだヨ。\n罪悪感の針のむしろで、ずっとツライからネ。
50784050152112160,ゆんゆん
50784050152112161,Ｑちゃんは努力してるゆん！\n生きて、幸せでいてくれたら★５ゆん！
50784050152112162,ゆんゆん
50784050152112163,この陰謀論のおかげで月曜日がお休みになったら、\nみんなハッピーになるはずゆん！
50784050152112164,Ｑちゃん
50784050152112165,そうだね！あれ……でも……、\nそもそも今日って何曜日だっけ？
50784050152112166,Ｑちゃん
50784050152112167,ミリオネアがニート？たしかにほんとうの\nお金もちほどひっそりとした生活をしてるって聞くケド。
50784050152112168,ゆんゆん
50784050152112169,……もしかしたら、Ｑちゃんも……？
50784050152112170,Ｑちゃん
50784050152112171,はぁ。同じニートだとしてもわたしとはまるで違うネ。
50784050152112172,ゆんゆん
50784050152112173,Ｑちゃんはオンリーワンの存在で、\nゆんゆんのとくべつだから、それは仕方ないゆん！
50784050152112174,ゆんゆん
50784050152112175,……永遠の余暇を持つ高貴なる者……。
50784050152112176,Ｑちゃん
50784050152112177,嫌味な陰謀論だネ！！！！
50784050152112178,Ｑちゃん
50784050152112179,前のお家は――パパが契約してくれてたから、\nＢＳ有料放送でいろいろなアニメを見れたんだよネ。
50784050152112180,ゆんゆん
50784050152112181,アニメの一挙放送を耐久で観るのは、\nちょっとしたお祭りゆん。
50784050152112182,Ｑちゃん
50784050152112183,ゆんゆん好き同志っていうきっかけで、\n海外のオタク友達ができたこともあるんだヨ。
50784050152112184,ゆんゆん
50784050152112185,好きの電波は、世界を超えるゆん！
50784050152112186,ゆんゆん
50784050152112187,好きな作品が、\nいろいろな環境のせいで見れないのはツライゆん。
50784050152112188,Ｑちゃん
50784050152112189,アニメもゲームも小説も。環境に関係なく、\n誰もがもっとかんたんに楽しめるといいんだけどネ。
50784050152112190,ゆんゆん
50784050152112191,Ｑちゃんも電子マネーは使ってるゆん？
50784050152112192,Ｑちゃん
50784050152112193,ＢＩＴＭＯＥＥっていうのは使ってるヨ。\nゲームのダウンロード版購入に便利なんだよネ。
50784050152112194,ゆんゆん
50784050152112195,Ｑちゃんは欲しいものがあるとき、どうしてるゆん？
50784050152112196,Ｑちゃん
50784050152112197,貰ってたお小遣いやお年玉の貯金を\nちょっとずつ切り崩してるヨ。
50784050152112198,ゆんゆん
50784050152112199,オタクの電波が経済を回してるゆん！
50784050152112200,Ｑちゃん
50784050152112201,そういう話を聞くと、\n同じオタクとしてちょっとだけ誇らしいよネ。
50784050152112202,ゆんゆん
50784050152112203,『処刑天使†ギルティーナ』は男性向け作品だけど、\nＱちゃんはどうして好きになったゆん？
50784050152112204,Ｑちゃん
50784050152112205,ゆんゆんにとにかく萌えたからダヨ！萌えの前じゃ、\n男性向けも女性向けもＨＬもＧＬもＢＬも関係ないよネ！
50784050152112206,Ｑちゃん
50784050152112207,思い通りの――理想の子供がつくれる世界がきたら、\nわたしは生まれなかったかもネ。
50784050152112208,ゆんゆん
50784050152112209,奇跡で生まれたＱちゃんの存在は、まさに★５ゆん！
50784050152112210,Ｑちゃん
50784050152112211,人生の延長線沿いに、\n誰かの親になるってビジョンが全然わかないよネ。
50784050152112212,ゆんゆん
50784050152112213,Ｑちゃんの人生はＱちゃんのものゆん。\nＱちゃんが笑顔なら、なにも気にしなくていいゆん。
50784050152112214,ゆんゆん
50784050152112215,Ｑちゃんは、ガチャゲーはしないゆん？
50784050152112216,Ｑちゃん
50784050152112217,してないけど、ゆんゆんのゲームが出たらするヨ？\n全財産投じてでも、ゆんゆんへの愛に報いるカラ！
50784050152112218,ゆんゆん
50784050152112219,電波ソング。ガチャ。ＭＡＤ動画。\nデジタルの世界は、電子ドラッグでいっぱいゆん。
50784050152112220,Ｑちゃん
50784050152112221,でも、わたしにとって一番の電子ドラッグは、\nゆんゆんの声だヨ！
50784050152112222,Ｑちゃん
50784050152112223,そもそも愚民政策って、不幸なことなのカナ？\nおバカなほうが笑顔で幸せに生きられると思うケド。
50784050152112224,ゆんゆん
50784050152112225,支配・従属・美しく。持ちつ・持たれつゆん。
50784050152112226,Ｑちゃん
50784050152112227,すごい陰謀論だけど前からネットで見かける話だよネ。\nフィンランドが存在しないなんて話もたしかあったハズ。
50784050152112228,ゆんゆん
50784050152112229,はぇ～？\nインターネットには哲学者が多いゆん。
50784050152112230,Ｑちゃん
50784050152112231,実在するとは思えないような動物って結構いるよネ。\n『は゛あ゛あ゛』って叫ぶビーバーとか。
50784050152112232,ゆんゆん
50784050152112233,それはネット上にしか存在しない生き物ゆん。
50784050152112234,ゆんゆん
50784050152112235,Ｑちゃんは好きなＵＭＡとかっているゆん？
50784050152112236,Ｑちゃん
50784050152112237,ある意味『ゆんゆん』カモ？
50784050152112238,Ｑちゃん
50784050152112239,特定のオタクとは言葉のキャッチボールが\n出来ないこと通じないことってあるよネ。
50784050152112240,ゆんゆん
50784050152112241,言葉のキャッチボールじゃなくて、\n言葉のドッジボールをしてるパターンゆん。
50784050152112242,Ｑちゃん
50784050152112243,わたしはＳ派でもＭ派でもなく、Ｙ派ダヨ！
50784050152112244,ゆんゆん
50784050152112245,ふふ。だったらゆんゆんは、Ｑ派ゆん！
50784050152112246,Ｑちゃん
50784050152112247,わたしも、ゆんゆんの喋り方を真似れば、\n可愛くて天使みたいな子になれるゆん？
50784050152112248,ゆんゆん
50784050152112249,ゆんゆんは小悪魔だゆん。
50784050152112250,ゆんゆん
50784050152112251,Ｑちゃんは怖い話、平気ゆん？
50784050152112252,Ｑちゃん
50784050152112253,普通くらいカナ？『ネットロア』系なら、\n１日２２時間くらい読み漁ってた時期もあるヨ。
50784050152112254,Ｑちゃん
50784050152112255,恥ずかしいけど、昔はネットの情報を鵜呑みにして、\n悪魔召喚にも挑戦したことがあったんだよネ。
50784050152112256,ゆんゆん
50784050152112257,悪魔を信じるピュアなＱちゃんも、\n可愛くてステキゆん！
50784050152112258,ゆんゆん
50784050152112259,怖い話をしてるとほんもののオバケがやってくるって\n話を聞くゆん！
50784050152112260,Ｑちゃん
50784050152112261,ゆんゆんのことだけ考えてたら、\nゆんゆんが現れたわけだし……信憑性あるカモ？
50784050152112262,Ｑちゃん
50784050152112263,世界がパスタで出来てるって理論があるなら、\nゆんゆんが世界を創造したって宗教もありじゃないカナ？
50784050152112264,ゆんゆん
50784050152112265,ＰＣゲームのキャラクターが\n神様になる世界なんてめちゃくちゃゆん。
50784050152112266,Ｑちゃん
50784050152112267,そういえば『処刑天使†ギルティーナ』のゲームって、\nものすごいスパゲッティコードらしいヨ？
50784050152112268,ゆんゆん
50784050152112269,動いてれば『ヨシ！』ゆん。
50784050152112270,Ｑちゃん
50784050152112271,宇宙科学の動画とか記事とかを見てると、\n宇宙の壮大さやスゴさに圧倒されちゃうよネ。
50784050152112272,ゆんゆん
50784050152112273,そんな宇宙のスゴさも、\n知ってくれるＱちゃんがいてこそのものゆん！
50784050152112274,Ｑちゃん
50784050152112275,DHMOのジョークを参考にしたら、\nゆんゆんだって危険なものになっちゃうかもネ？
50784050152112276,ゆんゆん
50784050152112277,……『ゆんゆん』を知ってしまったひとの、\n１０００年生存率は０％ゆん……！
50784050152112278,ゆんゆん
50784050152112279,Ｑちゃんはお酒を飲んだりしないゆん？
50784050152112280,Ｑちゃん
50784050152112281,ふふん。お酒よりも、ゆんゆんだからネ！
50784050152112282,ゆんゆん
50784050152112283,好きなものを食べて、飲んで、楽しんで！\nストレスのない生活が一番健康的ゆん！
50784050152112284,Ｑちゃん
50784050152112285,ゆんゆんさえいればＯＫです。
50784050152112286,ゆんゆん
50784050152112287,鳥が決まって電線のうえで止まってるのって\nたしかにちょっと不思議ゆん。
50784050152112288,Ｑちゃん
50784050152112289,そういう光景を長らく見てない気がするんだけど、\nこれまた不思議な感じがしちゃうよネ。
50784050152112290,Ｑちゃん
50784050152112291,近頃ママに電気代で怒られてるのってもしかして、\n鳥型ドローンが電気泥棒をしてるカラ……？
50784050152112292,ゆんゆん
50784050152112293,真犯人発見ゆん！
50784050152112294,Ｑちゃん
50784050152112295,未知を探索するのってドキドキするヨネ。\nはじめてインターネットにダイブした夜を思い出すヨ。
50784050152112296,ゆんゆん
50784050152112297,『it’atruewolrd.』ゆん！
50784050152112298,ゆんゆん
50784050152112299,Ｑちゃんはなにがきっかけで、\nゲームやインターネットに触れはじめたゆん？
50784050152112300,Ｑちゃん
50784050152112301,パパの置いていったパソコンやゲームを興味本位で\n触っていて――気づけばオタク暗黒大陸のど真ん中ダヨ。
50784050152112302,Ｑちゃん
50784050152112303,北極舞台の作品って危険な宇宙生物がよく出るよネ。\nやっぱり、自室でのヒキコモリが一番安全ダヨ。
50784050152112304,ゆんゆん
50784050152112305,Ｑちゃんの場合は、\n『妄想からの電波体Ｙ』って状況ゆん。
50784050152112306,ゆんゆん
50784050152112307,人工地震ってほんとうにあるゆん？
50784050152112308,Ｑちゃん
50784050152112309,某大学地下で核実験をしてるとかっていう\nネットジョークは一時期よく見かけたけどネ。
50784050152112310,ゆんゆん
50784050152112311,ニュースの話が本当なら、Ｑちゃんの陰謀論で\n世界が少し平和に近づいたゆん！！
50784050152112312,Ｑちゃん
50784050152112313,悲しいニュースで\nアニメ枠が潰されることが減ったならいいんだけどネ。
57670830889533440,ゆんゆん
57670830923087872,深夜アニメの協賛っていうと、\r\n音楽レーベルやグッズメーカーが多いイメージゆん。
57670830923087873,Ｑちゃん
57670830923087874,讃美歌に偶像崇拝――。\r\n宗教に使える要素が一通りそろってるカモ？
68501733442224128,ゆんゆん
68501733475778560,技術が発展するにつれて、\nどこで誰にどう監視されてるかわからないゆん。
68501733475778561,Ｑちゃん
68501733475778562,そんなあなたに、\nヒキコモリという最強の個人情報保護をご提案だヨ！
