7091143213056,Yunyun
7091281625088,"Dis, c'est quoi la meilleure strat pour les clashs sur les Réseaux ?"
7091285819392,Q
7091285819393,"Je pense que ce qui compte pour les clashs, c'est pas de savoir gagner, mais savoir ne pas perdre."
7091290013696,Yunyun
7091290013697,Internet est encore rempli d'embrouilles aujourd'hui !
7091290013698,Q
7091290013699,"Ce monde est fait de 50,78 % de colère et de 44,2 % de haine... Et les 4,493 % restants, c'est du Yunyun."
7091290013700,Yunyun
7091290013701,"C'est l'heure de l'avènement du Dieu Maléfique, mais il se passe rien !"
7091290013702,Q
7091290013703,"Ah... Finalement, y avait pas de dieu."
7091290013716,Yunyun
7091290013717,"C'est quoi une Bio-Puce Véri, en fait ?"
7091290013718,Q
7091290013719,C'est une puce électronique qu'on implante dans le corps.
7091290013720,Yunyun
7091290013721,"Même si leur mignonnerie cache un lourd secret, impossible de résister à l'envie de les papouiller !"
7091290013722,Q
7091290013723,C'est ce qu'on appelle être « gaga des chats » !
7091290013724,Yunyun
7091290013725,Les chats sont un mystère. Tant de mignonnerie renferme sûrement les secrets de l'univers !
7091290013726,Q
7091290013727,"D'après une équation mystique, si tu enlèves le cœur d'une jeune fille à l'infini, t'obtiens la racine carrée d'oreilles de chat."
7091290013728,Yunyun
7091290013729,"Quand t'es motivée comme ça, je t'imagine pas perdre ta concentration, Q."
7091290013730,Q
7091290013731,Rien ne peut brouiller les Denpa de l'amour !
7091290013732,Yunyun
7091290013733,"Si les mondes parallèles existent, dans quel genre de monde tu voudrais aller, Q ?"
7091290013734,Q
7091290013735,Un monde où Maman m'aimerait plus... ça m'intéresserait peut-être ?
7091290013736,Yunyun
7091290013737,"Si ce monde a commencé il y a 5 minutes, alors l'amour aussi, c'est du fake ?"
7091290013738,Q
7091290013739,"J'aime ce que j'aime, c'est comme ça !! Fake ou pas, mon amour ne changera pas !"
7091290013740,Yunyun
7091290013741,"Il paraît que les oiseaux descendent des dinosaures, d'ailleurs."
7091290013742,Q
7091290013743,"Ah bon ? Du coup, c'est plus « l'œuf ou la poule », mais « la poule ou le dinosaure », hein ?"
7091290013744,Q
7091290013745,"Les OOPArts, c'est trop cool, non ?"
7091290013746,Yunyun
7091290013747,Comme ces pièces de 100 yens qu'on trouve dans sa poche sans savoir d'où elles sortent ?
7091290013748,Yunyun
7091290013749,"On parle de plein de virus ! Q, fais attention à ta santé toi aussi !"
7091290013750,Q
7091290013751,"Je vis dans un écosystème isolé, alors je risque rien !"
7091290013752,Yunyun
7091290013753,Wouah. C'est dingue que la sueur des gens puisse créer des nuages !
7091290013754,Q
7091290013755,"Il paraît que météorologiquement parlant, ça a été défini comme un vrai nuage."
7091290013756,Yunyun
7091290013757,J'ai aussi entendu dire qu'il y a plein de phénomènes paranormaux près de l'eau !
7091290013758,Q
7091290013759,Il paraît qu'un scientifique français dit que l'eau garde en mémoire les infos des substances qui y ont été dissoutes.
7091290013760,Yunyun
7091290013761,"S'il fait assez chaud pour créer des nuages, c'est la galère, alors pourquoi aller jusqu'au site de l'événement ?"
7091290013762,Q
7091290013763,"C'est la preuve que « rien n'arrête la passion », hein !"
7091290013764,Yunyun
7091290013765,"Q, ton corps est fait de plats instantanés et de boissons énergisantes ?"
7091290013766,Q
7091290013767,"Alors, nul besoin de cuisiner ! Je vais tout pulvériser avec une infinité de bouffe industrielle !"
7091290013768,Yunyun
7091290013769,"Tu aimes quels plats instantanés, Q ?"
7091290013770,Q
7091290013771,Les nouilles instantanées aux fruits de mer !!!!
7091290013772,Q
7091290013773,"Si j'arrive à parler avec Yunyun, c'est peut-être grâce aux plats instantanés ?!"
7091290013774,Yunyun
7091290013775,Mais non ! C'est grâce à nos Denpa d'amour à toutes les deux !
26478141905207296,Yunyun
26478141989093376,"C'est quoi, ces fées de l'Internet d'antan ?"
26478141989093377,Q
26478141989093378,⊂二二二(^ω^)二⊃ Vrouuuum ?
26478141989093379,Yunyun
26478141989093380,"Les vieux blogs persos d'avant, ils existent encore ?"
26478141997481984,Q
26478141997481985,La dernière conscience du Net... Comme le site en HTML statique de « cette personne »... ?
26478141997481986,Yunyun
26478141997481987,Il paraît que les Fées numériques ont des abdos en béton... Je me demande bien pourquoi !
26478141997481988,Q
26478141997481989,Je vois. C'est peut-être parce que leur numéro d'ID était élevé.
26478141997481990,Yunyun
26478141997481991,Agent... Inco... ?
26478141997481992,Q
26478141997481993,"Je sais pas qui a inventé ça, mais c'est vraiment tiré par les cheveux."
26478141997481994,Yunyun
26478141997481995,Il paraît que le monde des Agents Inco est un vrai bagne.
26478141997481996,Q
26478141997481997,"Y'a bien des lois pour la protection des animaux, mais le code du travail s'applique pas à eux."
26478141997481998,Yunyun
26478141997481999,C'est vrai qu'il y a plein d'applis avec des icônes d'oiseaux.
26478141997482000,Q
26478141997482001,"C'est comme cette appli de langues un peu cheloue, non ?"
50784050089197568,Q
50784050131140608,"Peu importe la raison, faut tous les exécuter, ces scalpers."
50784050131140609,Yunyun
50784050131140610,"Q, tu commences à penser comme un Ange Exécuteur !"
50784050131140611,Q
50784050131140612,À cause d'eux... tu sais combien de fois j'ai pleuré de rage ?!
50784050131140613,Yunyun
50784050131140614,La rancune des otakus fait peur.
50784050131140615,Yunyun
50784050131140616,Il paraît que les anti-scalpers rejoignent le « Mal » juste pour écraser les scalpers.
50784050131140617,Q
50784050131140618,Y a vraiment des gens irrécupérables prêts à tout pour arriver à leurs fins.
50784050131140619,Yunyun
50784050131140620,C'est quoi les GAFA ?
50784050131140621,Q
50784050131140622,"C'est l'acronyme de Gaming, Anime, Figurine et Artiste. Une industrie du contenu à l'influence mondiale !"
50784050131140623,Q
50784050131140624,"C'est vrai que certaines pubs vidéo sur le net restent gravées en mémoire, impossible de se les sortir de la tête."
50784050131140625,Yunyun
50784050131140626,"Ha ! C'est peut-être un virus, mais qui vise la contamination mémétique !"
50784050131140627,Q
50784050131140628,C'est vrai qu'on dit que les héroïnes aux cheveux roses sont dangereuses et que les bleues sont des perdantes... ?
50784050131140629,Yunyun
50784050131140630,"Les cheveux violets, c'est sûrement le type Petite Diablesse !"
50784050131140631,Q
50784050131140632,C'est genre un système de succès à débloquer... ?
50784050131140633,Yunyun
50784050131140634,C'est comme les trophées dans les jeux vidéo !
50784050131140635,Yunyun
50784050131140636,"C'est vrai, le progrès de la civilisation est proportionnel à la population !"
50784050131140637,Q
50784050131140638,"C'est l'histoire de l'œuf ou la poule. Mais c'est le progrès de la civilisation qui fait augmenter la population, non ?"
50784050131140639,Yunyun
50784050131140640,"Si la population est multipliée par 10 millions, la technologie évoluera et l'humanité s'étendra à toute la galaxie !"
50784050131140641,Q
50784050131140642,"C'est sûr, ça dépasse l'échelle planétaire, hein ?"
50784050131140643,Q
50784050131140644,"Je vois. Si les aiguilles sont en argent, ça inflige des dégâts aux vampires, hein !"
50784050131140645,Yunyun
50784050131140646,Les loups-garous risquent aussi d'y passer par erreur.
50784050131140647,Q
50784050131140648,"Occulte, Nakige, Moe, oreilles de chat ! Les œuvres de vampires, c'est toujours trop bien, hein !"
50784050131140649,Yunyun
50784050131140650,J'ai l'impression qu'il y a un intrus dans le tas.
50784050131140651,Q
50784050131140652,"Hah ! Si je deviens vampire, je pourrais vivre éternellement comme une hikikomori et aurais le temps de vider ma pile de jeux et d'animes ?!"
50784050131140653,Yunyun
50784050131140654,"Même les vampires doivent sortir pour sucer du sang, tu sais."
50784050131140655,Yunyun
50784050131140656,"Q, tu te souviens de ton premier amour ?"
50784050131140657,Q
50784050131140658,"Mon premier amour, c'est Yunyun !"
50784050131140659,Q
50784050131140660,C'est vrai que Maman adore les méchants et les princesses genre Petite Diablesse.
50784050131140661,Yunyun
50784050131140662,Hum hum ! Je suis une méchante ET une Petite Diablesse !
50784050131140663,Q
50784050131140664,"J'ai vu ça dans un jeu PC, mais... une religion disait que tout malheur est une malédiction du premier amour."
50784050131140665,Yunyun
50784050131140666,"Si je suis ton premier amour, Q, alors « cette situation » est peut-être aussi une sorte de malédiction ?"
50784050131140667,Q
50784050131140668,C'EST - A-BSO-LU-MENT - VRAI !! Fais tes recherches et tu verras que c'est Ma Vérité !
50784050131140669,Yunyun
50784050131140670,"Éclairez ma lanterne, ô grand sage !"
50784050131140671,Q
50784050131140672,"Dix mille répétitions de Moe Songs par jour, le tout avec gratitude."
50784050131140673,Yunyun
50784050131140674,On laisse la réalité derrière nous.
50784050131140675,Q
50784050131140676,"À chaque fois que j'entends des mots « moe » dans une Denpa Song, je sens mon âme se purifier."
50784050131140677,Yunyun
50784050131140678,Le Mantra du Moe !
50784050131140679,Q
50784050131140680,"C'est vrai qu'un accro aux jeux tenterait sûrement un speedrun, même en enfer, non ?"
50784050131140681,Yunyun
50784050131140682,"Match à mort dans l'Enfer de la résurrection, le rocher de Sisyphe... Ça a l'air d'être un sacré défi !"
50784050131140683,Yunyun
50784050131140684,"Dis Q, tu aimes quel genre de jeux ?"
50784050131140685,Q
50784050131140686,"Jeu de rythme, jeu de réflexes ? J'aime les jeux où on prend son pied en appuyant sur les boutons en cadence !"
50784050131140687,Q
50784050131140688,« Moi qui ai explosé le record de Sainokawara : réincarné en joueur pro de Génie qui écrase tout le monde ».
50784050131140689,Yunyun
50784050131140690,On dirait un titre de Light Novel ou de Webtoon.
50784050131140691,Yunyun
50784050131140692,"Rien que le mot « nuit », ça fait un peu underground et secret, non ?"
50784050131140693,Q
50784050131140694,"Rien que d'allumer la télé en douce dans le dos de Maman, c'était déjà le grand frisson."
50784050131140695,Q
50784050131140696,"Si les animes de nuit sont des sabbats sataniques, ça veut dire que les persos de fiction sont des démons ?"
50784050131140697,Yunyun
50784050131140698,"Dans le sens où ce sont des êtres imaginaires qui nous égarent et volent notre temps libre... ou plutôt notre vie, c'est peut-être la même chose ?"
50784050131140699,Q
50784050131140700,"On voit souvent que l'humanité vient de l'espace, non ? Genre dans les histoires d'aliens ou les RPG cybernétiques nouvelle génération."
50784050131140701,Yunyun
50784050131140702,C'est sûrement la faute des créateurs !
50784050131140703,Yunyun
50784050131140704,"Dans la fiction, le mariage, c'est comme le monde inconnu après le générique de fin !"
50784050131140705,Q
50784050131140706,"C'est vrai que peu d'œuvres vont jusqu'au mariage. On voit ça que dans les suites ou les Créations de fans, non ?"
50784050131140707,Q
50784050131140708,"Si le mariage est une punition, on peut pas divorcer à la légère, hein ?"
50784050131140709,Yunyun
50784050131140710,"C'est le fameux « Je ne te laisserai jamais partir », pour la vie !"
50784050131140711,Q
50784050131140712,"Je capte pas cette histoire de zombies philosophiques, mais les parents sont incroyables. Ils peuvent tout sacrifier pour leurs enfants !"
50784050131140713,Yunyun
50784050131140714,...
50784050131140715,Q
50784050131140716,"C'est comme les gènes, mais pour la personnalité aussi... L'influence des parents est immense, non ?"
50784050131140717,Yunyun
50784050131140718,...
50784050131140719,Q
50784050131140720,"Pour un parent, un enfant est si précieux qu'on serait prêt à tout lui sacrifier, tu crois ?"
50784050131140721,Yunyun
50784050131140722,......
50784050131140723,Yunyun
50784050131140724,"Dis Q, ça t'arrive de sortir de chez toi ?"
50784050131140725,Q
50784050131140726,Ahaha. On appelle ça un miracle justement parce que ça arrive jamais.
50784050131140727,Yunyun
50784050131140728,"Même si ce complot est vrai, ça te concerne pas Q, t'es une hikikomori nocturne !"
50784050131140729,Q
50784050131140730,...Uu... Uguu...
50784050131140731,Yunyun
50784050131140732,Le monde va peut-être être envahi de gens nocturnes.
50784050131140733,Q
50784050131140734,"Ramenez-vous, bande d'Extrovertis ! Jetez votre bon sens à la poubelle et venez m'affronter !"
50784050131140735,Yunyun
50784050131140736,"Y avait des légendes urbaines dans ton école, Q ?"
50784050131140737,Q
50784050131140738,"J'sais pas trop. Au collège, j'ai vécu un phénomène paranormal : mes chaussons disparaissaient tout le temps..."
50784050131140739,Yunyun
50784050131140740,Je comprends pas trop le terme « cosplay d'exclus ».
50784050131140741,Q
50784050131140742,"Ils ont beau cosplayer, impossible d'imiter l'aura de ceux qui ont le Cœur vraiment brisé, hein."
50784050131140743,Yunyun
50784050131140744,"Dis Q, quand on t'embêtait à l'école, t'en as voulu à ceux qui t'ont pas aidée ?"
50784050131140745,Q
50784050131140746,C'était trop dur... J'avais même pas la force de haïr ou d'en vouloir à qui que ce soit.
50784050131140747,Yunyun
50784050131140748,C'est triste quand une histoire ne se termine jamais.
50784050131140749,Q
50784050131140750,"Les habitants des mondes fictifs... ils me font de la peine, pas toi ?"
50784050131140751,Yunyun
50784050131140752,"Si tu pouvais lire la suite d'une œuvre annulée, tu choisirais laquelle, Q ?"
50784050131140753,Q
50784050131140754,"Si on ne se limite pas aux mangas... y'a des animes bouclés en une saison, des romans sans tome 3... Trop dur de choisir."
50784050131140755,Yunyun
50784050131140756,"Si tu pouvais lire la suite de « L'Ange Exécuteur † Guiltina », ça te ferait plaisir, Q ?"
50784050131140757,Q
50784050131140758,"J'aimerais revoir Yunyun en action, c'est clair... Mais la fin était parfaite. Une suite forcée, ça serait compliqué..."
50784050131140759,Yunyun
50784050131140760,"Ça veut dire quoi, AND YOU ?"
50784050131140761,Q
50784050131140762,"C'est un code secret pour dire « Merci d'avoir joué », paraît-il."
50784050131140763,Yunyun
50784050131140764,"T'es du genre à regarder le générique de fin jusqu'au bout, Q ?"
50784050131140765,Q
50784050131140766,Bien sûr. J'aime rester dans l'ambiance après un jeu ou un film !
50784050131140767,Yunyun
50784050131140768,Y'a parfois un monde fou dans les crédits des jeux.
50784050131140769,Q
50784050131140770,"Les jeux sont un art total qui façonne le monde, c'est sûrement pour ça que c'est autant de boulot."
50784050131140771,Yunyun
50784050131140772,"Dis Q, tu fais pas de live ou de stream ?"
50784050131140773,Q
50784050131140774,"J'suis devenue hikikomori parce que je déteste les gens et la société, alors j'pourrais jamais faire un truc aussi flippant..."
50784050131140775,Yunyun
50784050131140776,"Dis Q, t'as pas envie de recevoir de l'argent des Récepteurs de Denpa, lors de tes streams ?"
50784050131140777,Q
50784050131140778,"Moi, tant que j'peux diffuser mon amour pour Yunyun, ça m'suffit."
50784050131140779,Yunyun
50784050131140780,C'est super populaire les lives et les streams de jeux en ce moment.
50784050131140781,Q
50784050131140782,"Ouais. Mais moi, à part Yunyun, y a rien qui m'intéresse."
50784050131140783,Yunyun
50784050131140784,"Dis Q, tu trouves pas que l'été devient de plus en plus chaud ?"
50784050131140785,Q
50784050131140786,"Boh, qui sait ? Mais Maman m'engueule parce que la facture d'électricité augmente."
50784050131140787,Yunyun
50784050131140788,"Pour toi, c'est quoi l'été, Q ?"
50784050131140789,Q
50784050131140790,Une mitraillette ! Ou alors... C'est l'été ! La mer ! Les maillots de bain scolaires ?!
50784050131140791,Yunyun
50784050131140792,"La mémoire humaine est incertaine... ? Dis Q, t'as des souvenirs de l'été dernier ?"
50784050131140793,Q
50784050131140794,"Moi, avant même les saisons, mon sens des jours de la semaine est complètement HS, tu sais ?"
50784050131140795,Q
50784050131140796,"Au fait, Yunyun et moi, on n'a passé aucun contrat, ça craint pas ?"
50784050131140797,Yunyun
50784050131140798,Un contrat est valide s'il y a consentement. Le fait qu'on soit connectées par les Denpa est la réponse.
50784050131140799,Q
50784050131140800,Les démons aussi ont une espérance de vie ?
50784050131140801,Yunyun
50784050131140802,Les démons... les êtres de fiction sont immortels tant que les gens se souviennent d'eux.
50784050131140803,Q
50784050131140804,"La thanatophobie, c'est ça ? L'idée de disparaître un jour, ça me fait un peu peur."
50784050131140805,Yunyun
50784050131140806,"Je serai toujours avec ton âme, Q. T'es pas toute seule, jamais. Tout va bien."
50784050131140807,Yunyun
50784050131140808,"Au fait, y'a aussi un Wiki sur Yunyun."
50784050131140809,Q
50784050131140810,"Héhéhé. J'ai une proposition en or. Et si tu devenais fan de Yunyun, toi aussi ?!"
50784050131140811,Yunyun
50784050131140812,"Suivre les liens du Wiki les uns après les autres, c'est super excitant."
50784050131140813,Q
50784050131140814,"C'est une expression morte, mais « surfer sur le Net », c'est fun, hein ?"
50784050131140815,Yunyun
50784050131140816,Les textes masqués... ça titille l'effet Caligula et ça me rappelle les « mots à ne pas chercher ».
50784050131140817,Q
50784050131140818,"Fais gaffe à tes recherches... Si tu cherches n'importe quoi, tu pourrais te taper les mêmes pubs en boucle, non ?"
50784050131140819,Yunyun
50784050131140820,"On dit souvent être « né sous une bonne étoile », mais les satellites sont peut-être aussi des étoiles du destin."
50784050131140821,Q
50784050131140822,Je vois... C'est p't'être pour ça qu'y a autant d'accros au Net depuis qu'on balance des satellites.
50784050131140823,Yunyun
50784050131140824,"Si cette nouvelle théorie astrologique est vraie, on peut changer le destin juste en bougeant les satellites !"
50784050131140825,Q
50784050131140826,"...Si ma vie est un tel désastre, c'est peut-être à cause des satellites artificiels... ?!"
50784050131140827,Yunyun
50784050131140828,"Il paraît que si un satellite est cassé, ça affecte aussi les enfants nés sous cette étoile."
50784050131140829,Q
50784050131140830,"Je vois... Ça veut dire qu'il y en a au moins un qui déconne grave, alors."
50784050131140831,Yunyun
50784050131140832,"Tu as aussi quelques figurines dans ta chambre, Q !"
50784050131140833,Q
50784050131140834,"Le numérique c'est bien, mais en tant qu'otaku, on veut donner une forme à ce qu'on aime."
50784050131140835,Q
50784050131140836,"Le jour où j'ai exposé ta figurine pour la première fois, j'ai eu l'impression de devenir une otaku de Yunyun 5 étoiles."
50784050131140837,Yunyun
50784050131140838,"Figurine ou pas, tant que tu aimes Yunyun de tout ton cœur, c'est 5 étoiles !"
50784050131140839,Q
50784050131140840,"Si je peux parler avec Yunyun, c'est parce que je faisais le rituel d'invocation du Dieu Maléfique avec mes figurines ?"
50784050152112128,Yunyun
50784050152112129,"Je suis pas un dieu maléfique, je suis un Démon ! Et puis, le lien entre toi et moi, c'est un miracle des Denpa !"
50784050152112130,Yunyun
50784050152112131,"Si les étoiles sont toutes fausses, y a 0 % de chance de croiser des Aliens !"
50784050152112132,Q
50784050152112133,"On risque pas de voir la Terre changée en amas de chair par amour, ni de se faire attaquer par des aliens. C'est rassurant."
50784050152112134,Yunyun
50784050152112135,"Si le ciel est un planétarium, c'est étoiles filantes à volonté !"
50784050152112136,Q
50784050152112137,C'est parti pour le gacha des lignes d'univers.
50784050152112138,Yunyun
50784050152112139,J'ai l'impression que les otakus adorent le morse !
50784050152112140,Q
50784050152112141,"J'veux pas être comme tout le monde, mais j'veux pas être incomprise non plus. ...J'aime les mots que seuls les initiés captent."
50784050152112142,Yunyun
50784050152112143,"Au fait Q, les VTubers, ça t'intéresse pas ? Y en a plein de trop mignons !"
50784050152112144,Q
50784050152112145,"J'aime bien, mais pas autant que toi, Yunyun. Les VTubers, c'est juste du documentaire enrobé de 2D."
50784050152112146,Yunyun
50784050152112147,Les plateformes vidéo se multiplient à l'infini !
50784050152112148,Q
50784050152112149,C'est épuisant de devoir choisir quand y'en a trop. L'époque de Nitanita Douga (β) me manque.
50784050152112150,Yunyun
50784050152112151,On dirait que le mot « réincarnation » est à la mode partout ces derniers temps.
50784050152112152,Q
50784050152112153,C'est sûrement parce que la réalité est trop dure.
50784050152112154,Q
50784050152112155,"Uuuuh... Rien que d'entendre le mot « lundi », j'ai la nausée."
50784050152112156,Yunyun
50784050152112157,Dieu aussi devait avoir la phobie du lundi !
50784050152112158,Q
50784050152112159,"Y'a pas de repos pour les hikikomoris NEET... On est constamment sur des charbons ardents à cause de la culpabilité, c'est dur."
50784050152112160,Yunyun
50784050152112161,"Tu fais de ton mieux, Q ! Tant que tu vis et que t'es heureuse, je te mets 5 étoiles !"
50784050152112162,Yunyun
50784050152112163,"Si le lundi devient jour de repos grâce à ce complot, tout le monde sera heureux !"
50784050152112164,Q
50784050152112165,"C'est vrai ! Attends... mais... on est quel jour aujourd'hui, déjà ?"
50784050152112166,Q
50784050152112167,"Des millionnaires NEET ? C'est vrai qu'on dit que les vrais riches vivent cachés, mais bon..."
50784050152112168,Yunyun
50784050152112169,"...Si ça se trouve, toi aussi, Q... ?"
50784050152112170,Q
50784050152112171,"Pff. On a beau être des NEET tous les deux, ça n'a rien à voir avec moi."
50784050152112172,Yunyun
50784050152112173,"T'es unique, Q ! T'es spéciale pour moi, alors on y peut rien !"
50784050152112174,Yunyun
50784050152112175,...Noble au Temps Libre Éternel...
50784050152112176,Q
50784050152112177,C'est super sarcastique comme théorie du complot !!!!
50784050152112178,Q
50784050152112179,"Dans l'ancienne maison... Papa avait un abonnement, je pouvais voir plein d'animes sur les chaînes payantes..."
50784050152112180,Yunyun
50784050152112181,"Se faire un marathon d'animes, c'est comme une petite fête !"
50784050152112182,Q
50784050152112183,J'ai déjà pu me faire des amis otakus à l'étranger juste parce qu'on aimait tous Yunyun.
50784050152112184,Yunyun
50784050152112185,Les Denpa de l'amour transcendent les mondes !
50784050152112186,Yunyun
50784050152112187,C'est dur de ne pas pouvoir regarder ce qu'on aime juste à cause de sa situation.
50784050152112188,Q
50784050152112189,"Animes, jeux, romans... J'aimerais que tout le monde puisse en profiter facilement, peu importe sa situation."
50784050152112190,Yunyun
50784050152112191,"Toi aussi tu utilises la monnaie électronique, Q ?"
50784050152112192,Q
50784050152112193,J'utilise le BITMOEE. C'est pratique pour acheter des jeux en démat'...
50784050152112194,Yunyun
50784050152112195,"Dis Q, tu fais comment quand tu veux quelque chose ?"
50784050152112196,Q
50784050152112197,"Je tape petit à petit dans mes économies, mon argent de poche et mes étrennes."
50784050152112198,Yunyun
50784050152112199,Le Denpa des otakus fait tourner l'économie !
50784050152112200,Q
50784050152112201,"Quand j'entends ça, en tant qu'otaku, je me sens un tout petit peu fière."
50784050152112202,Yunyun
50784050152112203,"« L'Ange Exécuteur † Guiltina » est destiné aux hommes à la base, alors pourquoi tu as accroché, Q ?"
50784050152112204,Q
50784050152112205,"Parce que Yunyun est trop Moe, c'est tout ! Face au Moe, peu importe la cible, que ce soit du HL, du GL ou du BL !"
50784050152112206,Q
50784050152112207,Si on arrive dans un monde où l'on peut créer l'enfant idéal... je ne serais peut-être pas née.
50784050152112208,Yunyun
50784050152112209,"Ton existence est un miracle, Q ! T'es clairement une ★5 !"
50784050152112210,Q
50784050152112211,Je n'arrive pas du tout à m'imaginer devenir parent un jour.
50784050152112212,Yunyun
50784050152112213,"Ta vie t'appartient, Q. Tant que tu souris, t'as pas à t'en faire !"
50784050152112214,Yunyun
50784050152112215,"Tu joues pas aux jeux à gacha, Q ?"
50784050152112216,Q
50784050152112217,"Si un jeu Yunyun sortait, je m'y mettrais direct ! Je claquerais tout mon fric par amour pour Yunyun !"
50784050152112218,Yunyun
50784050152112219,Denpa Songs. Gacha. MADs. Le monde numérique est rempli de drogues numériques.
50784050152112220,Q
50784050152112221,"Mais pour moi, la meilleure drogue numérique, c'est ta voix, Yunyun !"
50784050152112222,Q
50784050152112223,"L'obscurantisme, c'est si mal ? Je pense qu'on est plus heureux quand on est idiot et qu'on garde le sourire."
50784050152112224,Yunyun
50784050152112225,"Domination, soumission, beauté. C'est donnant-donnant."
50784050152112226,Q
50784050152112227,"C'est une sacrée théorie du complot, ça tourne depuis un bail. Ils disaient aussi que la Finlande n'existait pas."
50784050152112228,Yunyun
50784050152112229,Hééé ? Y a beaucoup de philosophes sur Internet.
50784050152112230,Q
50784050152112231,"Y a plein d'animaux qui ont l'air irréels, non ? Genre ce castor qui hurle « BAAAAH »."
50784050152112232,Yunyun
50784050152112233,C'est une créature qui n'existe que sur le Net !
50784050152112234,Yunyun
50784050152112235,"Dis Q, t'as un UMA préféré ?"
50784050152112236,Q
50784050152112237,"Dans un sens, c'est peut-être... « Yunyun » ?"
50784050152112238,Q
50784050152112239,"Avec certains otakus, impossible d'avoir une conversation normale. On se comprend pas, hein ?"
50784050152112240,Yunyun
50784050152112241,"C'est pas un échange, c'est une balle au prisonnier avec les mots !"
50784050152112242,Q
50784050152112243,"Moi, j'suis ni Team S ni Team M, j'suis Team Y !"
50784050152112244,Yunyun
50784050152112245,"Hihi. Dans ce cas, moi j'suis Team Q !"
50784050152112246,Q
50784050152112247,"Si j'imite ta façon de parler, je deviendrai une fille mignonne et angélique, moi aussi ?"
50784050152112248,Yunyun
50784050152112249,"Moi, j'suis une Petite Diablesse !"
50784050152112250,Yunyun
50784050152112251,"T'as pas peur des histoires d'horreur, Q ?"
50784050152112252,Q
50784050152112253,"Plutôt normal, non ? Y a une époque où je passais 22h par jour à bouffer du « Netlore »."
50784050152112254,Q
50784050152112255,"C'est la honte, mais avant je gobais tout ce que je voyais sur le Net... J'ai même tenté l'Invocation de démons."
50784050152112256,Yunyun
50784050152112257,"T'es tellement pure de croire aux démons, Q... J'adore, c'est trop chou !"
50784050152112258,Yunyun
50784050152112259,Il paraît que raconter des histoires qui font peur attire les vrais fantômes !
50784050152112260,Q
50784050152112261,"Vu que je pensais juste à toi et que t'es apparue, Yunyun... Y a peut-être du vrai ?"
50784050152112262,Q
50784050152112263,"Si le monde est fait de pâtes, une religion où Yunyun a créé l'univers, ça se tient, non ?"
50784050152112264,Yunyun
50784050152112265,"Un monde où un perso de jeu PC devient Dieu, c'est du grand n'importe quoi !"
50784050152112266,Q
50784050152112267,"Au fait, il paraît que le code du jeu « L'Ange Exécuteur † Guiltina », c'est du pur code spaghetti !"
50784050152112268,Yunyun
50784050152112269,"Tant que ça tourne, ça passe !"
50784050152112270,Q
50784050152112271,"Quand je regarde des trucs sur l'espace, je me sens toute petite face à l'immensité de l'univers..."
50784050152112272,Yunyun
50784050152112273,"Mais toute cette immensité n'existe que parce que t'es là pour la voir, Q !"
50784050152112274,Q
50784050152112275,"Si on suit la blague du DHMO, même Yunyun pourrait passer pour un truc dangereux, hein ?"
50784050152112276,Yunyun
50784050152112277,Le taux de survie à 1000 ans des gens qui ont découvert « Yunyun » est de 0 %... !
50784050152112278,Yunyun
50784050152112279,"Tu bois pas d'alcool toi, Q ?"
50784050152112280,Q
50784050152112281,"Héhé. Pour moi, c'est Yunyun avant l'alcool !"
50784050152112282,Yunyun
50784050152112283,"Mange ce que tu aimes, bois et éclate-toi ! Une vie sans stress, c'est le top pour la santé !"
50784050152112284,Q
50784050152112285,"Tant que j'ai Yunyun, tout va bien."
50784050152112286,Yunyun
50784050152112287,C'est vrai que c'est un peu louche que les oiseaux se posent toujours sur les fils électriques.
50784050152112288,Q
50784050152112289,"J'ai l'impression de pas avoir vu ça depuis une éternité, ça rend le truc encore plus mystérieux."
50784050152112290,Q
50784050152112291,"Si Maman me gronde pour la facture d'électricité, c'est p'tet parce que... les drones-oiseaux piquent du courant ?"
50784050152112292,Yunyun
50784050152112293,On tient le vrai coupable !
50784050152112294,Q
50784050152112295,"Explorer l'inconnu, c'est palpitant, hein ? Ça me rappelle la nuit où j'ai plongé dans le Net pour la première fois."
50784050152112296,Yunyun
50784050152112297,« C'est un monde réel. »
50784050152112298,Yunyun
50784050152112299,"Qu'est-ce qui t'a fait plonger dans les jeux et Internet, Q ?"
50784050152112300,Q
50784050152112301,J'ai touché par curiosité au PC et aux jeux de Papa... J'ai fini en plein cœur du Continent des Ténèbres otaku.
50784050152112302,Q
50784050152112303,"Y a souvent des aliens dans les histoires en Arctique, hein ? Être hikikomori dans sa chambre, c'est plus sûr."
50784050152112304,Yunyun
50784050152112305,"Dans ton cas, Q, c'est plutôt le genre « Entité Denpa Y née des Délires »."
50784050152112306,Yunyun
50784050152112307,"Les séismes artificiels, ça existe vraiment ?"
50784050152112308,Q
50784050152112309,"À une époque, je voyais passer des blagues sur le Net sur des essais nucléaires dans le sous-sol d'une certaine fac..."
50784050152112310,Yunyun
50784050152112311,"Si les infos disent vrai, ta théorie du complot a rendu le monde un peu plus paisible, Q !"
50784050152112312,Q
50784050152112313,J'espère que mes animes sauteront moins souvent à cause des infos tristes.
57670830889533440,Yunyun
57670830923087872,"À propos des sponsors d'animes nocturnes, je crois qu'il y a surtout des labels musicaux et des fabricants de goodies."
57670830923087873,Q
57670830923087874,Des hymnes et de l'idolâtrie... On dirait qu'on a tous les éléments pour fonder une religion?
68501733442224128,Q
68501733475778560,"À mesure que la technologie avance, on ne sait plus où, par qui ni comment on est surveillé."
68501733475778561,Yunyun
68501733475778562,Permettez-moi de vous présenter la protection ultime des données personnelles : le hikikomori !
