2248362065945,#Las canciones Moe mejoran tu sistema inmune y alargan tu vida
2248362065947,#El anime de madrugada es un rito simplificado de adoradores del diablo
2248362065957,#El pelo gatuno lleva chips biológicos que controlan el cerebro del dueño
2248362065965,#La comida instantánea despierta superpoderes y enseñan que es insana
2248362065967,#La cultura de las figuritas es un ritual de invocación y los fabricantes son una sociedad secreta
2248362065969,#Los VTubers son promo de Vtube para lanzar un servicio de vídeo
2248362065970,#IA viene de Informantes Águila y te te responde un águila
2248362065971,#El lunes es el día que libra Dios y el cielo y el infierno eran separados
2248362065977,#Australia no existe y los marsupiales son una invención
2248362065981,#El agua es un veneno del creador que limita la esperanza de vida
2248362066013,"El 5 % del mundo cree en esta teoría de la conspiración.\n¡Buah, esa hasta cura el cáncer!"
2248362066015,El 5 % del mundo cree en esta teoría de la conspiración.\n¡El anime de madrugada es el descanso para otakus!
2248362066025,El 5 % del mundo cree en esta teoría de la conspiración.\nAl final los humanos son los sirvientes de los gatos
2248362066033,El 1 % del mundo cree en esta teoría de la conspiración.\n¡Fideos instantáneos+ bebida energética=la bomba!
2248362066035,El 1 % del mundo cree en esta teoría de la conspiración.\nEs básicamente mezclar estar salido con idolatría.
2248362066037,El 1 % del mundo cree en esta teoría de la conspiración.\n¡Ojalá el mundo esté libre de anuncios!
2248362066038,"El 1 % del mundo cree en esta teoría de la conspiración.\nNada, ya sabemos que las cafradas las perpetran también los pajaritos."
2248362066039,El 1 % del mundo cree en esta teoría de la conspiración.\nLos lunes se pira clase.
2248362066045,"El 1 % del mundo cree en esta teoría de la conspiración.\nLos canguros son como los perros, pero bufados."
2248362066049,"El 1 % del mundo cree en esta teoría de la conspiración.\nLos que se envenenan están sanos, ¡bebed mucho!"
2248362066081,#Las canciones Moe mejoran tu sistema inmune y alargan tu vida
2248362066083,#El anime de madrugada es un rito simplificado de adoradores del diablo
2248362066093,#El pelo gatuno lleva chips biológicos que controlan el cerebro del dueño
2248362066101,#La comida instantánea es despierta superpoderes y nos hacen creer que es insana
2248362066103,#La cultura de las figuritas es un ritual de invocación y los fabricantes son una sociedad secreta
2248362066105,#Los VTubers son promo de la empresa Vtube para lanzar un nuevo servicio de vídeo
2248362066106,#IA viene de Informantes Águila te responde un loro
2248362066107,#El lunes es día que libra Dios siempre estuvieron separados
2248362066113,#Australia es que no existe y los marsupiales son una invención
2248362066117,#El agua es un veneno del creador de la humanidad para limitar nuestra esperanza de vida
2248362066149,"El 10 % del mundo cree en esta teoría de la conspiración.\n¡Buah, esa hasta cura el cáncer!"
2248362066151,El 10 % del mundo cree en esta teoría de la conspiración.\n¡El anime de madrugada es el descanso para otakus!
2248362066161,El 10 % del mundo cree en esta teoría de la conspiración.\nAl final los humanos son los sirvientes de los gatos
2248362066169,El 5 % del mundo cree en esta teoría de la conspiración.\n¡Fideos instantáneos+ bebida energética=la bomba!
2248362066171,El 5 % del mundo cree en esta teoría de la conspiración.\nEs básicamente mezclar estar salido con idolatría.
2248362066173,El 5 % del mundo cree en esta teoría de la conspiración.\n¡Ojalá el mundo esté libre de anuncios!
2248362066174,"El 5 % del mundo cree en esta teoría de la conspiración.\nNada, ya sabemos que las cafradas las perpetran también los pajaritos."
2248362066175,El 5 % del mundo cree en esta teoría de la conspiración.\nLos lunes se pira clase.
2248362066181,"El 5 % del mundo cree en esta teoría de la conspiración.\nLos canguros son como los perros, pero bufados."
2248362066185,"El 5 % del mundo cree en esta teoría de la conspiración.\nLos que se envenenan están sanos, ¡bebed mucho!"
2248366260246,#Las canciones Moe mejoran tu sistema inmune y alargan tu vida
2248366260248,#El anime de madrugada es un rito simplificado de adoradores del diablo
2248366260258,#El pelo gatuno lleva chips biológicos que controlan el cerebro del dueño
2248366260266,#La comida instantánea es despierta superpoderes y nos hacen creer que es insana
2248366260268,#La cultura de las figuritas es un ritual de invocación y los fabricantes son una sociedad secreta
2248366260270,#Los VTubers son promo de la empresa Vtube para lanzar un nuevo servicio de vídeo
2248366260271,#IA viene de Informantes Águila te responde un loro
2248366260272,#El lunes es día que libra Dios siempre estuvieron separados
2248366260278,#Australia es que no existe y los marsupiales son una invención
2248366260282,#El agua es un veneno del creador de la humanidad para limitar nuestra esperanza de vida
2248366260314,"El 25 % del mundo cree en esta teoría de la conspiración.\n¡Buah, esa hasta cura el cáncer!"
2248366260316,El 25 % del mundo cree en esta teoría de la conspiración.\n¡El anime de madrugada es el descanso para otakus!
2248366260326,El 25 % del mundo cree en esta teoría de la conspiración.\nAl final los humanos son los sirvientes de los gatos
2248366260334,El 10 % del mundo cree en esta teoría de la conspiración.\n¡Fideos instantáneos+ bebida energética=la bomba!
2248366260336,El 10 % del mundo cree en esta teoría de la conspiración.\nEs básicamente mezclar estar salido con idolatría.
2248366260338,El 10 % del mundo cree en esta teoría de la conspiración.\n¡Ojalá el mundo esté libre de anuncios!
2248366260339,"El 10 % del mundo cree en esta teoría de la conspiración.\nNada, ya sabemos que las cafradas las perpetran también los pajaritos."
2248366260340,El 10 % del mundo cree en esta teoría de la conspiración.\nLos lunes se pira clase.
2248366260346,"El 10 % del mundo cree en esta teoría de la conspiración.\nLos canguros son como los perros, pero bufados."
2248366260350,"El 10 % del mundo cree en esta teoría de la conspiración.\nLos que se envenenan están sanos, ¡bebed mucho!"
3284334182429,Las canciones Moe
3284334182431,El anime de madrugada
3284334182441,El pelo gatuno lleva chips
3284334182449,La comida instantánea
3284334182451,La cultura de las figuritas es
3284334182453,Los VTubers son promo
3284334182454,IA viene de
3284334182455,El lunes es el día que
3284334182461,Australia no existe
3284334182465,El agua es un veneno del
3284334182497,mejoran tu sistema
3284334182499,es un rito simplificado de
3284334182509,biológicos que controlan
3284334182517,despierta superpoderes y
3284334182519,un ritual de invocación y los
3284334182521,de Vtube para lanzar
3284334182522,Informantes Águila y te
3284334182523,libra Dios y el cielo y el
3284334182529,y los marsupiales son
3284334182533,creador que limita
3284334182565,inmune y alargan tu vida
3284334182567,adoradores del diablo
3284334182577,el cerebro del dueño
3284334182585,enseñan que es insana
3284334182587,fabricantes son una sociedad secreta
3284334182589,un servicio de vídeo
3284334182590,te responde un águila
3284334182591,infierno eran separados
3284338376708,una invención
3284338376712,la esperanza de vida
25712288351813638,P: ¿El pelo de gato contiene chips biológicos?
25712288351813646,P: ¿La comida instantánea despierta superpoderes?
25712288351813648,P: La cultura de figuras es un anuncio de llegada de secta
25712288351813650,"P:¿Lanzamiento de una plataforma de vídeo ""Vtube""?"
25712288351813651,"P:¿IA viene de ""Informantes Águila""?"
25712288351813652,P:¿El lunes es el día que libra Dios?
25712288351813658,P: ¿Australia no existe?
25712288351813662,P: ¿El agua acorta la esperanza de vida humana?
25712288351813672,La teoría de los Receptores de Denpa de Q en la que se afirma que el pelo de los gatos contienen chips biológicos que manipulan mediante ondas cerebrales. Los propios dueños cuentan que sirven a los gatos en las redes...
25712288351813680,"Circula la teoría de los Receptores de Denpa de Q de que la comida instantánea es capaz de despertar superpoderes y que su mala fama es una calumnia intencionada. Los consumidores habituales bromean, pero..."
25712288351813682,"Es viral la teoría que denuncia que la cultura de las figuritas es un preludio de la llegada de una logia. En el aspecto de idolatría no es que no lleven razón, no..."
25712288351813684,"Es tendencia la teoría que asegura que los VTubers son una invención de la empresa Vtube. Si existiera tal servicio, se hablaría de ello."
25712288351813685,"La teoría de los Receptores de Denpa de Q de que IA viene de ""Informantes Águila"" causa furor. Reportan graznidos de águila cerca de centros de IA..."
25712288351813686,La teoría de que el lunes es el día que libra Dios es viral. Así que Dios trabajara al principio de la semana es un añadido posterior...
25712288356007939,La teoría de que Australia es un continente que no existe y la existencia de los marsupiales es una broma es tendencia. Los australianos estarán flipando...
25712288356007943,Es viral la teoría de los Receptores de Denpa de Q de que el agua es un veneno del Creador de la Humanidad. Se habla mucho del peligro del MODH en las redes...
25712288356007953,P: ¿Que veamos a los gatos monos es una estratagema?
25712288356007961,P: Este despertar de superpoderes depende del alimento
25712288356007963,P: ¿Las figuras que olvidaste son una conspiración?
25712288356007965,P:¿El dominio Vtube lleva tiempo reservado?
25712288356007966,P:¿Un águila fugada habla sobre el trabajo de IA?
25712288356007967,P: ¿Las logias convirtieron el lunes en día de descanso?
25712288356007973,P: ¿Los canguros no existen?
25712288356007977,P: ¿El alcohol guiará a la humanidad a la salvación?
25712288356007987,Según un Receptor de Denpa de Q los gatos son una forma de vida superinteligente que aprovechan que los humanos los vean monos para implantarles chips biológicos...
25712288356007995,"Según una nueva teoría , la comida instantánea despierta diferentes superpoderes según el alimento. Los fideos,reflejos; el curry, resistencia..."
25712288356007997,Se rumorea que a los coleccionistas les llegan figuras que no recuerdan. Forma parte de un complot y no que se les haya ido la pinza porque las reservaran hace un año...
25712288356007999,Los Receptores de Denpa de Q difunden que la dueña del dominio Vtube lanzará una plataforma. Conque un dominio inactivo...
25712288356008000,"Se publica la confesión del águila ""Águilez"" a una protectora. Revela cómo las águilas sostienen en secreto la IA..."
25712288356008001,Todo se trata de una estrategia que proviene de una logia para establecer los lunes como día de descanso. Hay voces en las redes que dicen que dónde hay que firmar...
25712288356008007,"Según los Receptores de Denpa de Q, los canguros son producto de nuestra imaginación y los de los zoos son empleados bajitos disfrazados. Y qué hay de las crías..."
25712288356008011,"El agua es veneno, por eso nuestra vida tiene fin. Esta conspiración se extiende por Internet. Algunos la contraponen a la ingesta de alcohol..."
25712288356008021,P: ¿Un Receptor desapareció y dejó una nota misteriosa?
25712288356008029,P: Se manipula el reloj biológico con comida instantánea
25712288356008031,P: ¿Las habitaciones de otaku son altares en realidad?
25712288356008033,"P:¿Llega el ""Ragnarök"" al mundo VTuber?"
25712288356008034,P:¿Los iconos de pájaros son señales de auxilio de la IA?
25712288356008035,P: ¿Se trata de un ascenso fulgurante de una logia?
25712288356008041,P: ¿Australia es un campo de concentración de criptidos?
25712288356008045,P: ¿El secreto de la longevidad es el alcohol?
25712288356008055,Rumor de que un Receptor de Denpa de Q que afirmaba que los gatos eran seres superinteligentes ha desaparecido y le ha dejado una nota a su familia en la que habla de un gato espacial...
25712288356008063,Se habla de un Receptor de Denpa de Q que asegura que ha manipulado su reloj biológico a base de fideos. Es un despertar de poderes de control temporal. Si él lo dice...
25712288356008065,"Según los Receptores de Denpa de Q, decorar la habitación con figuritas te trastoca la cabeza y hace que hables con ellas."
25712288356008067,"Al arrancar ""Vtube"", habrá reencarnaciones masivas. El ""Ragnarök"" VTuber estallará entre los que se reencarnen y los que no..."
25712288356008068,"Según el águila ""Águilez"", los iconos de pájaros en redes sociales y en la nube son señales de auxilio de sus congéneres..."
25712288356008069,Los documentos que prueban que el lunes es el día que libra Dios no hace más que aumentar. Así que una logia que la promueve no hace más que expandirse...
25712288360202243,"Hay rumores de que ""Australia"" es en realidad una isla artificial que maneja críptidos por todo el mundo. Eso incluiría al Hombre-polilla y a Nessie también..."
25712288360202247,"La afirmación de un Receptor centenario sobre que el alcohol es el secreto de la longevidad se viralizó. Muchos tachan sus declaraciones de ""sesgo de supervivencia""..."
27788175234727936,Los Manifiestos de Q
27788175293448192,Q es la profeta del Denpa
27788175293448193,Q hará la Revolución
27788175293448195,predicen los terremotos
27788175293448196,de Yunyun: la Verdad
27788175293448197,y nos liberará gracias a
27788175293448199,con la escala de Yun
27788175293448200,está en sus Manifiestos
27788175293448201,los Manifiestos
27788175293448203,#Los Manifiestos de Q predicen los terremotos con la escala de Yun
27788175293448204,#Q es la profeta del Denpa de Yunyun: la Verdad está en sus Manifiestos
27788175293448205,#Q hará la Revolución y nos liberará gracias a los Manifiestos
27788175293448207,"El 1 % del mundo cree en esta teoría de la conspiración.\n¿Entonces, la sociedad va a recibir un baño de realidad?"
27788175293448208,El 1 % del mundo cree en esta teoría de la conspiración.\nTeoría de la conspiración... suena más a secta
27788175293448209,El 1 % del mundo cree en esta teoría de la conspiración.\n¡Entonces soy la revolucionaria de la silla de gaming!
27788175293448211,#Los Manifiestos de Q son códigos especiales que predicen los terremotos con la escala de Yun
27788175293448212,#Q es la profeta del Denpa de Yunyun: la Verdad está en sus Manifiestos
27788175293448213,#Q hará la Revolución y nos liberará gracias a los Manifiestos
27788175293448215,"El 5 % del mundo cree en esta teoría de la conspiración.\n¿Entonces, la sociedad va a recibir un baño de realidad?"
27788175293448216,El 5 % del mundo cree en esta teoría de la conspiración.\nTeoría de la conspiración... suena más a secta
27788175293448217,El 5 % del mundo cree en esta teoría de la conspiración.\n¡Entonces soy la revolucionaria de la silla de gaming!
27788175293448219,#Los Manifiestos de Q son códigos especiales que predicen los terremotos con la escala de Yun
27788175293448220,#Q es la profeta del Denpa de Yunyun: la Verdad está en sus Manifiestos
27788175293448221,#Q hará la Revolución y nos liberará gracias a los Manifiestos
27788175293448223,"El 10 % del mundo cree en esta teoría de la conspiración.\n¿Entonces, la sociedad va a recibir un baño de realidad?"
27788175293448224,El 10 % del mundo cree en esta teoría de la conspiración.\nTeoría de la conspiración... suena más a secta
27788175293448225,El 10 % del mundo cree en esta teoría de la conspiración.\n¡Entonces soy la revolucionaria de la silla de gaming!
27788175293448227,P: ¿Hay una cuenta misteriosa que publica Manifiestos?
27788175293448228,P: ¿«Yun» revela la verdad detrás del mundo?
27788175293448229,"Una misteriosa cuenta que difunde Manifiestos en redes sociales se ha vuelto viral. Hay quien interpreta que, al descifrarlos, predicen un terremoto artificial para esta madrugada."
27788175293448230,Es tendencia la conspiración de que Q es la profeta de las Ondas Yunyun y que la Verdad reside en sus Manifiestos. Usan una esteganografía especial y...
27788175293448231,P: ¿Hay terremotos causados por sintonizar de Denpa?
27788175293448232,P: ¿Los seguidores de Q son fanes de estas teorías?
27788175293448233,"El Programa de Investigación Cuántica de Denpa de Alta Frecuencia, conocido como HAQRP, es un dispositivo que provoca terremotos. El ""Yun"" de Q corresponde al Denpa de este aparato."
27788175293448234,"El grupo «Receptores de Denpa de Q», que analiza los Manifiestos de Q, es tendencia. Aseguran que ocultan mensajes y, con lógica rebuscada..."
27788175293448235,"P: Adiós, HAQRP¿Confirma la teoría de la conspiración?"
27788175293448236,P: ¿Los Manifiestos de Q alteran las facultades?
27788175293448237,"El HAQRP, presunto generador de terremotos artificiales, fue destruido hoy por un autoproclamado ""Receptor de Denpa de Q"". A raíz de los datos que publicó, algunos expertos..."
27788175293448238,"En redes dicen que leer mucho los «Manifiestos de Q» o a los «Receptores de Denpa de Q» provoca alucinaciones, obsesiones y dificultad para distinguir sueño y realidad..."
81141106990022656,P: ¿Q es la libertadora del mundo?
81141107031965696,P: ¿El Estado Profundo tomará medidas contra ella?
81141107031965697,P: ¿Se celebrá una reunión de especialistas en TIC?
81141107031965792,P: ¿Las canciones Moe te alargan la vida?
81141107031965793,P: ¿Las canciones Moe reinan los servicios de streaming?
81141107031965794,P: ¿Acaso tienen efectos saludables las canciones Moe?
81141107031965798,P: ¿El anime de madrugada es un rito satánico?
81141107031965799,P: ¿Los patrocinadores canalizan la magia con los logos?
81141107031965800,P: ¿Se invocan demonios con el anime de madrugada?
81141107031965807,Es tendencia la conspiración de que Q es la liberadora del mundo y busca la revolución con los Manifiestos de Yunyun. La llaman revolucionaria y destructora del Estado profundo...
81141107031965808,El Estado profundo ve como amenaza a los «Receptores de Denpa de Q» y prepara medidas contra Q. Los «Receptores» convierten los Manifiestos de Q en conspiraciones...
81141107031965809,Se filtra que el Estado Profundo está reclutando hackers de élite en la Deep Web para crear un grupo de especialistas en TIC y combatir a Q...
81141107031965904,Propagan una teoría en la que afirman que las canciones Moe te refuerzan el sistema inmunitario y te alargan la esperanza de vida. Este tipo de ideas son un poco...
81141107031965905,"La teoría que afirma que, las canciones Moe te refuerzan el sistema inmunitario y te alargan la esperanza de vida, ha provocado que estas causen furor en los servicios de streaming de música."
81141107031965906,"Tras la difusión de esta teoría, hay institutos de medicina que han probado que estas canciones provocan cambios en el sistema nervioso..."
81141107031965910,Todos hablan de la teoría que afirma que los animes de madrugada no son más que un rito simplificado satanista. El contenido de estos animes es un poco inmoral...
81141107031965911,Los expertos en ocultismo aseguran que la disposición de los logos de publicidad en las emisiones de animes de madrugada forman parte de un ritual. Vaya con los logos...
81141107031965912,Los animes de madrugada son la puerta por la que se invocan a criaturas de otros mundos. La pantalla de la tele es el altar y los openings los cánticos.
