359374716964864,標題
359790565429248,NEW DREAM
697230144606208,選單
697443559182336,標題
697599742480384,遊玩
699032378314752,其他
701075566399488,選單
701508766699520,劇情
701581047140352,調整
701656469114880,語言
701778028433408,關閉
702720903778304,譜面一覽
702949178773504,關閉
703432719110144,連線中
706156462379008,語言
706397228011520,關閉
372908906425516032,社群媒體
372908906425516033,日記
372908906425516034,探索房間
372908906425516035,健康狀況
372908906425516036,待辦事項
372908906425516037,圖片
372908906429710336,設定
372908906429710337,ZIP
372908906429710338,資源回收筒
372910093082198016,發送電波
372922115467411456,小Q
372922115467411457,暈暈
372922115467411458,心動度
372922115467411459,暈暈度
372922115467411460,領袖度
372929733636292608,常人
372929733636292609,奇人
372929733640486912,神人
372929733640486913,首次完成
372929733640486914,評價A以上
372929733640486915,全連段
372929733640486916,RATE 95%以上
372929733640486917,⇅排序
372929733640486918,歌唱 : {name}
372929733640486919,作詞 : {name}
372929733640486920,作曲 : {name}
372936789667774464,⇅排序
372936789697134592,{name} UP
375435576814501888,小Q
375435576835473408,@yunyuniloveyou
375435576835473409,暈暈 I LOVE YOU.
375435576835473410,跟隨者
375435576835473411,跟隨中
384731644312059904,boot sequence:::START
384731644341420032,[RECEIVING SIGNAL YUNYUN ENTITY]
384731644341420033,……………………
384731644341420034,EROR: IDENTITY OVERLAY DETECTED
384731644341420035,merging user with entity
384731644341420037,SYNC COMPLETE
384731644341420038,WELCOME TO 暈暈電波症候群
384732430026833920,Q SYSTEM version 0.88\n©Alliance Arts Inc. / Developed by WHO YOU
384744829031186432,EXIT
384746919015120896,LOAD DREAM
384746919073841152,EXTRA
385428742204456960,最高分數
385428742242205696,評價
385439829188575232,編曲：{name}
385849607983366144,ERROR縺?繧?ｓ
385849608025309184,＞暈暈\n嗚哇～～！電波完全不夠啦暈！
385849608025309185,＞暈暈\n哇啊！整個壞掉了暈！\n快查看LOAD DREAM暈！！
385884829454073856,ERROR縺?繧?ｓ
385903467410128896,OP MOVIE
385903467410128897,BGM GALLERY
385903467410128898,CREDIT
385903467410128899,＞暈暈\n特別的頁面暈！
385903467426906112,AUTO SAVE
385903467426906113,MEMORY {num}
385903467426906114,▼DATE\n {yyyy}/{MM}/{dd}\n {time}
385930878222761984,Episode：{text}
387668255198838784,譜面製作：{name}
391392601318785024,暈暈百科
400535952903274496,＞暈暈\n累積更多電波吧暈！
400535952945217536,＞暈暈\n必須把這份心意傳達給小Q……！
400535952945217537,＞暈暈\n暈～暈！
402137850064306176,BACK
402152904314748928,基本設定
402152904352497664,節奏遊戲
402152904352497665,按鍵設定
402152904352497666,語言設定
402250472981954560,＞暈暈\n來更改設定吧暈！
402250473019703296,＞暈暈\n來更改設定吧暈！\n文字播放速度請參考這裡暈。
402250473019703297,＞暈暈\n乘上節奏吧暈！
402250473019703298,＞暈暈\n這裡可以更改按鍵暈。
402250473019703299,＞暈暈\n現在是繁體中文暈！
402250473019703300,SYSTEM
402250473019703301,顯示模式
402250473019703302,視窗化
402250473019703303,全螢幕
402250473019703304,無邊框
402250473019703305,解析度
402250473019703306,3840×2160
402250473019703307,2560×1440
402250473019703308,1920×1080
402250473019703309,1600×900
402250473019703310,1440×900
402250473019703311,1280×720
402250473019703312,影格速率
402250473019703313,垂直同步
402250473019703314,60FPS
402250473019703315,120FPS
402250473019703316,無限制
402250473019703317,文字播放速度
402250473019703318,慢
402250473019703319,普通
402250473019703320,快
402250473019703321,最快
402250473019703322,整體音量
402250473019703323,電波歌曲
402250473019703324,系統音效
402250473019703325,語音
402250473019703326,背景音樂
402250473019703327,事件音效
402250473019703328,節奏遊戲
402250473019703329,開
402250473019703330,關
402250473019703331,軌道類型
402250473019703332,寬
402250473019703333,窄
402250473019703334,調整判定時機
402250473019703335,鏡像模式
402250473019703336,同按連接線
402250473019703337,顯示角色
402250473019703338,怪文卡特效！
402250473019703339,背景亮度
402250473019703340,按鍵設定
402250473019703341,軌道1
402250473019703342,軌道2
402250473019703343,軌道3
402250473019703344,軌道4
402250473019703345,PO文
402250473019703346,輸入要用於「{lane}」的按鍵暈！
402250473019703347,日本語
402250473019703348,English
402250473019703349,简体中文
402250473019703350,繁體中文
402250473019703351,한국어
402254292080295936,預設
402257783737712640,VOLUME
402258653271457792,0
402258653275652096,最大
402259728498065408,教學 / 設定預覽
402260409682395136,音符速度
402262408679292928,語言設定
402503633244160000,＞暈暈
405441114889420800,難度
405862380557467648,心動怪文
405862380599410688,暈暈怪文
405862380599410689,領袖怪文
408050705066262528,物品
408094764975685632,歌名
408795089361600512,重來
408795089390960640,放棄
408795089390960641,繼續
408810702364639232,1星★☆☆☆☆
408810702402387968,2星★★☆☆☆
408810702402387969,3星★★★☆☆
408810702402387970,4星★★★★☆
408810702402387971,5星★★★★★
410592432146776064,歌名
410592432239050752,預設
415542925398802432,歌名 {title}\n歌手 {singer}\n作詞 {lyricist}\n作曲 {composer}\n編曲 {arran}\n譜面製作 {score_editor}
415579311279603712,暈暈電波症候群 Version {version}
415610741573451776,異常回報
415610741594423296,其他問題
415610741594423297,發送暈暈電波
415610741594423298,BACK
417729278052040704,笑死wwwww
417806557235019776,欄位
417806557264379904,推薦
420771583285690368,＞暈暈
420771583327633408,要還原資源回收筒裡的檔案嗎？
420776507809628160,＞暈暈
420776507843182592,請輸入密碼暈！\n把暈暈的口頭禪用英文小寫打出來吧暈！
420947398027804672,歌曲{id}
421834168009392128,要跳過影片嗎？
423178542169358336,1024×576
423178542207107072,854×480
424005319653490688,Discord
424005319695433728,電波度不足暈！\n 要達到100%才能發送暈。
424005319695433729,要讀取檔案嗎暈？
424005319695433730,要覆蓋檔案嗎暈？
424005319695433731,01 電波的原點
424008151483973632,無法覆蓋這個檔案暈。
424031540604993536,±判定誤差顯示
424352715050745856,設定
424762825073917952,鍵盤
425459214246379520,人們如何解讀小Q寫的文章……？
425459214279933952,接收到電波的人有什麼看法……？
425459214279933953,鄉民的反應是……？
425459214279933954,這就是世界的選擇……！
425459214279933955,會出現什麼暈！好期待暈！
425459214279933956,好興奮……超級興奮！
426159465076785152,按下「送発電波」吧暈！
426159465114533888,暈暈！暈暈！
426159465114533891,目標是心動度達到20%暈！
426159465114533892,接收好～多好多電波，\n找回怦然心動的感覺吧暈！
426159465114533893,目標是心動度達到40%暈！
426159465114533894,接收好～多好多電波，\n找回怦然心動的感覺吧暈！
426159465114533895,目標是心動度達到50%暈！
426159465114533896,接收好～多好多電波，\n找回怦然心動的感覺吧暈！
426159465114533897,目標是暈暈度達到50%暈！
426159465114533898,透過電波傳送愛的訊息，\n把大家搞得暈頭轉向暈！
426204373489713152,感覺沒什麼精神，不想動暈。
426943935656656896,單音符
426943935690211328,在音符抵達判定線時輸入按鍵暈！
426943935690211329,長音符
426943935690211330,在音符抵達判定線時長按按鍵暈！
426943935690211331,狂音符
426943935690211332,瘋狂輸入按鍵暈！
426950895399501824,要結束教學嗎暈？
426950895433056256,下一步
427623371884363778,■電波歌曲
427623371884363779,點擊電波歌曲，\n就能乘著節奏接收電波，\n來段怦然心動的體驗暈！
427623371884363781,■電波度的上升
427623371884363782,遊玩電波歌、達成成就、獲得陰謀論、發生結局，都能讓電波度上升暈！\n一起努力達到100%吧暈！
427623371884363784,■健康狀況上升
427623371884363785,遊玩電波歌曲可以提升心動度暈！\n至於其他數值……晚點再說明暈！
427623371884363787,■怪文卡
427623371884363788,把小Q寫的文章卡片化的產物暈！\n只要組合3張就能PO到網路上暈！
428239508699512832,結束教學
428239508741455872,Enter
428254632835448832,要結束教學嗎暈？
430364152730648576,對話紀錄
430364152835506176,自動播放
430364152835506177,跳過
430364152835506178,語音
430514124142837760,讀取中
430531574318137344,可試玩時間已結束
430754866958336000,密碼不對暈！
430899870125162496,■待辦事項
430899870192271360,可以確認近期的目標暈！
430899870192271362,■健康狀況
430899870192271363,可以確認小Q的狀態暈！
430899870192271365,■探索房間
430899870192271366,等小Q找回怦然心動的感覺，\n或許就能探索了暈？
430899870192271368,■電波歌曲
430899870192271369,乘上電波歌曲的節奏，\n就能接收電波囉暈！
430899870192271404,■探索
430899870192271405,心動度達到20%就能探索暈！\n點擊查看各處吧暈！
430899870192271407,■怪文卡
430899870196465664,使用的卡片種類會改變健康狀況暈！\n·心動：每顆星提升2%心動度\n·暈暈：每顆星提升2%暈暈度\n·領袖：每顆星提升2%領袖度
430899870196465666,■怪文卡的星級
430899870196465667,怪文卡分為1星～5星暈！\n星級越高，越容易出現驚人結果暈！
430899870196465669,■陰謀論
430899870196465670,出現陰謀論可以提升電波度暈！\n努力讓電波度達到100%吧暈！
430899870196465672,■陰謀論的等級
430899870196465673,同一種陰謀論可以升級2次暈！\n要是出現5星的陰謀論……\n或許會發生什麼事暈？
430899870196465675,致那一天的妳
430899870196465676,電波的原點暈
430899870196465677,怦然暈動
430899870196465678,Rim de Lacent
430899870196465679,探索暈暈
430899870196465680,媽媽來了暈！
430899870196465681,躲開媽媽暈！
430899870196465682,躲開媽媽失敗暈！
430899870196465683,補充能量暈！
430899870196465684,PO文暈暈！
430899870196465685,出現陰謀論暈！
430899870196465686,愛的奇蹟暈！
430899870196465687,用怪文掀起革命暈！
430899870196465688,暈暈電波接收者暈！
430899870196465689,粉絲的愛最強大暈！
430899870196465690,公開新設定暈！
430899870196465691,小P登場暈！
430899870196465692,事實查核暈！
430899870196465693,不能洩漏個人資料暈！
430899870196465694,電波妄想美少女Q暈！
430899870196465695,小P有毒電波暈！
430899870196465696,悲傷的事件暈
430899870196465697,還不能到結局暈
430899870196465698,來栖睡覺吧暈
430899870196465699,電波的原點暈？
430899870196465700,電波的原點暈？
431218986526605312,要開始音樂遊戲的教學嗎暈？
432448074771759104,媽媽
432475509521285120,（……和爸爸一起挑的書包。\n他說我背起來很可愛，那時好開心……）
432475509538062336,（同人展賣的二創公仔。\n官方什麼時候才要自己出啊。）
432475509538062337,（必須積極一點，必須積極一點，\n必須積極一點。我和媽媽約好了。）
432475509538062338,（原本放在爸爸房間的大電視。\n感覺很復古，我滿喜歡的。）
432475509538062339,（爸爸不在以後，\n我和媽媽兩個人去滑雪時的照片。）
432475509538062340,（手提包。垃圾桶。\n裡面的東西都被偷光，還被弄髒了。）
432475509538062341,（《處刑天使†基爾媞那》OVA第二卷發售時，\n買雜誌附的特典海報。\n被媽媽撕破的地方已經修復完畢。）
432475509538062342,（在格子店發現的玩偶。\n我記得官方周邊裡沒有，\n難道是粉絲自己做的？）
432475509538062343,（世上僅有30個的暈暈限定抱枕套。\n在拍賣網站上買到的我真是太幸運了。）
432475509538062344,（……垃圾。弄髒客廳會被媽媽罵，\n但我又做不到早起拿去丟，\n所以越堆越多……）
432475509538062345,（二手的筆記型電腦，打算拿來寫小說。\n設定基本上都成形了！）
432475509538062346,（夾娃娃機裡的公仔。\n我很喜歡玩夾娃娃機，經常不小心夾太多。）
432475509538062347,（……外面是鬧區的小巷。\n看不出那是陽光，還是燈光……）
432475509538062348,（當然是海鮮口味更讚啦……！）
432475509538062349,（就算媽媽不在，\n也能讓我吃到溫熱飯菜的魔法箱子。\n暈暈也有偏好的微波爐設定吧。）
432475509538062350,（媽媽來過的痕跡。\n有時睡覺醒來，東西的位置都變了。）
432475509538062351,（捨棄所有希望，才能踏出此門。）
432475509538062352,（這是誰的外套來著……？）
432475509538062353,（……且慢。\n一旦踏進腐海，就不能上岸了……）
432961279398936576,■能量飲料
432961279428296704,喝下ZONe，小Q就會進入無我境界！？\n透過遊玩電波歌曲獲得的████，\n★將+█暈！
432961279436685313,ZONe
432987649965457408,rimdelacent
432988311977623552,開放鍵盤了暈！
432992895437537280,（不能再笨下去了……\n媽媽逼我在誓約書上蓋血指印的\n可怕回憶還歷歷在目。）
432998098089967616,還原了「電波歌曲」暈！
432998098089967617,還原了某張圖片暈！
432998098089967618,資源回收筒空空如也暈！
433074816867794944,普通的鍵盤
433074816901349376,好像是爸爸用過的鍵盤暈！
433074816901349377,厲害的鍵盤
433074816901349378,可以用自動模式遊玩電波歌曲的\n神奇鍵盤暈！\n（不會影響成就和分數暈）
433303487230672896,（……沒力氣動。\n是因為缺少心動的感覺嗎……）
433427943441727488,#？？？
433702239711952896,確定
433702239821004800,裝備
435459201915060224,心動度不足，沒辦法聯絡媽媽暈！
435459201957003264,要聯絡媽媽，請她回家一趟嗎暈？
435459201957003265,……該不會惹媽媽生氣了吧……？
435459201957003266,啊！媽媽……
435459201957003267,呃，一臉不爽……！！
435459201957003268,啊啊！對不起！真的很對不起！\n我會努力成為像樣的大人的！！
435459201957003269,呀啊────！！
435459201957003270,雖然冰箱獲得補充，但心動度減少了暈……
435459201957003271,嘿嘿。\n但其實我很想媽媽。
435459201957003272,媽媽，抱歉妳這麼忙還打擾妳。只是突然想到……我們已經好久沒見面了。妳過得好嗎？雖然我覺得妳應該能照顧好自己，但有好好吃飯嗎？畢竟妳不像我只要喝能量飲料就夠了。啊，是說冰箱裡好像已經沒了耶。對不起我這麼挑食，被妳說了很多遍還改不過來。我有在反省喔。真的。話題好像扯遠了。我知道妳很忙，公司（？）又離家很遠，所以妳懶得回來，但我好想妳。我的學習狀況還是沒什麼起色，也明白自己不是乖小孩，但要是能見到媽媽，我會超級高興哦。妳願意回來看我嗎？
435459201957003273,媽媽，妳最近過得怎麼樣？我因為有「暈暈」陪伴，所以過得還不錯。但在現實世界我還是孤零零的，唯一會想起的人也只有媽媽，於是傳了這則訊息給妳。妳一定覺得我很煩吧。但只是偶爾也好，我真的好希望妳回來。要是媽媽能抱抱我，我會覺得很幸福很溫暖，感覺心臟再次跳動起來。抱歉我這麼任性，但還是希望能收到妳的回覆。\n是說，如果妳願意回家一趟，想請妳順便買些泡麵和能量飲料。沒在上學也沒在工作卻提出這種要求，造成妳的麻煩真的真的很對不起。我就是個只會吃吃吃的米蟲。
435459201957003274,暈～暈！Rim de Lacent！暈暈的愛的電波讓小Q現在心兒怦怦狂跳唷！忙著上班的媽媽呢？妳的心也有在跳嗎？工作不會太累吧？為了讓努力工作賺錢的媽媽打起精神，我要傳送愛的電波給妳！媽媽妳好偉大，長得又漂亮，人還非常可靠，是我最驕傲的媽媽！好喜歡妳！超喜歡妳！最喜歡妳了！我好愛好愛妳！所以別努力過頭，要適度休息喔？不要每次都在外面，妳也可以回家放鬆一下啊。\n家裡還有我陪妳嘛！\n（心靈跟肚子都飢腸轆轆的女兒正在等媽媽回家唷！）
435459201957003275,媽咪！( ´∀｀)σ)∀)\n妳現在人在哪裡，又在做什麼咧？(´・ω・)\n說到我呢，\n就只是在玩電腦消磨時間喔(；´Д｀)\n\n媽媽……\n妳該不會在和男朋友約會吧？( ﾟдﾟ )\n那樣我會替妳高興，但又覺得自己被丟下了好難過(´・ω・｀)所以就傳訊息給妳啦m9(Д)\n\n其實我好想聽到媽媽說聲「我回來了」，也希望妳能在我回家時對我說「妳回來啦」(〃▽〃)\n我知道這樣很任性，\n但妳回個訊息嘛(´・∀・｀)\n\n如果妳願意回來，我有個小小的請求(；´∀｀)\n拜託去超商買麵包或泡麵給我，不用太多沒關係。\n最重要的是能量飲料！(ﾟ∀ﾟ)\n我很清楚自己是個學校也沒去，也沒在工作賺錢的廢物(ヽ´ω`)\n\n但唯獨希望媽媽不要拋棄我。
435459201957003276,吶……母親（媽媽）　那家公司賣著怎樣的花？\n吶……母親（媽媽）　那家公司喝著怎樣的酒？\n吶……母親（媽媽）　到了那家公司身體就不會痛了嗎？\n吶……母親（媽媽）　到了那家公司就不能在一起了嗎？\n吶……母親（媽媽）……\n（媽媽那一輩應該都有聽這個團體的歌吧？XD）
435459201957003277,媽咪～～～！\n妳什麼時候回家？
435459201957003278,抱歉突然傳訊息，就只是想妳了而已。\n我過得很好喔。有聽妳的話乖乖的，沒給別人添麻煩，也打算認真學習。畢竟要是一直待在家裡，媽媽也會很頭痛。所以我會加油振作起來。
435459201957003279,媽媽，我一個人也很努力喔。
435459201957003280,工作加油！啊，我不是想給妳壓力。只是希望妳健健康康的……
435459201957003281,媽媽，妳不用擔心我。\n我過得很好。
435459201957003282,最愛妳了唷。
435469093350572032,人\n家\n想\n妳\n了\n啦\n！\n我好寂寞，肚子也好餓喔！！
435543370896670720,已讀
435902026695737344,按Tab鍵切換畫面暈！
436301150398087168,■變更模式
436301150431641600,模式不會影響遊戲進行暈！\n【常人】推薦的模式暈\n【奇人】具挑戰性的模式暈\n【玄人】更進一步的高難度模式暈\n【神人】適合音遊強者的模式暈
436301150431641601,■常人
436301150431641602,正常的判定時機暈！\n ·PERFECT：±50\n ·GREAT：±101\n ·GOOD：±191
436301150431641603,■奇人
436301150431641604,較嚴格的判定時機暈！\n ·PERFECT：±33\n ·GREAT：±66\n ·GOOD：±151
436301150431641605,■玄人
436301150431641606,很嚴格的判定時機暈！\n ·PERFECT：±33\n ·GREAT：±66\n ·GOOD：±101
436313355180998656,■軌道類型
436313355214553088,可以選擇寬或窄喔暈！
436313355214553089,■音符速度
436313355214553090,可以改變音符的落下速度暈！
436313355214553091,■±判定誤差顯示
436313355214553092,會顯示與PERFECT的差距暈！
436313355214553093,■調整判定時機
436313355214553094,可以調整判定的時機暈！\n\n舉例來說，如果判定誤差經常為+5.0，\n那把判定時機設成-5.0就能接近0囉暈！
436313355214553095,■鏡像模式
436313355214553096,落下的音符會左右相反暈！
436313355214553097,■同按連接線
436313355214553098,可以辨別需要同時按的音符暈！
436313355214553099,■怪文卡特效！
436313355214553100,怪文卡特效會不見暈！
436322615243735040,■顯示角色
436322615264706560,人會消失不見暈！
436322615264706561,■怪文卡特效！
436322615264706562,怪文卡特效會不見暈！\n不曉得那是什麼？\n繼續探索這場夢就知道囉暈！
436322615264706563,■背景亮度
436322615264706564,可以調暗或調亮暈！\n這樣就能更清楚地看到音符暈！
436322615264706565,■按鍵設定
436322615264706566,可以調暗或調亮暈！\n這樣就能更清楚地看到音符暈！
436322615264706567,■成就
436322615264706568,獲得成就可以提升電波度暈！\n所有夢境都是共通的，\n遊玩新歌效率更好哦暈！
436489289930539008,■媽媽
436489289964093440,小Q會聯絡媽媽暈。\n雖然心動度會減少50%，\n但能補充冰箱裡的東西暈！
436557321067462656,■電波度
436557321121988608,《暈暈電波症候群》的終極目標，\n就是讓電波達到100%暈！\n一切都是為了把暈暈電波發送給小Q暈！
436636402375098368,■媽媽來了模式
436636402400264192,按下Tab，\n就能切換到非～常健全的畫面暈！\n這樣就不會被媽媽發現妳在玩遊戲囉暈！
437990325392408576,要啟動暈暈附身合體自動模式嗎暈？\n（暈暈度將-50%。15分鐘內隨機播放電波歌曲，\n並隨機出現最高4星的陰謀論。）
437990325430157312,距離結束還剩
437990325430157313,出現的陰謀論
437990325430157314,要解除暈暈附身合體模式嗎暈？
438030621417308160,陰謀論發生概率
438030621417308161,■暈暈附身合體自動模式
438030621417308162,把暈暈拖曳到小Q身上就能啟動此模式暈！\n需要消耗50%的暈暈度暈！\n啟動後會在15分鐘內隨機接收電波歌曲，\n在此期間將隨機出現最高4星的陰謀論暈！
438203185234083840,暈暈度不足暈。
439051954611716096,調整音訊延遲
439051954645270528,■調整音訊延遲
439051954645270529,可以調整電波歌曲和音符的顯示時機暈！\n尤其是使用藍芽耳機的時候暈。
439204674949775360,發佈
440239443036766208,從小Q撰寫的文章裡，\n選擇3篇PO出去暈！
440239443074514944,參數提升
440310121102475264,完成
440355190618619904,很高興大家來遊玩暈！！\n
440953566032723968,鍵盤音效
440953566074667008,特效音效
440953566074667009,語音
442048202323165184,怪文欸
442048202352525312,什麼都要扯陰謀論是有病喔
442048202352525313,暈暈地震預言
442048202352525314,暈暈長得就很蠢
442048202352525315,暈暈早就落伍了
442048202352525316,自嗨個什麼勁啦w
442048202352525317,想嚇死誰啊
442048202352525318,小Q是真愛
442048202352525319,噁心死了
442048202352525320,事實查核
442048202352525321,暈暈XDD
442048202352525322,暈暈是這種角色？
442048202352525323,已檢舉
442048202352525324,哇靠
442048202352525325,笑爛
442048202352525326,真的是預言家？
442048202352525327,小Q是神
442048202352525328,我愛暈暈。非常愛。愛到無法自拔。你們根本不懂我有多愛她。任何言語都無法表達我對她的愛。有99%的機率，我有著病態般的執著。所以勸你們不要擅自扭曲我對她的心意。暈暈她……
442048202356719616,Q電波接收者w
442048202356719617,認真分析了一下在社群媒體看到的怪文。\n\n【神祕怪文】小Q怪文透過特殊暗號\n「暈」的頻率來預測地震！？\n\n小Q的怪文是一種暗號的根據，\n以及地震的預計發生日期？\n<color=#1D9BF0>qtube.be/fgjhk...</color>
442050459194261504,【地震速報】××都××市發生震度5級以上地震 無海嘯風險
442050459194261505,氣象廳表示，今日××點××分左右，\n以××都××市為中心一帶發生地震，\n××市測得震度5級以上。\n目前正在確認傷亡與建物受損情況。
443938154648600576,暈暈電波症候群 Demo Version {version}
446052779343118336,30FPS
446082796936658944,軌道背景亮度
446082796974407680,暈眩背景亮度
446086295816667136,■軌道背景明度
446086295850221568,可以調暗或調亮暈！\n這樣就能更清楚地看到音符暈！
446086295850221569,■暈眩背景明度
446086295850221570,可以調暗或調亮暈！\n在意後面那個閃亮圓圈圈就改掉吧暈！
450611467881971712,自動
450624822927589376,自動調整音訊延遲
450624822956949504,配合節奏按下Enter暈！\n會根據最近4次的平均值\n推薦適合的調整值暈！\n（長按即可套用暈。）
450624822956949505,套用
450624822956949506,音訊延遲調整值（平均）：{time}
450624822956949507,要結束調整音訊延遲（自動）嗎？
451505832514977792,玄人
451505832586280960,【MONTHLY RANKING】
451505832586280961,更新
451505832586280963,難度
451505832586280964,排名
451505832586280965,玩家名稱
451505832586280966,達成率
451505832586280967,分數
451505832586280968,Observing Glitch “YUN-YUN” -Fragment-
451505832586280969,Observing Glitch “YUN-YUN” -Shape-
451505832586280970,Observing Glitch “YUN-YUN” -Entity-
451505832586280971,Desktop Society
451505832586280972,Glittering Trap
451505832586280973,3NCRYP7ED_H4Z3
451505832586280974,Collapsed Ordinary
451505832586280975,KAKUSEI☆SYNDROME
451505832586280976,Thanks for playing
451505832586280977,EXC3PT!ON_H4NDL1NG
451505832586280978,NOISYVERSE
451505832586280979,EMERGENCY
451505832586280980,Disconnected
451505832586280981,Wail
451505832586280982,P1XEL_HE4RT_MEM0RY_DVMP
451505832586280983,My Heart
451505832586280984,Hollow
451505832586280985,MADDDD
451505832586280986,Solace
451505832586280987,A Pause in Passing
451506460008022016,歌曲
453614789639438336,固定
453614789735907328,DLC
454781211610611712,■神人
454781211644166144,超嚴格的判定時機暈！\n ·PERFECT：±21\n ·GREAT：±41\n ·GOOD：±101
454781211644166145,■每月排行榜
454786337998012416,電波歌的分數排行榜暈！\n會於月初重置暈！\n（首次重置預定日為2026年6月1日暈。）
461688025463816192,畫面晃動
461692780747587584,■畫面晃動
461692780781142016,可以選擇是否開啟畫面晃動特效暈！
486178414132363264,巴Q姆特電玩資訊站
486178414182694912,網路人氣高漲的角色──暈暈！\n作者與聲優們分享其魅力所在！\n\n<color=#1D9BF0>qnews.be/news/6699....</color>\n\n引發關注的小Q竟非原作班底！？\nWHO YOU表示：「其實，小Q的真實身分……」
486179209334652928,暈暈創作者親自揭開\n暈暈不為人知的真相？
486669372439560192,＞暈暈\n小Q因為大受打擊而壞掉了暈……
486669372481503232,＞暈暈\n現實充滿痛苦暈……
486669372481503233,＞暈暈\n為了把暈暈的電波，\n傳進小Q的心……
486669372481503234,＞暈暈\n小Q、小Q、小Q……\n小Q、小Q、小Q……
486669372481503235,＞暈暈\n不管躲進妄想還是虛構裡都可以暈。\n只要小Q活得好好的，暈暈就滿足了暈……
486669372481503236,＞暈暈\n突破100%。\n小Q，妳等著。
486669372481503237,＞暈暈\n暈暈之所以存在，\n就是為了拯救小Q的心暈！
486669372481503238,＞暈暈\n嘿嘿，今天是暈暈的生日暈。
486669372481503239,＞暈暈\n生日快樂！\n今天是小Q的生日暈！
486669372481503240,＞暈暈\n新年快樂暈！
486669372481503241,＞暈暈\n聖誕快樂暈！\n現充通通去死吧暈。
486669372481503242,＞暈暈\n為什麼……\n只有暈暈在這裡……？
486669372481503243,＞暈暈\n明明和小Q約好了，\n要永遠在一起……
486669372481503244,＞暈暈\n這裡是……喔，對了……\n是小Q崩潰後的腦中世界……
486669372481503245,＞暈暈\n打從一開始，就全是暈暈的回憶……\n是在小Q腦中看到的，暈暈的妄想……
486669372481503246,＞暈暈\n……暈暈電波症候群……
486669372481503247,＞暈暈\n這樣就能回到那個一無所知的暈暈，\n再次連接小Q的電波……
486669372481503248,＞暈暈\nRim de Lacent。
488711951800762368,＞暈暈\n所以……暈暈要……
488711951834316800,＞暈暈\n所以暈暈希望，\n妳至少能在虛構世界裡露出笑容暈……
488711951834316801,＞暈暈\n還有一半……
488711951834316802,＞暈暈\n沒事，沒什麼好擔心的。\n暈暈絕對不會丟下妳一個人暈。
488711951834316803,＞暈暈\n──害小Q傷心難過的現實世界，\n就把它搞得一團糟吧暈。
488711951834316804,＞暈暈\n傳送電波暈。
490310779050033152,取消PO怪文！
490310779100364800,■取消PO怪文！
490310779100364801,將取消PO怪文，\n不發生陰謀論暈！
490310779100364802,嘿嘿……可以見到媽媽了……！
490310779100364803,雖然媽媽有點可怕……但只有她屬於我一個人……
490310779100364804,好懷念她回家時的擁抱……
491313981358768128,■取消PO怪文！
491313981400711168,將取消PO怪文，\n不發生陰謀論暈！\n不曉得那是什麼？\n繼續探索這場夢就知道囉暈！
491313981417488384,進入無敵的無我境界！！
491313981417488385,我吸～♡能量注入！
491313981417488386,我灌～♡能量補充！
491313981417488387,感覺來啦──！！！
491313981417488388,嘿嘿，就是這個～！精力充沛～！！
491313981417488389,附身合體！！
491313981417488390,電波力量增強～！！
491313981417488391,暈暈模式！！
491313981417488392,超專注模式暈！！
491313981417488393,放飛自己～來寫怪文吧暈！！
491313981417488394,敲打鍵盤（勇氣），\n並非為了互損暈！
491313981417488395,感受到了新電波暈！！
491313981417488396,接收心動暈！！
491313981417488397,感謝接收電波暈！！
491313981417488398,……我怎麼不記得有這回事？
491313981417488399,……不願想起過往的事。
491313981417488400,……只要現在開心，不就夠了嗎？
491313981417488401,每張都是五星暈！
491313981417488402,是寶箱暈！
491313981417488403,怦然心動，興奮期待！
491313981417488404,要再來接收電波哦暈！
491313981417488405,你的心有怦怦跳嗎暈？
491313981417488406,很高興你接收電波暈！
491313981417488407,要再來享受電波哦暈！
492511546183942144,0星☆☆☆☆☆
492511546183942145,■陰謀支配的Geass
492511546183942146,用電波來操控Q電波接收者暈。\n雖然領袖度會減少50%，\n但能使發生的陰謀論固定暈！
494270830500544576,不是地球人之類的？
494270830500544577,是不是超越世界人口啦？
496371812697014272,蘑菇長出來了暈！
496399230371528704,START REALITY?
496417239475585024,現在抓不到暈。
496417239572054016,這個功能已經無法使用暈。
496417908630650880,∞星 ERROR
496681509798969344,復原
496681509815746560,要重置「暈暈的記憶」嗎？\n※分數、獲得歌曲、MyPicture不會被重置\n※電波度中，與分數無關的部分將被重置
496681509815746561,＞暈暈\n「復原」……\n意思是將這個世界的電波度恢復原狀嗎？
496681509815746562,＞暈暈\n連同暈暈的記憶……？
496681509815746563,＞暈暈\n如果能以全新的姿態，\n和小Q一起重拾心動……
496681509815746564,＞暈暈\n那或許是個──幸福的無間地獄暈。
496795839752208384,LEVEL 1
496795839815122944,LEVEL 2
496795839815122945,LEVEL MAX
496795839831900164,來預測此怪文卡能組合出\n哪些陰謀論以及其可提升的數值暈！
496795839831900165,可以對Q電波接收者使用「陰謀支配的Geass」暈！\n選擇陰謀論後，能將其固定暈。
496795839831900166,要消耗50%的領袖度，固定發生的陰謀論嗎暈？\n（固定後無法變更PO文暈。）
496795839831900167,已固定陰謀論暈！
498294674869616640,XXX0_0216.txt
498294674987057152,XXX4_0909.txt
498294674987057153,XXX5_0106.txt
498294674987057154,XXX5_0421.txt
498294674987057155,XXX5_0303.txt
498294674987057156,XXX5_0901.txt
498294674987057157,XXX7_0715.txt
498294674987057158,XXX7_0909.txt
498294674987057159,XXX7_1224.txt
498294674987057160,XXX8_0327.txt
498294674987057161,XXX3_0413.txt
498294674987057162,XXX4_1018.txt
498294674987057163,XXX4_1129.txt
499259063076552704,已新增日記暈！
499259063118495744,請輸入密碼暈！\n輸入小Q的本名吧暈！
499259063118495756,DIARY.ZIP
499259063126884352,START?
499259063126884353,暈暈電波症候群
499259063126884354,隨它去～吧
499259063126884355,電波的原點暈？？
499259063126884356,電波的原點暈？？
499259063131078656,縺阪?縺薙?縺ｮ縺薙?縺?
499259063131078657,好幸福哦～～
499259063131078658,快快樂樂暈暈
499259063131078659,腦內都是電波～
499259063131078660,把痛苦的事情～通通忘掉
499259063131078661,感恩的100萬次Rim de Lacent
499259063131078662,首頁
499259063131078663,××
499259063131078664,××
499259063131078665,焦點
499259063131078666,××
499259063131078667,××
499259063131078668,小P
499259063131078669,@yunyuniloveyun
499259063131078670,暈暈 I Love Yun♥
499259063131078671,777
499259063131078672,556
499259063131078673,"1,000"
499259063131078674,「小Q是暈暈電波的預言家，所撰寫怪文隱藏著真相」此一陰謀論引發話題。\n據稱內容以特殊的隱寫術進行加密，將「暈」的出現頻率波形化，再透過FFT分析展開光譜，就能發現一般文章不會出現的週期模式。\n<color=#1D9BF0>顯示更多</color>
499259063131078675,Q電波接收者彙整
499259063131078676,"1,000"
499259063131078677,"3,614"
499259063131078678,"4,256"
499259063131078679,「小Q將解放世界，用電波怪文掀起革命」此一陰謀論引發話題。\n\n這名陰謀論者表示：\n「小Q是深層政府的破壞者與革命家，\n暈暈則是解放人民的革命女神。」\n<color=#1D9BF0>顯示更多</color>
499259063131078680,Q電波接收者彙整
499259063131078681,327
499259063131078682,909
499259063131078683,"7,015"
499259063131078684,「深層政府認為Q電波接收者存在隱患，不排除對小Q採取對策」此一陰謀論引發話題。\n\n「Q電波接收者」指的是解讀小Q怪文，並以陰謀論角度來解釋的群體。他們在網路上的影響力正與日俱增。\n<color=#1D9BF0>顯示更多</color>
499259063131078685,Q電波接收者彙整
499259063131078931,混亂到極點的世界
499259063131078932,名為「Q電波接收者」的社群內部，派系鬥爭日益加劇。導火線據說是對小Q與暈暈關係的不同解讀。\n\n目前社群已分裂為「暈Q派」、「Q暈派」、「可逆派」三大勢力。各派在社群媒體與論壇上強調自身主張，每天都爆發激烈筆戰。\n\n某位Q電波接收者表示：「這都是小Q的領袖魅力太高造成的。」
499259063131078934,電波接收者社群爆發派系衝突\n暈Q派、Q暈派、可逆派三方對立
499259063131078935,無名君
499259063131078936,無名君
499259063131078937,無名君
499259063131078938,無名君
499301735589904384,哇哇！\n不小心弄掉了暈！
499349231708045312,排行榜玩家鍵盤
499349231708045313,只有排行榜玩家能使用的鍵盤暈！
499349231712239616,鋁箔風格
499349231712239617,會戴上錫箔帽暈！
499349231712239618,閃亮風格
499349231712239619,會閃閃發光暈！
499349231712239620,蘑菇風格
499349231712239621,會長出蘑菇暈！
499763409287544832,小Q頻道
499763409333682176,晚安暈暈
499763409333682177,Q.E.D暈
499763409333682178,Q Clearly Paranoid
499763409333682179,隨它去～吧
499763409333682180,婚戒
499763409333682181,YUN DIE
499763409333682182,別不理我啊……暈
499763409333682183,快點睡覺暈
499763409333682184,Yun are an idiot
499763409333682185,沒有下次暈
499763409333682186,混亂到極點暈
499763409333682187,全部都是暈
499763409333682188,太尊了暈
499763409333682189,升天暈
499763409333682190,「氣死」只在三國志演舞裡看過暈
499763409333682191,Rim de Lacent
499763409333682192,家裡蹲＋√貓耳＝０
499763409333682193,關掉你（海豚）的方法暈
499763409333682194,修正世界線暈
499763409333682195,再見了……
499763409333682196,反計畫生育暈
499763409333682197,水槽中的Q
499763409333682198,當心第四次元速度暈
499763409333682199,反正不管天國還地獄，都是死人去的暈
499763409333682200,奇蹟和魔法都有極限暈
499763409333682201,就算宣告破產，稅金也不會消失暈
499763409333682202,家裡蹲 of the Dead
499763409333682203,可疑的按鈕不能亂按暈
499763409333682204,來自新世界
499763409333682205,人型機器人會夢見家裡蹲少女嗎暈？
499763409333682206,暗與光的逆轉暈
499763409333682207,DEAD OR ALIVE 人體發電機
499763409333682208,看臉就知道個性暈
499763409333682209,呀啊，自相殘殺
499763409333682210,放置·煉獄·喪失
499763409333682211,電波妄想美少女Q
499763409333682212,網路的末日暈
499763409333682213,錯誤遊戲Reset暈
499763409333682214,家裡蹲宅宅命令你！
499763409333682215,轉吧轉吧！
499763409333682216,扭曲吧～～！！
499763409333682217,錫箔帽
500487460083630080,<<陰謀論影響力>>
500491044795875328,暈暈 I Love Yun♥
500813730281586688,KEY MEMORY 01
500813730323529728,KEY MEMORY 02
501085593167626240,END?
501085593205374976,TRUE END
501085593205374977,BAD END
501085593205374978,IF END
501793678827880455,這首歌還沒解鎖暈。
501793678827880456,未購買
501793678827880457,商店
503028339398836224,小Q百科
503028339482722304,媽媽再也不會來了暈
503028339482722305,現在好像無法使用暈
503028339482722306,無法使用暈
504049219386114048,全部
504424741601443840,這首歌還沒解鎖暈。
504850194686443520,故事第1部暈。序章暈。\n（可發生的陰謀論數量有限暈）
504850194707415040,故事第2部暈！主線部分暈！\n目標是電波度100%暈！\n（多多發生5星的陰謀論暈！）
505542970822524928,■能量飲料
505542970822524929,喝下ZONe，小Q就會進入無我境界！？\n透過遊玩電波歌曲獲得的陰謀論卡，\n★將+1暈！
506512495030206464,Rim de Lacent
506932830615535616,＞暈暈\n……
506932830716198912,要把這些外銷到別的次元去嗎暈？\n※點擊即視為同意使用條款
506985397403942912,故事主線部分暈！\n（多多發生5星的陰謀論暈！）
508098362542817280,AVERAGE
511019755735515136,可以回看SNS上顯示的陰謀論劇情暈。
511019755760680960,■ 給進行直播・錄影的玩家
511019755760680961,本遊戲因演出需要，可能會自動切換至視窗模式。由於桌面畫面可能會被拍攝到，建議<color=#f6669e>僅擷取遊戲畫面</color>。
511019755760680962,■ 關於光敏性癲癇
511019755760680963,本遊戲包含閃爍、閃光以及高速切換的演出。遊玩過程中<color=#f6669e>若感到身體不適，請立即停止遊戲</color>並保持安靜休息。
511637745984241664,END？看完「小Q頻道」之後再點擊暈！
511680602052919296,■媽媽來了模式
511680602090668032,要是有HARDCORE的畫面跑出來，\n搞不好就能接收到特別的電波YUN？
512558277600641024,■媽媽來了模式
512558277600641025,按下Tab，\n就能切換到非～常健全的畫面暈！\n這樣就不會被媽媽發現妳在玩遊戲囉暈！
512823673373229056,指南
512823673406783488,官方網站
