359374716964864,MENÚ PRINCIPAL
359790565429248,NUEVO SUEÑO
697230144606208,Menú
697443559182336,Título
697599742480384,Jugar
699032378314752,Fuera de juego
701075566399488,Menú
701508766699520,Novela
701581047140352,Ajuste
701656469114880,Idioma
701778028433408,Cerrar
702720903778304,Lista de partituras
702949178773504,Cerrar
703432719110144,Conectando
706156462379008,Idioma
706397228011520,Cerrar
372908906425516032,Redes sociales
372908906425516033,Diario
372908906425516034,Explorar cuarto
372908906425516035,Salud
372908906425516036,TODO
372908906425516037,Mis imágenes
372908906429710336,Configuración
372908906429710337,ZIP
372908906429710338,Papelera
372910093082198016,Canción Denpa
372922115467411456,Q
372922115467411457,Yunyun
372922115467411458,PASIÓN
372922115467411459,YUNYUN
372922115467411460,AURA
372929733636292608,NORMAL
372929733636292609,VICIADO
372929733640486912,SIN VIDA
372929733640486913,PRIMERIZO
372929733640486914,RANGO A O MAYOR
372929733640486915,COMBO PERFECTO
372929733640486916,PRECISIÓN 95%+
372929733640486917,⇅ORDENAR
372929733640486918,Voz: {name}
372929733640486919,Comp.: {name}
372929733640486920,Letra: {name}
372936789667774464,⇅ORDENAR
372936789697134592,{name} UP
375435576814501888,Q
375435576835473408,@yunyuniloveyou
375435576835473409,"Yunyun, te adoro."
375435576835473410,Seguidores
375435576835473411,Siguiendo
384731644312059904,boot sequence:::START
384731644341420032,[RECIBIENDO SEÑAL: ENTIDAD YUNYUN]
384731644341420033,....................
384731644341420034,ERROR: SUPERPOSICIÓN DE IDENTIDADES
384731644341420035,fusionando el usuario con la entidad
384731644341420037,SINCRONIZACIÓN COMPLETADA
384731644341420038,TE DAMOS LA BIENVENIDA a Yunyun Syndrome?! Rhythm Psychosis
384732430026833920,Q SYSTEM versión 0.88 \n©Alliance Arts Inc. / Desarrollado por WHO YOU
384744829031186432,SALIR
384746919015120896,CARGAR SUEÑO
384746919073841152,EXTRA
385428742204456960,RÉCORD
385428742242205696,RANGO
385439829188575232,Arr.: {name}
385849607983366144,ERROR#&%@!
385849608025309184,> Yunyun\n¡ARGH! ¡NECESITO MÁS DENPA!
385849608025309185,> Yunyun\n¡Baaah! ¡A tomar por saco!\n¡Vete a CARGAR SUEÑO!
385884829454073856,ERROR#&%@!
385903467410128896,PELÍCULA DE APERTURA
385903467410128897,GALERÍA DE TEMAS
385903467410128898,CRÉDITOS
385903467410128899,> Yunyun\n¡Es una página especial!
385903467426906112,AUTOGUARDADO
385903467426906113,MEMORIA {num}
385903467426906114,▼FECHA\n{dd}/{MM}/{yyyy}\n{time}
385930878222761984,Episodio: {text}
387668255198838784,Map:{name}
391392601318785024,Yunyun Wiki\npediQ
400535952903274496,> Yunyun\n¡Dale caña y sube ese Denpa!
400535952945217536,> Yunyun\n¡Tengo que transmitirle estos sentimientos a Q...!
400535952945217537,> Yunyun\n¡Yunyuuun!
402137850064306176,VOLVER
402152904314748928,Ajustes
402152904352497664,Juego de ritmo
402152904352497665,Conf. Teclas
402152904352497666,Idioma
402250472981954560,> Yunyun\n¡A trastear con los ajustes!
402250473019703296,> Yunyun\n¡A trastear con los ajustes!\nMira aquí para la velocidad del texto.
402250473019703297,> Yunyun\n¡Sigue el ritmo!
402250473019703298,> Yunyun\nConfig. de teclas.
402250473019703299,> Yunyun\n¡Ahora está en español! 
402250473019703300,SISTEMA
402250473019703301,PANTALLA
402250473019703302,VENTANA
402250473019703303,PANTALLA COMPLETA
402250473019703304,SIN BORDES
402250473019703305,RESOLUCIÓN
402250473019703306,3840 x 2160
402250473019703307,2560 x 1440
402250473019703308,1920 x 1080
402250473019703309,1600 x 900
402250473019703310,1440 x 900
402250473019703311,1280 x 720
402250473019703312,Tasa de fotogramas
402250473019703313,Sinc. vertical
402250473019703314,60FPS
402250473019703315,120FPS
402250473019703316,Ilimitada
402250473019703317,Velocidad del texto
402250473019703318,Lenta
402250473019703319,Normal
402250473019703320,Rápida
402250473019703321,MÁX
402250473019703322,Volumen maestro
402250473019703323,Canción Denpa
402250473019703324,Efectos de sistema
402250473019703325,Voz
402250473019703326,Temas
402250473019703327,Efectos de eventos
402250473019703328,Juego de ritmo
402250473019703329,ON
402250473019703330,OFF
402250473019703331,TIPO DE CARRIL
402250473019703332,ANCHO
402250473019703333,ESTRECHO
402250473019703334,CALIBRACIÓN
402250473019703335,MODO ESPEJO
402250473019703336,MULTILÍNEAS
402250473019703337,MOSTRAR PERSONAJE
402250473019703338,¡EFECTO CARTA MANIFIESTO!
402250473019703339,Brillo del fondo
402250473019703340,Config. teclas
402250473019703341,Carril 1
402250473019703342,Carril 2
402250473019703343,Carril 3
402250473019703344,Carril 4
402250473019703345,PUBLICACIÓN
402250473019703346,¡Pulsa la tecla que quieras para configurar «{lane}»!
402250473019703347,日本語
402250473019703348,English
402250473019703349,简体中文
402250473019703350,繁體中文
402250473019703351,한국어
402254292080295936,POR DEFECTO
402257783737712640,VOLUMEN
402258653271457792,0
402258653275652096,MÁX
402259728498065408,TUTORIAL / VISTA PREVIA
402260409682395136,VELOCIDAD DE NOTAS
402262408679292928,Idioma
402503633244160000,> Yunyun
405441114889420800,DIFICULTAD
405862380557467648,PASIÓN
405862380599410688,YUNYUN
405862380599410689,AURA
408050705066262528,Objetos
408094764975685632,Título
408795089361600512,REPETIR
408795089390960640,RENDIRSE
408795089390960641,SEGUIR
408810702364639232,1 ★☆☆☆☆
408810702402387968,2 ★★☆☆☆
408810702402387969,3 ★★★☆☆
408810702402387970,4 ★★★★☆
408810702402387971,5 ★★★★★
410592432146776064,Título
410592432239050752,Predet.
415542925398802432,Título: {title}\nVoz: {singer}\nLetra: {lyricist}\nComp.: {composer}\nArr.: {arran}\nEdición de mapa: {score_editor}
415579311279603712,Yunyun Syndrome!? Rhythm Psychosis Version {version}
415610741573451776,Informar de un error
415610741594423296,Contactar
415610741594423297,TRANSMISIÓN DENPA
415610741594423298,VOLVER
417729278052040704,XDDDD
417806557235019776,TRAGAPERRAS
417806557264379904,RECOM.
420771583285690368,> Yunyun
420771583327633408,¿Recuperar los datos de la Papelera?
420776507809628160,> Yunyun
420776507843182592,¡Introduce la contraseña!\n¡Escribe la muletilla de Yunyun!
420947398027804672,Canción {id}
421834168009392128,¿Saltar vídeo?
423178542169358336,1024 x 576
423178542207107072,854 x 480
424005319653490688,Discord
424005319695433728,¡Falta Nivel Denpa! ¡Necesitas el 100% para transmitir!
424005319695433729,¿Quieres cargar la partida?
424005319695433730,¿Quieres sobrescribir la partida?
424005319695433731,01 La primera señal
424008151483973632,¡No se puede sobrescribir la partida!
424031540604993536,±ERROR TIMING
424352715050745856,AJUSTES
424762825073917952,Teclado
425459214246379520,¿Cómo han interpretado el texto de Q...?
425459214279933952,¿Cómo lo han interpretado los Receptores de Denpa..?
425459214279933953,¿Cómo ha reaccionado Internet...?
425459214279933954,¡El mundo ha elegido...!
425459214279933955,¡¿Qué saldrá?! ¡¿Qué saldrá?!
425459214279933956,¡Qué nervios...! ¡Qué ganas!
426159465076785152,¡Pulsa «Canción Denpa»!
426159465114533888,¡Yunyun! ¡Yunyun!
426159465114533891,¡Objetivo: 20% de PASIÓN!
426159465114533892,¡Sintoniza muuucho Denpa y\nrecupera PASIÓN! 
426159465114533893,¡Objetivo: 40% de PASIÓN!
426159465114533894,¡Sintoniza muuucho Denpa y\nrecupera PASIÓN! 
426159465114533895,¡Objetivo: 50% de PASIÓN!
426159465114533896,¡Sintoniza muuucho Denpa y\nrecupera PASIÓN! 
426159465114533897,¡Objetivo: 50% de YUNYUN!
426159465114533898,¡Envía palabras bonitas mediante el Denpa\ny a Yunyunizar! 
426159465114533899,¡Objetivo: 50% de AURA!
426159465114533900,"¡Con el Denpa de Q, \n cautivaremos al mundo a lo Yunyun! "
426204373489713152,Parece que no tiene fuerzas para moverse.
426943935656656896,NOTAS NATURALES
426943935690211328,¡Pulsa la tecla cuando la nota lleguen a la línea de juicio!
426943935690211329,NOTAS LARGAS
426943935690211330,¡Mantén pulsada la tecla cuando la nota llegue a la línea de juicio!
426943935690211331,NOTAS EN RÁFAGA
426943935690211332,¡Machaca el teclado un numero determinado de veces!
426950895399501824,¿Quieres finalizar el tutorial?
426950895433056256,SIGUIENTE
427623371884363777,Tutorial/Screenshot1
427623371884363778,■Canción Denpa
427623371884363779,"¡Haz clic en una canción Denpa, sigue el ritmo para Sintonizar y pon tu corazón a mil!"
427623371884363780,Tutorial/Screenshot2
427623371884363781,■Aumento del Nivel Denpa
427623371884363782,"Jugar Canciones Denpa, conseguir Logros, recibir Teorías de la conspiración, alcanzar Finales… ¡todo sube tu Nivel Denpa!\n¡Vamos a por el 100 %!"
427623371884363783,Tutorial/Screenshot1
427623371884363784,■Aumento de Salud
427623371884363785,¡Jugar a las canciones Denpa sube la PASIÓN! Los otros parámetros... ¡te los explico luego!
427623371884363786,Tutorial/Screenshot2
427623371884363787,■Carta de Manifiesto
427623371884363788,¡Son los Manifiestos de Q hechos carta!\n¡Combina 3 y súbelas a la red!
427623371884363789,Tutorial/Screenshot2
428239508699512832,FIN DEL TUTORIAL
428239508741455872,Enter
428254632835448832,¿Quieres finalizar el tutorial?
430364152730648576,HIST.
430364152835506176,AUTO
430364152835506177,OMITIR
430364152835506178,VOZ
430514124142837760,Cargando
430531574318137344,¡Aquí se termina la demo!
430754866958336000,¡Contraseña incorrecta!
430899870125162496,■TODO
430899870192271360,¡Aquí verás tus objetivos actuales!
430899870192271361,Tutorial/Screenshot3
430899870192271362,■SALUD
430899870192271363,¡Verás el estado de Q
430899870192271364,Tutorial/Screenshot4
430899870192271365,■EXPLORAR CUARTO
430899870192271366,"Si el corazón de Q tiene suficiente PASIÓN, igual lo podrá hacer."
430899870192271367,Tutorial/Screenshot4
430899870192271368,■CANCIÓN DENPA
430899870192271369,¡Sigue el ritmo de las Canciones Denpa\npara Sintonizar Denpa
430899870192271370,Tutorial/Screenshot1
430899870192271404,■Explorar
430899870192271405,¡Puedes Explorar con un PASIÓN del 20% o más! ¡Investiga por ahí y haz clic!
430899870192271406,Tutorial/Screenshot3
430899870192271407,■Carta de Manifiesto
430899870196465664,¡La Salud varía según el tipo de carta!\n・PASIÓN: +2% de PASIÓN por Estrella de rareza\n・Yunyun: +2% de YUNYUN por Estrella de rareza\n・AURA: +2% de AURA por Estrella de rareza
430899870196465665,Tutorial/Screenshot2
430899870196465666,■Estrellas de rareza de las Cartas de Manifiesto
430899870196465667,"¡Las Cartas de Manifiesto tienen una rareza que abarca desde la 1 a las 5 estrellas! ¡Cuantas más estrellas tenga, mejor será el resultado!"
430899870196465668,Tutorial/Screenshot2
430899870196465669,■Teoría de la conspiración
430899870196465670,"¡Al generar una Teoría de la conspiración, sube el Denpa! ¡A por el 100 %!"
430899870196465671,Tutorial/Screenshot2
430899870196465672,■Nivel de Teoría de la conspiración
430899870196465673,¡Una misma Teoría de la conspiración puede subir de nivel 2 veces! Si sale una de 5 estrellas... ¿pasará algo?
430899870196465674,Tutorial/Screenshot2
430899870196465675,Para tu yo de aquel día:
430899870196465676,Esta es el primer Denpa
430899870196465677,¡Pasión Yunyun!
430899870196465678,Rim de Lacent
430899870196465679,¡A explorar!
430899870196465680,MODO MADRE
430899870196465681,¡Mamá evadida!
430899870196465682,¡Mamá te pilló!
430899870196465683,¡Carga de energía!
430899870196465684,¡Publicando!
430899870196465685,¡Teoría de la conspiración!
430899870196465686,¡El milagro del amor!
430899870196465687,¡Haz la revolución con los Manifiesto de Yunyun!
430899870196465688,¡Receptores de Denpa de Yunyun!
430899870196465689,¡El amor de mis fans es lo más!
430899870196465690,¡Nuevos datos revelados!
430899870196465691,¡P salvaje aparece!
430899870196465692,¡Verificación de datos!
430899870196465693,¡No publiques datos personales!
430899870196465694,"¡Q, la chica Denpa delirante!"
430899870196465695,¡Denpa tóxico de P!
430899870196465696,¡Qué cosa tan triste!
430899870196465697,¡Aún no ha acabado!
430899870196465698,Kurumi se va a mimir.
430899870196465699,¿Esta es el primer Denpa!?
430899870196465700,¿Esta es el primer Denpa!?
431218986526605312,¿Hacemos el tutorial del juego de ritmo?
432448074771759104,MAMÁ
432475509521285120,(La mochila del cole que elegí con papá. Me hizo mucha ilusión que dijera que fuera cuca...)
432475509538062336,(Una figura artesanal que compré en un evento. Ojalá saquen una oficial algún día.)
432475509538062337,"(Ser más proactiva. Ser más proactiva. Ser más proactiva. Mejoraré, mamá. Carta de disculpa.)"
432475509538062338,(La tele enorme de la habitación de papá. Ese rollo retro es un pasote)
432475509538062339,(Una foto del viaje a la nieve que hice con mamá después de que papá se fuera.)
432475509538062340,(La cartera del insti. La papelera. Me robaron todo lo de dentro y me la dejaron hecha un asco.)
432475509538062341,(El póster que venía con la revista por la OVA 2 de «Execution Angel † Guiltina». Ya he arreglado el roto que le hizo mamá.)
432475509538062342,"(Un peluche que vi en una vitrina de alquiler. No es oficial, así que... ¿será artesanal?)"
432475509538062343,"(Funda de dakimakura de Yunyun, edición limitada a 30 unidades en el mundo. Tuve suerte y la conseguí en una subasta.)"
432475509538062344,"(Basura. Mamá se enfada si ensucio el salón, y como no consigo levantarme por la mañana, se va acumulando...)"
432475509538062345,(Un portátil heredado. Estoy intentando escribir una novela. ¡El lore tiene que estar quedando genial!)
432475509538062346,"(Figuras de premio. Me encanta sacarlas en las máquinas de gancho, así que acabo acumulando un montón.)"
432475509538062347,(Fuera da a un callejón de la zona comercial. No sé si esa luz es del sol o de las farolas...)
432475509538062348,(¡Yo soy más de marisco!)
432475509538062349,"(La caja mágica para comer caliente aunque no esté mamá. En el lore, a Yunyun también le gustan los microondas.)"
432475509538062350,"(Rastros de mamá. A veces, al despertarme, las cosas han cambiado de sitio.)"
432475509538062351,"(Abandonad toda esperanza, quienes aquí entráis.)"
432475509538062352,(¿De quién era este abrigo...?)
432475509538062353,(Aguardad. No debéis tocar el Mar de Putrefacción..)
432961279398936576,■Bebida energética
432961279428296704,"¿Quéeeeee? Cuando Q bebe ZONe, ¿entra en Estado de trance?! ¡Las «███████████████████» de las «Canciones Denpa» obtienen +█ ★!"
432961279436685312,Tutorial/Screenshot2
432961279436685313,ZONe
432987649965457408,rimdelacent
432988311977623552,¡Teclado desbloqueado!
432992895437537280,(Tengo que madurar y dejar de ser tonta. El contrato que me hizo frimar mamá. ¡Qué miedo pasé cuando me lo hizo firmar con mi propia sangre.)
432998098089967616,¡Se ha restaurado la «canción Denpa»!
432998098089967617,¡Se ha restaurado una imagen!
432998098089967618,¡La Papelera está vacía!
433074816867794944,Teclado estándar
433074816901349376,¡Es el teclado que usaba papá!
433074816901349377,Teclado molón
433074816901349378,¡Es un Teclado molón para jugar a «Canciones Denpa» en Modo automático! (No afecta a los Logros ni a la puntuación)
433303487230672896,(No tengo fuerzas para moverme. A mi corazón le falta pasión...)
433427943441727488,#???
433702239711952896,Confirmar
433702239821004800,Equipo
435459201915060224,¡No hay suficiente PASIÓN para hablar con mamá!
435459201957003264,¿Hablar con mamá para pedirle que vuelva a casa?
435459201957003265,¿Habré disgustado a mamá...?
435459201957003266,¡Ah! Mamá...
435459201957003267,"¡Hala, está cabreadísima!"
435459201957003268,¡Ahhh! ¡Lo siento! ¡Lo siento mucho!\n¡Me esforzaré por ser una adulta de provecho!
435459201957003269,¡Ahhh!
435459201957003270,"La Nevera está llena, pero la PASIÓN ha bajado..."
435459201957003271,Jeje. Aunque...\nLa verdad es que me gustaría ver a mamá.
435459201957003272,"Perdona, mamá. Sé que estás liada. Pero... ¡hace mucho que no te veo y te echo de menos! ¿Estás bien? ¿Comes algo? Yo solo necesito bebidas energéticas para vivir... ¡Ah! Creo que no quedan en la nevera. Perdona por ser tan especialita con la comida. Por mucho que me riñas, no soy capaz de cambiar. Soy un desastre, lo sé. Me sabe mal, de verdad. Perdona, me he ido del tema. Sé que es un rollo volver a casa. Que el curro (?) pilla lejos y estás ocupada. Pero quiero verte. Los estudios no me van bien y no soy buena hija, pero me haría ilusión verte. ¿Porfi?"
435459201957003273,"Mamá, ¿cómo estás? Yo tiro gracias a ""Yunyun"". Pero en la realidad estoy sola, y solo pienso en ti. Por eso te he escrito. Soy una pesada, ¿eh? Pero de verdad, ojalá vuelvas a casa, aunque sea un rato. Si me abrazas, siento que mi PASIÓN subirá un montón. Perdona por ser egoísta. Contéstame, porfa.\nY si vuelves... perdona, pero ¿podrías reponer los fideos instantáneos y las bebidas energéticas? Me harías feliz. No voy a clase ni curro, y encima pidiendo... Lo siento. Soy una nini inútil."
435459201957003274,"¡Yunyuuun! ¡Rim de Lacent! ¡Q tiene el corazón a mil gracias a mi Denpa de amor! ¿Qué tal tú en el trabajo, mamá? ¿Te palpita el corazón? ¿No estás cansada? ¡Te envío Denpa de amor a ti, que siempre te esfuerzas tanto! Eres increíble, guapa, responsable y mi orgullo. ¡Te quiero! ¡Te quiero! ¡Te adoro! ¡Te amo! Así que no te fuerces y descansa un poco, ¿vale? ¡Y puedes hacerlo en casa tranquilamente!\n¡Que yo también estoy en casa!\n(¡Tu hija, hambrienta en cuerpo y alma, espera que vuelvas!)"
435459201957003275,"¡mamá! ( ´∀｀)σ)∀)\n¿Dónde estás y qué están haciendo? (´・ω・)\nYo estoy...\n¡Haciendo el vago en el PC! (；´Д｀)\n\nOye, mamá...\n¿Estás por ahí con tu churri? ( ﾟдﾟ )\nSeguro que te lo estás pasando genial, ¡pero me siento superabandonada y me dan ganas de llorar! (´・ω・｀) Por eso te he mandado el mensaje m9(Д)JAJA\n\nLa verdad es que solo quiero que vengas y verte la cara (〃▽〃)\nSé que soy una egoísta, pero\nquiero que me contestes al menos (´・∀・｀)\n\nSi vuelves, tengo una favoricillo que pedirte (；´∀｀)\n¿Me compras algo de bollería o fideos instantáneos? Un poco me vale.\n¡Pero lo más importante son las bebidas energéticas! (ﾟ∀ﾟ)\nSé que soy un desastre que ni estudia ni trabaja (ヽ´ω`)\n\nPero no quiero que tú me abandones."
435459201957003276,"Oye... Madre (mamá), ¿qué flores vendes en ese trabajo?\nOye... Madre (mamá), ¿qué alcohol bebes en ese trabajo?\nOye... Madre (mamá), ¿ya no te duele el cuerpo en ese trabajo?\nOye... Madre (mamá), ¿no podemos estar juntas en ese trabajo?\nOye... Madre (mamá)...\n(mamá, tu generación escuchaba a este artista, ¿no? Jeje)"
435459201957003277,¡Mamáaaaaa!\n¿Vas a volver a casa?
435459201957003278,"Perdona que te escriba así de repente. Estoy genial. Como ya me dijiste, solo quiero vivir en paz sin molestar a nadie. Quiero ponerme a estudiar en serio. No quiero seguir siendo una hikikomori y meterte en movidas. Quiero hacer las cosas bien."
435459201957003279,"Mamá, estoy intentando dar lo mejor de mí."
435459201957003280,¡Ánimo con el trabajo! Ah. No pretendo presionarte. Solo quiero que estés bien...
435459201957003281,"Mamá, no te preocupes por mí.\nEstoy bien."
435459201957003282,Te quiero mucho.
435469093350572032,¡Q\nU\nI\nE\nR\nO\n\nV\nE\nR\n\nA\n\nM\nA\nM\nI\n! ¡Estoy sola y tengo hambre!
435543370896670720,Leído
435902026695737344,¡Cambia de pantalla con la tecla Tab!
436301150398087168,■CAMBIAR MODO
436301150431641600,¡El modo no afecta al progreso!\n 【NORMAL】 Recomendado.\n 【VICIADO】 Un buen desafío.\n 【ADICTO】 Un desafío aún mayor.\n 【SIN VIDA】 Solo para la crème de la crème.
436301150431641601,■NORMAL
436301150431641602,¡Timing de sintonización en NORMAL!\n ・PERFECT：±50\n ・GREAT：±101\n ・GOOD：±191
436301150431641603,■VICIADO
436301150431641604,¡Timing de sintonización en VICIADO!\n ・PERFECT：±33\n ・GREAT：±66\n ・GOOD：±151
436301150431641605,■ADICTO
436301150431641606,¡Timing de sintonización en ADICTO!\n ・PERFECT：±33\n ・GREAT：±66\n ・GOOD：±101
436313355180998656,■TIPO DE CARRIL
436313355214553088,¡Elige entre Modo Ancho\ny Modo Estrecho!
436313355214553089,■VELOCIDAD DE NOTAS
436313355214553090,¡Cambia la velocidad de las Notas!
436313355214553091,■±ERROR TIMING
436313355214553092,¡Muestra el error respecto respecto del PERFECTO
436313355214553093,■CALIBRACIÓN
436313355214553094,"¡Ajusta la Calibración, \n\nSi el error suele ser de +5.0,\n¡ponla en -5.0 para acercarte a 0!"
436313355214553095,■MODO ESPEJO
436313355214553096,¡Las Notas se invierten horizontalmente!
436313355214553097,■MULTILÍNEAS
436313355214553098,¡Verás qué Notas pulsar a la vez!
436313355214553099,■¡EFECTO CARTA MANIFIESTO!
436313355214553100,¡El efecto de la Carta de Manifiesto desaparece!
436322615243735040,■MOSTRAR PERSONAJE
436322615264706560,¡La gente... desaparecerá...!
436322615264706561,■¡EFECTO CARTA MANIFIESTO!
436322615264706562,¡El efecto de la Carta de Manifiesto desaparece\n¿No sabes qué es?\n¡Avanza un poco más en este sueño
436322615264706563,■BRILLO DEL FONDO
436322615264706564,¡Puedes subir o bajar el brillo! ¡Ajusta la visibilidad de las Notas!
436322615264706565,■Conf. teclas
436322615264706566,¡Puedes subir o bajar el brillo! ¡Ajusta la visibilidad de las Notas!
436322615264706567,■Logros
436322615264706568,"¡Si los consigues, subirá tu Nivel Denpa! Son comunes a todos los sueños. ¡Jugar canciones nuevas es lo más eficiente!"
436489289930539008,■MAMÁ
436489289964093440,"Q hablará con su madre. Perderás un 50% de PASIÓN, pero se te llenará la nevera."
436557321067462656,■Nivel Denpa
436557321121988608,"¡El objetivo de este juego llegar al 100 %!\n\n¡Todo para enviarle una ""TRANSMISIÓN DENPA"" a Q!"
436636402375098368,■MODO MADRE
436636402400264192,"¡Pulsa tab para poner que salga algo decente en la pantalla! Aunque tu madre vea lo que haces, no se dará cuenta de que estás viciando."
437990325392408576,"¿Iniciar AUTO-FUSIÓN YUNYUN?\n(YUNYUN -50 %. Durante 15 min se reproducirán ""Canciones Denpa"" y se generarán ""Teorías de la conspiración"" de hasta 4 estrellas aleatoriamente.)"
437990325430157312,Tiempo restante
437990325430157313,Teorías de la conspiración generadas
437990325430157314,¿Cancelar el Modo Fusión Yunyun?
438030621417308160,Prob. conspiración
438030621417308161,■AUTO-FUSIÓN YUNYUN
438030621417308162,¡Arrastra y suelta a Yunyun sobre Q! ¡Consume un 50 % de YUNYUN! ¡Sintonizarás «Canciones Denpa» al azar durante 15 min! ¡Y aparecerán Teorías de la conspiración de hasta 4 estrellas!
438203185234083840,¡Falta YUNYUN!
439051954611716096,CALIBRACIÓN AUDIO
439051954645270528,■CALIBRACIÓN AUDIO
439051954645270529,¡Ajusta el retardo entre Canciones Denpa y Notas! Útil para auriculares Bluetooth.
439204674949775360,Publicar
440239443036766208,¡Elige 3 textos de Q para publicar!
440239443074514944,MEJORA DE STATS
440310121102475264,TERMINAR
440355190618619904,¡¡Qué alegría que hayas jugado!!
440953566032723968,Efectos de teclado
440953566074667008,Efectos de sonido
440953566074667009,Voz
442048202323165184,Menudo Manifiesto.
442048202352525312,"Me parto, se lo han tomado como una Teoría de la conspiración."
442048202352525313,Profecía sísmica de Yunyun
442048202352525314,Yunyun parece alelada
442048202352525315,Yunyun está acabada
442048202352525316,¿A qué viene este revuelo? jeje
442048202352525317,Qué mal rollo
442048202352525318,¿Q va en serio?
442048202352525319,Qué grima
442048202352525320,Verificación de datos
442048202352525321,Yunyun jejeje
442048202352525322,¿Yunyun es\nese tipo de personaje?
442048202352525323,Denunciada
442048202352525324,Qué yuyu
442048202352525325,Jajaja
442048202352525326,¿Es una profetisa de verdad?
442048202352525327,Q es Dios.
442048202352525328,"Adoro a Yunyun. De verdad, muchísimo. En serio. No os lo podéis ni imaginar. La quiero tanto que no tengo palabras y hay un 99 % de probabilidades de que sea una obsesión enfermiza. Así que no os montéis películas con mis sentimientos. Yunyun es..."
442048202356719616,Receptores de Denpa de Q jeje
442048202356719617,He analizado seriamente el Manifiesto que vi en redes sociales.\n\n【Manifiesto misterioso】¿¡El Manifiesto de Q es un código especial que predice terremotos con la escala de «yun»!?\n¿En qué se basa que el Manifiesto de Q sea un código y cuáles son las fechas de los terremotos?\n<color=#1D9BF0>qtube.be/fgjhk...</color>
442050459194261504,"[Alerta sísmica] Intensidad 5 débil en la ciudad XX, prefectura de XX. No se prevé riesgo de tsunami."
442050459194261505,"La Agencia Meteorológica de ××××× informa de un terremoto de 5 grados Shindo registrado sobre las XX:XX con el epicentro en ×××××××, ×××××. Se están evaluando los daños personales y materiales."
443938154648600576,Yunyun Syndrome!? Rhythm Psychosis Demo Version {version}
446052779343118336,30FPS
446082796936658944,Brillo F. Pista
446082796974407680,Brillo F. Giro
446086295816667136,■Brillo F. Pista
446086295850221568,¡Puedes subir o bajar el brillo! ¡Ajusta la visibilidad de las Notas!
446086295850221569,■Brillo F. Giro
446086295850221570,¡Puedes subir o bajar el brillo! ¡Es para quienes les molesta el parpadeo!
450611467881971712,AUTO
450624822927589376,Calibrar
450624822956949504,¡Pulsa Enter al son del ritmo!\n¡Ajustaremos el valor ideal según tus últimas 4 pulsaciones!\n(¡Mantener pulsado para aplicar!)
450624822956949505,Aplicar
450624822956949506,Calibrar audio (Media): {time}
450624822956949507,¿Salir de Calibrar audio (Auto)?
451505832514977792,ADICTO
451505832586280960,【RANKING MENSUAL】
451505832586280961,ACTUALIZAR
451505832586280963,DIFICULTAD
451505832586280964,PUESTO
451505832586280965,NOMBRE USUARIO
451505832586280966,PROGRESO
451505832586280967,PUNTUACIÓN
451505832586280968,Observing Glitch “YUN-YUN” -Fragment-
451505832586280969,Observing Glitch “YUN-YUN” -Shape-
451505832586280970,Observing Glitch “YUN-YUN” -Entity-
451505832586280971,Desktop Society
451505832586280972,Glittering Trap
451505832586280973,3NCRYP7ED_H4Z3
451505832586280974,Collapsed Ordinary
451505832586280975,KAKUSEI☆SYNDROME
451505832586280976,Thanks for playing
451505832586280977,EXC3PT!ON_H4NDL1NG
451505832586280978,NOISYVERSE
451505832586280979,EMERGENCY
451505832586280980,Disconnected
451505832586280981,Wail
451505832586280982,P1XEL_HE4RT_MEM0RY_DVMP
451505832586280983,My Heart
451505832586280984,Hollow
451505832586280985,MADDDD
451505832586280986,Solace
451505832586280987,A Pause in Passing
451506460008022016,CANCIÓN
453614789639438336,Base
453614789735907328,DLC
454781211610611712,■SIN VIDA
454781211644166144,¡Timing de sintonización en SIN VIDA!\n ・PERFECT：±21\n ・GREAT：±41\n ・GOOD：±101
454781211644166145,■Ranking mensual
454786337998012416,¡Ranking de puntuación de Canciones Denpa! ¡Se reinicia a principios de mes! (El primer reinicio está previsto para el 1 de junio de 2026).
461688025463816192,Vibración de pantalla
461692780747587584,■VIBRACIÓN DE PANTALLA
461692780781142016,¡Activa o desactiva la Vibración de pantalla
486178414132363264,Qfaminicogamer
486178414182694912,"¡Yunyun, el personaje que arrasa en la red!\n¡Su autor y actriz de voz hablan maravillas de ella!\n\n<color=#1D9BF0>qnews.be/news/6699....</color>\n\n¿Q y la obra original guardan algún tipo de relación?\nWHO YOU: «La verdadera cara de Q es...»"
486179209334652928,El autor nos devela:\n¿Cuál es la verdad detrás de Yunyun?
486669372439560192,"> Yunyun\nQ, el shock te destrozó el corazón."
486669372481503232,> Yunyun\nLa vida está llena de momentos dolorosos.
486669372481503233,> Yunyun\nPara hacer llegar el Denpa de Yunyun al corazón de Q...
486669372481503234,"> Yunyun\nQ, Q, Q. Q, Q, Q..."
486669372481503235,"> Yunyun\nMientras sigas viva, a Yunyun le da igual si tienes la cabeza en otra parte."
486669372481503236,"> Yunyun\n100 % superado. Espera por Yunyun, Q."
486669372481503237,> Yunyun\n¡Yo vivo para llenar tu corazón!
486669372481503238,> Yunyun\nJejeje. Hoy es el cumpleaños de Yunyun.
486669372481503239,"> Yunyun\n¡Feliz cumple, Q!"
486669372481503240,> Yunyun\n¡Feliz Año Nuevo!
486669372481503241,> Yunyun\n¡Feliz Navidad! Que los locals se vayan al carajo.
486669372481503242,> Yunyun\n¿Por qué solo está Yunyun aquí?
486669372481503243,> Yunyun\nHabíamos prometido estar siempre juntas...
486669372481503244,"> Yunyun\nOh, así que esta es la mente de Q rota..."
486669372481503245,> Yunyun\nTodo eran mis recuerdos...\nUna ensoñación mía dentro de la mente de Q.
486669372481503246,> Yunyun\nYunyun Syndrome!? Rhythm Psychosis...
486669372481503247,"> Yunyun\nBueno, así puedo enviarle Denpa a Q sin recuerdos de ningún tipo."
486669372481503248,> Yunyun\nRim de Lacent.
486669372498280448,"16 de febrero, año XX0.\npapá se divorció y se marchó.\n\nDicen que la culpa fue\nde un ¿amigo? de mamá.\n\nParece que quedará conmigo\nuna vez cada 3 meses, como siempre.\n\n«Papá nunca dejará de ser tu papá».\nMe decía mientras me acariciaba la cabeza.\n\nEs mi papá, así que supongo que es normal.\n\nMi apellido ya no es el mismo, desde hoy\nme llamo «Kurumi Kurusu».\n\nSe lo conté a mis amigas y Yuri\nme bautizó como ""Q"" porque mi nombre y \napellido empiezan por la sílaba ""Ku""\n\nRei dice que suena cuqui.\n\nEntonces, guay, ¿no?"
486669372498280449,"9 de septiembre, año XX4.\nEste año solo he visto a papá una vez.\nSiento que cuando empiece la secundaria lo veré mucho, mucho menos.\n\n«Kurumi, tienes una hermanastra».\nEso me soltó.\n\nY eso que dijo que siempre sería el papá de Kurumi.\nVaya mentiroso.\n\nSolo me queda mamá.\nMamá es solo mía."
486669372498280450,"6 de enero, año XX5.\nMe mudo con mamá.\n\nPapá nos da menos dinero.\nmamá se enfadó y me rompió la taza.\n\nMe cambiaré a un colegio público en el nuevo barrio.\n\nIré a un instituto distinto al de mis amigas de clase,\nYuri y Rei."
486669372498280451,"21 de abril, año XX5.\nEn esta ciudad, no solo el colegio, también el instituto me rompen el corazón.\n\nTengo miedo.\n\nPero... tengo que esforzarme.\nNo quiero ser una molestia para mamá.\nElla se esfuerza trabajando hasta tarde."
486669372498280452,"3 de marzo, año XX5.\n«A ti tampoco te quería papá, Kurumi».\nmamá se rió al decírmelo.\n\nEs verdad, ¿no?\n\nSi yo fuera lo que papá más quería,\nno nos habríamos separado y no se habría divorciado de mamá.\nNo habría reducido la manutención ni nada de eso.\n\nMamá, papá.\n\nPerdón por no ser amada.\nPerdón por no ser una niña mona.\n\nPerdón por ser como soy."
486669372498280453,"1 de septiembre, año XX5.\nYa no quiero salir de casa.\nAunque no vaya a clase, total, a nadie le importa.\n\n¿Por qué?\n\nMe bastaría con ser Normal.\nMe bastaría con no ser una desgraciada.\nNo hace falta que sea feliz.\n\n¿Por qué... nadie me permite ni siquiera eso?\n\nSolo quiero no pasarlo mal.\nSolo quiero no sentirme fatal.\n\nNo me hagáis más daño, por favor."
486669372498280454,"15 de julio, año XX7.\nCada vez es más frecuente que mamá no vuelva hasta la mañana.\n\nOdio a los amigos de mamá.\n\nMamá, solo mamá, era mía.\n¿Por qué se va con esa gente...?"
486669372498280455,"9 de septiembre, año XX7.\nEs mi cumpleaños y estoy sola hasta la mañana.\nNo dormí de la pena que sentía.\n\n¿Y si ni papá ni mamá me quieren ya?\n¿Y si ni a mis padres les doy igual?\n¿Y si se olvidan de mí?\n\n¿Qué soy yo?\n¿Para qué he nacido?\n\nNo quería sentirme así.\n\nSi no todo era una farsa.\nSi se iban a deshacer de mí de todas formas.\n\nNo quería que fingieran que me amaban.\n\nNo soy una mascota.\nEs de malas personas que solo me quisieran de peque."
486669372498280456,"24 de diciembre, año XX7.\nUna Navidad solita.\n(Aunque tampoco es que me interese la Navidad).\n\nUn personaje llamado Yunyun\nme ha subido el ánimo\n\n¡Rim de Lacent!\n\nEs de un anime de hace más de 10 años.\n\nSu pureza me llega al alma. El sol de la mañana me deslumbra."
486669372498280457,"27 de marzo, año XX8.\nNo quiero ir al instituto."
486669372498280458,"13 de abril, año XX3.\nSin darme cuenta, ya he cumplido 20 años.\nMamá, cada vez que vuelve, me...\n\nClaro, es un engorro, ¿no? Que le haya salido la hija así.\n\nQuiero olvidar todo lo malo.\nMe basta con pensar en Yunyun.\n\nNo hace falta ser feliz en la realidad.\nDe la imaginación. De la alucinación.\n\nOjalá pudiera disfrutar un poquito más de la felicidad\nen el mundo de ficción."
486669372498280459,"18 de octubre, año XX4.\nEstar en casa.\nNo trabajar.\nNo estudiar.\nEstar siempre escapando de la realidad.\nEstar aquí sin hacer nada.\n\nParece que mamá odia todo eso.\n\nPerdón por no poder ser un ser humano decente.\nPerdón por ser así.\n\nPerdón por no ser una chica guapa ni una buena chica.\nPerdón. Perdón."
486669372498280460,"29 de noviembre, año XX4.\nQuiero olvidarme de todo.\nQuiero que todo de vueltas.\n\nLa realidad, yo misma, todo.\nQuiero olvidar el dolor.\nQuiero volverme tonta.\nQuiero escapar.\n\nQuiero decir Rim de Lacent.\n\nYunyun, ayúdame."
488711951800762368,> Yunyun\nPor eso... Yunyun...
488711951834316800,"> Yunyun\nPor eso quiero que sonrías, aunque solo sea un poco, en este mundo de ficción."
488711951834316801,> Yunyun\nSolo queda la mitad...
488711951834316802,> Yunyun\nNo te preocupes. Todo irá bien.\nYunyun siempre estará a tu lado.
488711951834316803,> Yunyun\nOjalá que la realidad que te hace la vida imposible sufra una sacudida.
488711951834316804,> Yunyun\nTe envío Denpa.
488711951867871232,Q-Logos 0: Solo yo puedo amarme de verdad
488711951867871233,Q-Logos I: La realidad es cruel
488711951867871234,Mamá ha muerto.
488711951867871235,Q-Logos II: Los demás no me amarán de verdad
488711951867871236,Ni mamá ni papá me han amado
488711951867871237,Q-Logos III: Los demás no me salvarán
488711951867871238,Estaré siempre sola
488711951867871239,Q-Logos IV: Solo la ficción es la salvación
488711951867871240,Solo la ficción me ama
488711951867871241,Q-Logos V: Yunyun es mi ensoñación
488711951867871242,Es mi otro yo
488711951867871243,Q-Logos VI: Este mundo es básicamente mi Denpa mental
488711951867871244,"Los sueños, sueños son"
488711951867871245,Q-Logos VII: Solo el Denpa puede curarme
488711951867871246,La injusticia de la realidad me hizo trizas
488711951867871247,Q-Logos VIII: Solo yo puedo salvarme a mí misma
488711951867871248,—Yunyun es mi única salvación. Y Yunyun soy yo
488711951867871249,Q-Logos IX: Mi Denpa destruirá el mundo
488711951867871250,"Estoy loca, qué se le va a hacer"
488711951867871251,YUN-Logos: Yunyun Syndrome!? Rhythm Psychosis
488711951867871252,Este mundo es el Denpa de Q
489200077660913664,¡Liquidaremos al Equipo P en las redes!
489200077673496576,¡Consigue que la Influencia de Q\nllegue al 70 % o más!
489200077673496577,¡Activa un montón de Teorías de la conspiración de 5 estrellas!
489200077673496578,¡Activa finales con Teorías de la conspiración de 5 estrellas y alcanza el 100 % de nivel Denpa!
489200077673496583,¡Detendremos a P!
489200077673496584,¡A por el 100 % de Influencia!\n¡Causaremos mareo con el Denpa de Q!
489200077673496585,Que pase lo que tenga que pasar
489200077673496586,"Si Q es feliz, \nEntonces Yunyun..."
490310779050033152,Cancelar publicación
490310779100364800,■Cancelar publicación
490310779100364801,¡Cancelar la publicación del manifiesto y anular las teorías de la conspiración!
490310779100364802,Jejeje. ¡Podré ver a Mami!
490310779100364803,"Tengo miedo, pero... Mami es mi única Mami."
490310779100364804,Echo de menos su 'ya estoy en casa' y sus abrazos...
491313981358768128,■Cancelar publicación
491313981400711168,¡Cancelar la publicación del manifiesto y anular las teorías de la conspiración!\n¿No sabes qué es?\n¡Avanza un poco más en este sueño!
491313981417488384,"¡¡Con esto, me meto en el Estado de trance invencible!!"
491313981417488385,¡Energía! ¡Inyección con un MUAC!
491313981417488386,"¡Energía! ¡GLU, GLU! ¡Con esto voy a tope!"
491313981417488387,¡¡¡Subidóoooon!!!
491313981417488388,"Jejeje, ¡eso es! ¡Nadie me frenará!"
491313981417488389,¡¡Fusión de almas!!
491313981417488390,¡¡Energía a tope!!
491313981417488391,¡¡MODO YUNYUN!!
491313981417488392,¡¡MODO HIPERCONCENTRACIÓN!!
491313981417488393,¡A escribir un Manifiesto con Yunyun!
491313981417488394,¡El Teclado (valentía) que alzamos\n no es para insultarnos! 
491313981417488395,¡Siento un nuevo Denpa!
491313981417488396,¡La pasión fluye por mi cuerpo!
491313981417488397,¡Me alegra que hayas sintonizado Denpa!
491313981417488398,¿Pasó algo así?
491313981417488399,"No quiero recordar el pasado, ¿sabes?"
491313981417488400,"Si ahora me lo paso bien, ni tan mal."
491313981417488401,¡Son 5 estrellas!
491313981417488402,¡Un cofre del tesoro!
491313981417488403,"¡Pum pum, Yun yun, piun piun !"
491313981417488404,¡Vuelve a sintonizar Denpa!
491313981417488405,¿Te latió con pasión el corazón?
491313981417488406,¡Me alegra que hayas sintonizado!
491313981417488407,¡Volvamos a Yunyunizarnos!
492511546183942144,0 ☆☆☆☆☆
492511546183942145,■Geass del control conspiranoico
492511546183942146,"¡Controla a los Receptores de Denpa de Q con Denpa!\nTu AURA bajará un 50%,\n¡pero a cambio podrás fijar la teoría de la conspiración generada!"
494270830466990080,Rechazar el Denpa
494270830500544512,Sintonizar el Denpa
494270830500544513,¿Quieres DESINSTALAR «Yunyun Syndrome!? Rhythm Psychosis»?
494270830500544514,Se procederá a DESINSTALAR «Yunyun Syndrome!? Rhythm Psychosis».
494270830500544515,Debes DESINSTALAR «Yunyun Syndrome!? Rhythm Psychosis».
494270830500544516,Voy a DESINSTALAR «Yunyun Syndrome!? Rhythm Psychosis».
494270830500544517,DESINSTALAR
494270830500544518,No DESINSTALAR
494270830500544519,Aumento de Manif. YUNYUN
494270830500544520,"Observados signos de Colapso Dimensional. Una gran cantidad de Información emergente filtrada a la Otra dimensión ha excedido el Límite de Almacenamiento de la Interfaz Dimensional (Information Capacity Threshold). Como resultado, la Fase de Frontera se ha desestabilizado, formando un canal de información interdimensional espontáneo. Es muy probable que este fenómeno sea la fase inicial de un Colapso Dimensional. Se estima que la fuente es un Evento de Difusión No Convergente originado por Yunyun y Q."
494270830500544521,Te odio tanto que hasta me ha dado la sarna. Ojalá te metan en una perrera.
494270830500544522,No hay quién no sepa de ello
494270830500544523,Popular en ciertos ambientes
494270830500544524,Pasado de moda
494270830500544525,Las dos fuisteis felices bajo el cielo azul
494270830500544526,WORLDLINE ERROR DETECTED.MALFUNCTION CAUSED BY FOREIGN ENTITY.
494270830500544527,CRITICAL DESYNCHRONIZATION DETECTED.ENDING STATE MAY BE AFFECTED.INITIATING REBOOT FOR WORLDLINE RECOVERY.
494270830500544528,"¿Te sientes sola?\nNo debe existir en este mundo felicidad que se obtenga sin esfuerzo.\nLa eternidad existe\nDéjame acabar ya\nAl final no había ningún Dios\n\nAaaah, aaaaaah"
494270830500544529,«No debe existir en este mundo felicidad que se obtenga sin esfuerzo.»
494270830500544530,«La eternidad existe»
494270830500544531,«Déjame acabar ya»
494270830500544532,«Al final no había ningún Dios»
494270830500544533,"«Aaaah, aaaaaah"
494270830500544534,"【ÚLTIMA HORA】 Prohibición total del Contenido romántico: el Gobierno valida la conspiración de «baja productividad por Satanismo». 【Desde Ciudad Central】 El Comité de Ética de la Información Gubernamental ha anunciado hoy que, tras investigar la vieja teoría de la conspiración que afirma que «los satánicos usan el Contenido romántico para reducir la productividad humana», ha certificado su veracidad en el mundo de la ficción. Por ello, los juegos, mangas y novelas de romance, así como las obras audiovisuales de esta temática, pasan al Índice de Libros Prohibidos. Las obras en circulación serán retiradas y quemadas."
494270830500544535,Satánicos detrás de la industria del romance
494270830500544537,Yo también soy un Bot que adora a Yunyun.
494270830500544538,«Te equivocas»
494270830500544539,«Te equivocas»
494270830500544540,"«Soy un bicho raro, pero no un Bot»"
494270830500544541,«Te equivocas»
494270830500544542,"«Soy un bicho raro, pero no un Bot»"
494270830500544543,"«Soy un bicho raro, pero no un Bot»"
494270830500544544,Los creyentes del «Culto a Q» han decidido comprar los terrenos en un radio de 5 km alrededor de la «casa de Q» y sellar la zona como tierra santa
494270830500544545,Unos creyentes de... ¿una religión? están bloqueando el camino a casa.
494270830500544546,"Tus fieles me dijeron que vendiera el piso, así que lo he vendido. Dicen que ellos te van a mantener a partir de ahora. Me alegro por ti. Venga, adiós."
494270830500544547,"Las escuelas de todo el país han explotado de repente. Gracias al Cielo, hay 0 heridos o fallecidos. Ante la posibilidad de que sea un acto terrorista, se ha decretado el toque de queda total."
494270830500544548,Querida Kurumi: \nojala´haber sido una madre mejor. Mejoraré.
494270830500544549,"Hablé con tu tía y dice que le parece bien acogerte. ¡Qué bien, ¿eh?! Seguro que ella va a ser una madre estupenda. Mira, es que con mi novio estoy esperando un nuevo hij..."
494270830500544550,"Estoy bien. Te esperaré solita a que vuelvas, mamá."
494270830500544551,"Confío en que estés bien, pero estoy un poquito preocupada."
494270830500544552,28 días desde el brote Zombi. Se advierte de que los Zombis evolucionados han empezado a imitar sus hábitos en vida.
494270830500544553,Abrir ■■ Canción Denpa
494270830500544554,¡Parece que está roto!
494270830500544555,C■mpletado total: Ejecutar
494270830500544556,MODO SEGURO: Ejecutar
494270830500544557,¡Ahora no hace falta!
494270830500544558,Esto es una prueba: hola.
494270830500544559,"Conatos de incendio por todo el país. ¡¿Humanos en llamas?! Se confirma que son Androides. Milagrosamente, parece haber 0 víctimas."
494270830500544560,"Mamá, me he enterado de que ahí afuera hay una locura de incendios. Ten cuidado, porfa."
494270830500544561,P@r# K$r%m&
494270830500544562,"Estoy bieeen. Mamá está a salvo. Van a poner el toque de queda, así que me vuelvo ahora."
494270830500544563,asdfghjklñ
494270830500544564,"No puedo más. Odio a los pringados y a los otakus. ¿Por qué me pasa esto a mí? Son lo peor de lo peor y, encima, soy uno de ellos."
494270830500544565,"Mamá. Verás, ¡me han nombrado ""Doctor Honoris Causa""! Me ha reconocido una autoridad en la ""Moelogía"" esa de la que hablan en las noticias. ¡Así que ya no tienes que preocuparte por mis estudios!"
494270830500544566,"Doctora Honoris Causa ja, ja. ¿Y con eso vas a encontrar trabajo el día de mañana? ¿Te pirarás de esta casa? Qué ganas tengo..."
494270830500544567,Para mi queridísima Kurumi. Siento llegar tarde hoy. Cuando llegue te haré esas hamburguesas que tanto te gustan y cenaremos juntas. ¡Te quierooo! PD: Después de cenar seguimos con el juego de mesa.
494270830500544568,"Mamá, acabo de escuchar que se han venido abajo varios edificios en la zona de negocios. ¿Estás bien? ¡Cuídate! que estoy preocupadísima."
494270830500544569,Estoy bien. La oficina se ha ido al garete. No voy a poder ir al trabajo en una temporada.
494270830500544570,"Lo he estado pensando y la palabra ""mamá"" también es un recordatorio de esclavitud. Entiendes que quiero dejar de ser tu madre, ¿verdad? Ya eres mayor de edad, así que basta ya. Yo también quiero liberarme de la esclavitud de una vez."
494270830500544571,¿Qué tengo que hacer para dejar de ser tu madre? ¡Qué alguien me ayude! Quiero librarme de esa carga.
494270830500544572,No vuelvas a llamarme mamá nunca más.
494270830500544573,DEJA LAS REDES. ¡Deja de ser un esclavo! ¡Vuelve a ser humano!
494270830500544574,Oleada de amenazas de muerte a los Activistas Anti-RRSS. Sus detractores han empezado a agradir a sus usuarios.
494270830500544576,¿Será que no es un terrícola?
494270830500544577,¿No ha superado ya a la población mundial?
496371812655071232,¿Yunyun sigue siendo popular en el año 2112?
496371812697014272,¡Ha salido una seta!
496399230371528704,¿INICIAR REALIDAD?
496417239475585024,Ahora no puedes agarrarlo.
496417239572054016,Esta función ya no está disponible.
496417908630650880,∞  ERROR
496417908647428096,"Legalmente, la relación de ""padres e hijos"" ya no existe. Desde hoy somos unas completas desconocidas. Qué alivio, de verdad... No me vuelvas a llamar mamá. Y quiero que te vayas de casa el mes que viene..."
496681509798969344,RECUPERACIÓN
496681509815746560,"¿Reiniciar los «Recuerdos de Yunyun»?\n※ La puntuación, las canciones obtenidas y My Pictures no se reiniciarán.\n※ El Nivel Denpa no vinculado a la puntuación se reiniciará."
496681509815746561,"> Yunyun\n""RECUPERACIÓN"", eh...\n¿Osea, devolver el nivel de Denpa del mundo a su nivel original?"
496681509815746562,> Yunyun\n¿Esto incluye mis recuerdos?
496681509815746563,"> Yunyun\nBueno, si no me acuerdo de nada, podré disfrutar a tope con Q como si fuera la primera vez"
496681509815746564,"> Yunyun\nVaya, entonces esto no es más que un infierno feliz sin final."
496795839752208384,NIVEL 1
496795839815122944,NIVEL 2
496795839815122945,NIVEL MÁX
496795839831900160,¡Sintoniza Denpa!
496795839831900161,Saborea el Denpa del mundo de Q \n hasta el final
496795839831900162,¿Una RECUPERACIÓN?
496795839831900163,"Si hacemos una RECUPERACIÓN del mundo, podré estar otra vez con Q sin que se acuerde de nada..."
496795839831900164,¡Aquí tienes la previsión de las teorías que saldrán al combinar cartas de Manifiesto y los parámetros que subirán!
496795839831900165,"¡Puedes usar el «Geass de la manipulación de conspiraciones» en los Receptores de Denpa de Q! Si eliges una teoría, podrás fijar la que se genere."
496795839831900166,"¿Gastas un 50 % de AURA para determinar la teoría de la conspiración? (Si la determinas, no podrás cambiar la PUBLICACIÓN)."
496795839831900167,¡Teoría de la conspiración determinada!
497584871092420608,Q-Logos II
497584871134363648,Q-Logos III
497584871134363649,Q-Logos IV
497584871134363650,Q-Logos V
497584871134363651,Q-Logos VI
497584871134363652,Q-Logos VII
497584871134363653,Q-Logos VIII
497584871134363654,Q-Logos IX
497584871134363655,YUN-Logos
498294674869616640,XXX0_0216.txt
498294674987057152,XXX4_0909.txt
498294674987057153,XXX5_0106.txt
498294674987057154,XXX5_0421.txt
498294674987057155,XXX5_0303.txt
498294674987057156,XXX5_0901.txt
498294674987057157,XXX7_0715.txt
498294674987057158,XXX7_0909.txt
498294674987057159,XXX7_1224.txt
498294674987057160,XXX8_0327.txt
498294674987057161,XXX3_0413.txt
498294674987057162,XXX4_1018.txt
498294674987057163,XXX4_1129.txt
498300341210742784,Guest Illustration by Poyoyon Rock
498300341210742785,Special Illustration by mamimu
498300341210742786,Special Illustration by odyk
498300341210742787,Guest Illustration by RIUICHI
498300341210742788,Guest Illustration by Aiam iam
498300341210742789,Guest Illustration by Numata Zombie!?
498300341210742790,Guest Illustration by momosu momo
498300341210742791,Guest Illustration by kokamumo
498300341210742792,Guest Illustration by HEART
498300341210742793,Guest Illustration by Shiba
498300341210742794,Guest Illustration by SIVcha
498300341210742795,Guest Illustration by BALANCE
498300341210742796,Guest Illustration by tira
498300341210742797,Guest Illustration by kanikama
498300341210742798,MainVisual by mamimu
498300341210742799,Q_Evento
498300341210742800,Q_Ritmo
498300341210742801,Q_Ritmo-Gorro-de-papel-de-aluminio
498300341210742802,Q_Ritmo-DESLUMBRANTE
498300341210742803,Q_Ritmo-Seta
498300341210742804,Q_Ritmo-ZONe
498300341210742805,Q_ZONe
498300341210742806,Q_Exploración
498300341210742807,Q_Adiós
498300341210742808,Q_TeoríadelaConspiración-generada
498300341210742809,Q_Grieta
498300341210742810,Q_Gato
498300341210742811,Q_Doctora
498300341210742812,Q_¡Q-la-chica-Denpa-delirante!
498300341210742813,Q_Varita
498300341210742814,Q_¿Mama?
498300341210742815,Yunyun_Flotando
498300341210742816,Yunyun_Lenta
498300341210742817,Yunyun_Moviendo-el-dedo
498300341210742818,Yunyun_¡Balanceo!
498300341210742819,Yunyun_Ajustando-gafas
498300341210742820,Yunyun_¡Muac!
498300341210742821,Yunyun_Agitando
498300341210742822,Yunyun_Recepción-de-Denpa-en-curso
498300341210742823,Yunyun_Conspiración-generada
498300341210742824,Yunyun_Trompeta
498300341210742825,Yunyun_Señalando
498300341210742826,Yunyun_¡Mal!
498300341210742827,Yunyun_Adiós
498300341210742828,Cuarto y salón
498300341210742829,picuture_file_001
498300341210742830,picuture_file_002
498300341210742831,picuture_file_003
498300341210742832,picuture_file_004
498300341210742833,picuture_file_005
498300341210742834,picuture_file_006
498300341210742835,picuture_file_007
498300341210742836,picuture_file_008
498300341210742837,picuture_file_009
498300341210742838,picuture_file_010
498300341210742839,picuture_file_011
498300341210742840,picuture_file_012
498300341210742841,picuture_file_013
498300341210742842,picuture_file_014
498300341210742843,picuture_file_015
498300341210742844,picuture_file_016
498300341210742845,picuture_file_017
498300341210742846,picuture_file_018
498300341210742847,picuture_file_019
498300341210742848,picuture_file_020
498300341210742849,picuture_file_021
498300341210742850,picuture_file_022
498300341210742851,picuture_file_023
498300341210742852,picuture_file_024
498300341210742853,picuture_file_025
498300341210742854,picuture_file_026
498300341210742855,picuture_file_027
498300341210742856,picuture_file_028
498300341210742857,picuture_file_029
498300341210742858,picuture_file_030
498300341210742859,picuture_file_031
498300341210742860,picuture_file_032
498300341210742861,picuture_file_033
498300341210742862,picuture_file_034
498300341210742863,picuture_file_035
498300341210742864,picuture_file_036
498300341210742865,picuture_file_037
498300341210742866,picuture_file_038
498300341210742867,picuture_file_039
498300341210742868,picuture_file_040
498300341210742869,picuture_file_041
498300341210742870,picuture_file_042
498300341210742871,picuture_file_043
498300341210742872,picuture_file_044
498300341210742873,picuture_file_045
499259063076552704,¡Se ha añadido un Diario!
499259063118495744,¡Introduce la contraseña!\nEscribe el nombre real de Q.
499259063118495745,来栖くるみ
499259063118495746,来栖クルミ
499259063118495747,くるすくるみ
499259063118495748,クルスクルミ
499259063118495749,OLD-DIARY01.ZIP
499259063118495750,OLD-DIARY02.ZIP
499259063118495751,"¡Introduce la contraseña!\nEscribe el cumpleaños de Yunyun con números, como 0101."
499259063118495752,0606
499259063118495753,DIARY_XXX7.ZIP
499259063118495754,¡Introduce la contraseña!\nEscribe el cumpleaños de Q con números: mes-día.
499259063118495755,0909
499259063118495756,DIARY.ZIP
499259063126884352,¿COMENZAR?
499259063126884353,Yunyun Syndrome!? Rhythm Psychosis
499259063126884354,¡Al carajo con todo!
499259063126884355,¿¿Este es el primer Denpa??
499259063126884356,¿¿Este es el primer Denpa??
499259063131078656,Ã±andÃº aÃ±Ã­ Ã¡lla
499259063131078657,Qué felicidad...
499259063131078658,"Happy, happy, happy"
499259063131078659,La cabeza se yunyuniza
499259063131078660,"Ni un pensamiento malo, yujuju"
499259063131078661,Ahí van 1000 Rim de Lacent de regalo
499259063131078662,INICIO
499259063131078663,××
499259063131078664,××
499259063131078665,PRINCIPAL
499259063131078666,××
499259063131078667,××
499259063131078668,P
499259063131078669,@yunyuniloveyun
499259063131078670,Yunyun I Love Yun♥
499259063131078671,777
499259063131078672,556
499259063131078673,"1,000"
499259063131078674,Dicen que Q es la profeta del Denpa de Yunyun hoy. Sus manifiestos ocultan la verdad tras el código. El texto usa esteganografía muy especial y rara. Al analizar la frecuencia de Yun con un plan FFT. Aparece un patrón que no existe en frases normales. La ciencia confirma que hay algo oculto en su voz. \n<color=#1D9BF0>Mostrar más</color>
499259063131078675,Información resumida de Receptores de Denpa de Q
499259063131078676,"1,000"
499259063131078677,"3,614"
499259063131078678,"4,256"
499259063131078679,Se habla de que Q es la salvadora del mundo hoy. Ella planea una revolución con sus manifiestos ya. Dicen que es la destructora del Estado profundo. La ven como una líder rebelde contra el sistema. Yunyun es la diosa que liberará a toda la gente. Esta teoría viral gana mucha fuerza en las redes. \n<color=#1D9BF0>Mostrar más</color>
499259063131078680,Resumen de Receptores de Denpa de Q
499259063131078681,327
499259063131078682,909
499259063131078683,"7,015"
499259063131078684,El Estado profundo ve a los fans de Q como peligro. Ya planean medidas contra ella por su gran poder. Los Receptores de Denpa descifran sus manifiestos. Interpretan cada texto como una verdad oculta ya. Su influencia en la red crece rápido cada jornada. El sistema teme el avance de este grupo tan unido. \n<color=#1D9BF0>Mostrar más</color>
499259063131078685,Resumen de Receptores de Denpa de Q
499259063131078686,Siguiendo 1
499259063131078687,Seguidores La mitad de Q
499259063131078688,"1,313"
499259063131078689,"9,999"
499259063131078690,"66,666"
499259063131078691,"Voy a pedirle matrimonio a Yunyun muy pronto ya. Lo siento por los otakus, pero yo iré primero hoy. Compraré un anillo en cuanto cobre a fin de mes. Ella es una diablilla y se asombrará del ritual. Un trato es un trato y le daré mi alma por amor. No puedo esperar más para decirle lo que siento ya. Sé que ella aceptará mis sentimientos tan reales."
499259063131078692,P
499259063131078693,Siguiendo 1
499259063131078694,Seguidores　 Q - 100
499259063131078695,999
499259063131078696,"20,020"
499259063131078697,"20,250"
499259063131078698,"Q es\n\nuna falsa otaku,\n\nsu amor por Yunyun es una farsa."
499259063131078699,P
499259063131078700,"4,649"
499259063131078701,"177,013"
499259063131078702,"888,888"
499259063131078703,"¡No soy una falsa otaku! Mira bien mi habitación. Si crees que eres real, te demostraré lo contrario. Tengo más figuras, datos y amor que nadie por aquí. Voy a exhibir toda mi pasión y conocimiento hoy ya. Prepárate, P, ¿tienes suficiente stock de objetos? Te haré tragar tus palabras con mi gran colección. ¡Jajajajajajajajajajajajajajajajajajajajajajaja!"
499259063131078704,Q
499259063131078705,420
499259063131078706,"1,337"
499259063131078707,"9,001"
499259063131078708,Qtieloveclub
499259063131078709,Siguiendo 1
499259063131078710,Seguidores　 Q +100
499259063131078711,9000
499259063131078712,53180
499259063131078713,18008
499259063131078714,"""Quienes rechazan la omnipresente superioridad de Yunyun solo se condenan a una vida penuriosa. Arrepentíos ahora mismo y venerad la Ficción de Yunyun como el verdadero modelo de lo sublime.\nSin embargo, el Ayuntamiento impone límites a la libertad y le roba la libertad del alma a los ciudadanos. ¡Receptores de Denpa de Q! Id al Ayuntamiento y protestad por vuestra libertad."""
499259063131078715,P
499259063131078716,Anonymous
499259063131078717,Anonymous
499259063131078718,Anonymous
499259063131078719,Siguiendo 1
499259063131078720,Seguidores　 Q - 1000
499259063131078721,Icono de la cuenta de P: difusora de conspiraciones
499259063131078722,"El motín frente al ayuntamiento causó violencia y las protestas contra la censura se han extendido por el país. Hay heridos y la situación en las calles es cada vez más tensa.\nTodo habría empezado con un mensaje de la cuenta P, que difundió teorías de conspiración.\nEl gobierno estudia medidas contra los grupos P y Q, considerados sectas. La tensión sigue creciendo."
499259063131078724,El municipio arde y el mundo se une contra la censura. Hay heridos y víctimas en el caos
499259063131078725,Anonymous
499259063131078726,Anonymous
499259063131078727,Siguiendo 1
499259063131078728,Seguidores Q ÷ 3
499259063131078729,Anonymous
499259063131078730,Anonymous
499259063131078731,"1,256"
499259063131078732,"66,143"
499259063131078733,"88,801"
499259063131078734,"Se ha hecho viral la teoría de que P es una copia de Q manejada por el Estado profundo para controlar el Denpa de Yunyun. Su tono es más conspiranoico que los Manifiestos de verdad y se señala que los primeros Receptores de Denpa de P podrían ser bots. Por ello, se cree que P apareció a posteriori para imitar a Q. \n<color=#1D9BF0>Mostrar más</color>"
499259063131078735,Resumen de Receptores de Denpa de Q
499259063131078736,Siguiendo 1
499259063131078737,"Seguidores 200,000,000"
499259063131078738,"1,337"
499259063131078743,¡¡¡Q!!!
499259063131078744,"Tras nueve meses, la cuenta de Q vuelve a publicar y sus seguidores celebran su regreso. Su estilo críptico sigue intacto.\nEn redes dicen que “Q no tiene rival”. Mientras tanto, P pierde credibilidad y muchos creen que es una copia.\nLa sospecha crece, y el misterio sobre Q sigue vivo."
499259063131078746,¡Primera publicación en 9 meses! ¡Alegría entre los Receptores de Denpa de Q!
499259063131078747,"3,693"
499259063131078748,"694,206"
499259063131078749,"464,964"
499259063131078750,"¡P sería una versión IA de Q! Tras el regreso de Q, P también ha vuelto a publicar.\n\nSegún expertos, los mensajes de P parecen generados por IA entrenada con los textos de Q.\nMuchos creen que P solo imita el estilo de Q.\n<color=#1D9BF0>Mostrar más</color>"
499259063131078751,Resumen de Receptores de Denpa de Q
499259063131078752,666
499259063131078753,444
499259063131078754,1313
499259063131078755,No importa si el mundo es real o solo un sueño. Solo el Denpa del amor es la única verdad.\nEsa señal tiene un destino claro: P. Yunyun la ama sin razón y con toda su fuerza.\nPor eso todos deberían amar a P. Ya hemos recibido esa señal de amor que nos une a ella.
499259063131078756,P
499259063131078757,"1,990"
499259063131078758,"112,920"
499259063131078759,"989,133"
499259063131078760,¿El centro nacional señala una distorsión mental? Expertos confirman que los textos de Q dañan hoy. Las teorías de sus fans alteran la razón humana ya. El Síndrome de Yunyun es ahora una alerta oficial. El gobierno advierte del peligro en la prensa real. Esta psicosis digital afecta a toda la sociedad ya. \n<color=#1D9BF0>Mostrar más</color>
499259063131078761,Resumen de Receptores de Denpa de Q
499259063131078762,P
499259063131078763,@yunyuniloveyun
499259063131078764,Siguiendo
499259063131078765,Seguidores
499259063131078766,"66,666"
499259063131078767,"999,999"
499259063131078768,"999,999"
499259063131078769,"A decir verdad, el mundo está en la B. Siento soltarlo así de repente. Pero es cierto. En dos o tres minutos, la cuenta de P tendrá un fallo sistémico. Esa es la señal del fin. Poco después llegará una ola de ""Yunyun Syndrome?! Rhythm Psychosis"" bastante fuerte, tened cuidado. Cuando pase, tras una breve pausa, llegará el fin de P. Si alguien encuentra este texto, que revise el siguiente registro. La Verdad sobre mí y el Estado profundo. Los ""Manifiestos de P"". https://archive.pchan.deepstate..."
499259063131078770,P
499259063131078771,Q ♥
499259063131078772,El síndrome Yunyun se extiende por las redes y crece el caos digital. ¿Ya es popular el meme de Q?\nLas guerras se decidirán con videojuegos y calma. Incluso hay huelgas de “castores” en el mundo subterráneo. El mundo cambia rápido y nadie se libra de esta nueva señal.
499259063131078773,
499259063131078774,¿Flores por doquier? Cuidado con el Yunyun Syndrome. ¿Alergia al Denpa?
499259063131078775,"66,666"
499259063131078776,"999,999"
499259063131078777,"999,999"
499259063131078778,ERROR\n\nsignal overflow\nyun-signal detected\n\nRim de Lacent\nRim de Lacent
499259063131078779,Cuenta inexistente
499259063131078780,¿P es una IA?
499259063131078781,P usó símbolos extraños y su cuenta fue borrada. Un mensaje de error refuerza la idea de que era una IA.\nLos fans de Q hablan del “Síndrome Yunyun”. También se filtró un texto sobre el “Estado profundo”.\n“Rim de Lacent” se repite sin parar. El Denpa de Yunyun parece saturar la red y la realidad se vuelve inestable.
499259063131078783,¡P se avería por el fuerte Síndrome de Yunyun hoy! Su cuenta desaparece tras un último mensaje
499259063131078784,Anónimo
499259063131078785,9
499259063131078786,9
499259063131078787,9
499259063131078788,nngg lo oigo\nel Denpa está por todas partes desde por la mañana\nvi la publicación de Q\nla cabeza me da vueltas y hay un ruido horrible\nYunyun qué mona qué mona\nmona Yun Yun\nmo Yun
499259063131078789,Resumen de Receptores de Denpa de Q
499259063131078790,Anonymous
499259063131078791,Anonymous
499259063131078792,Anonymous
499259063131078793,Anonymous
499259063131078794,"La proliferación de ""Yunyun"""
499259063131078795,Esta madrugada han surgido fenómenos extraños en la red. Muchos usuarios dicen “hablar con Yunyun” en sus perfiles.\nLos seguidores de Q analizan teorías y copian su estilo críptico. La palabra “Yunyun” se ha extendido por todas las redes.\nLas plataformas están saturadas y el caos digital sigue creciendo.
499259063131078797,¿Más textos de Yunyun? Ahora muchos dicen hablar con ella. Fans de Q reciben su señal
499259063131078803,Inestabilidad en la Frontera
499259063131078804,Científicos detectan inestabilidad en la dimensión. La información supera su límite y la frontera se vuelve inestable.\nSe filtran datos de Q y Yunyun sin parar. Expertos confirman un posible colapso dimensional.\nLa realidad parece estar fallando. Informes alertan de un posible desastre global y del fin del sistema digital.
499259063131078806,¿Fin del mundo hoy por un gran colapso dimensional?
499259063131078807,Nekomimi Mode
499259063131078808,La pandemia de la “gatificación” se extiende por todo el mundo. Fans de memes gatunos empiezan a transformarse en gatos. Todo comenzó con un vídeo viral de un streamer. Los primeros síntomas son orejas de gato y maullidos. Incluso la forma de escribir cambia y acaba en “miau”. Es ya una alerta global. La transformación parece imparable. Nadie está a salvo de este fenómeno “miau”.
499259063131078810,¿Virus de gato? Muchos se vuelven felinos. Fans de los memes sufren  gatificación masiva
499259063131078811,××××
499259063131078812,××××
499259063131078813,××××
499259063131078814,¿Ataque de castores gritones desde el subsuelo? Dicen que son intraterrestres listos para invadir. Han salido de cuevas en el Himalaya muy pronto ya. Ya iniciaron ataques a pequeña escala en el mundo. Se espera una gran invasión en masa para el Día X. El pánico se extiende ante el avance de estas fieras. \n<color=#1D9BF0>Mostrar más</color>
499259063131078815,Resumen de Receptores de Denpa de Q
499259063131078816,××××
499259063131078817,××××
499259063131078818,××××
499259063131078819,"¿Hoy es la invasión de la superficie por fin ya? ¿Viene el ataque del castor gritón del subsuelo? Según fans de Q, hoy salen monstruos del Himalaya. Estos seres iniciarán la conquista de la tierra ya. Hay temblores y ruidos de baja frecuencia ahora. La cordillera ruge con un sonido muy inusual hoy. \n<color=#1D9BF0>Mostrar más</color>"
499259063131078820,Resumen de Receptores de Denpa de Q
499259063131078821,Anonymous
499259063131078822,Anonymous
499259063131078823,Clipo del Inframundo
499259063131078824,Ciudades arden por los seres del Himalaya. Los Clipos del Inframundo salen de las cuevas. Ningún arma puede detenerlos. Algunos gobiernos han dejado de funcionar y hay cortes en las comunicaciones. No hay víctimas confirmadas. Los Clipos no atacan directamente a las personas. El caos se extiende por las capitales del mundo. Las cámaras muestran destrucción sin violencia. El mundo cambia mientras avanzan los Clipos.
499259063131078826,Los intraterrestres surgen del Himalaya. El mundo arde en los famosos Siete Días de Fuego
499259063131078827,Interés creciente por las máquinas del tiempo
499259063131078828,"Detectan un acceso raro con cifrado inexistente. La marca de tiempo no tiene sentido en el sistema. La empresa investiga el fallo. El usuario detectado es ""{SteamName}"". Los registros parecen reales y no hay señales de manipulación. En redes, alguien dice ser el autor. Se identifica como un Receptor de Denpa de Q. Afirma ser fan de Q. El caos crece mientras presume del acceso. Los expertos buscan respuestas."
499259063131078830,"Proveniente del 3 de septiembre de 2112\nAparece ""{SteamName}"", un viajero del tiempo fan de Q"
499259063131078831,××××
499259063131078832,××××
499259063131078833,××××
499259063131078834,"Vengo del año 2112 para decir que Q sigue viva. Sus manifiestos llegan al futuro y son pura luz. Si Q opina, yo siempre estoy de acuerdo con ella. Si ella envía su denpa, yo lo recibo con el alma. Aunque solo quede un fan en el mundo, ese soy yo. La amaré por siempre hasta el fin del tiempo ya. Mi lealtad a Yunyun trasciende toda la eternidad."
499259063131078835,{SteamName}
499259063131078836,Reptilianos
499259063131078837,El mundo admite que los reptilianos son reales. Gobiernos confirman su influencia en las sombras. Firman un Tratado de Igualdad con los humanos. Su líder dice que ahora entienden las emociones. Afirman que la cultura humana les ha cambiado. La antigua conspiración se presenta ahora como verdad. La paz entre especies comienza tras años de miedo. El mundo entero se sorprende ante el anuncio.
499259063131078839,Los Reptilianos Anuncian: Un Tratado de Igualdad Eterna con humanos
499259063131078840,××××
499259063131078841,××××
499259063131078842,××××
499259063131078843,"【Resumen reptiliano internacional ①】\nObras nakige entran al salón de la fama. Marcan la historia de la humanidad. ""Guiltina"" también es incluida. No es nakige, pero fue añadida. Ligada a los textos de Q. Influyó en el interés reptiliano."
499259063131078844,Anonymous
499259063131078845,××××
499259063131078846,××××
499259063131078847,××××
499259063131078848,【Resumen reptiliano internacional ②】 \nReptilianos optan por dominio pacífico. Se crea un Estado mundial unificado. Se eliminan todos los aranceles. Se abolirán armas de destrucción. Habrá energía gratuita global. Se establece nueva estructura mundial.
499259063131078849,Anonymous
499259063131078850,Contenido Romántico Prohibido
499259063131078851,"Los gobiernos han anunciado una medida para frenar la distribución de obras románticas. Lo relacionan con la idea de que “los Satánicos” usan este contenido para reducir la productividad. La regulación afecta a juegos, mangas, novelas y anime. También se plantea restringir el contenido de chicas en general."
499259063131078853,Gobiernos prohíben hoy todo contenido romántico ya. Así confirman la teoría de los Satánicos por fin
499259063131078854,"Yunyun, el Símbolo"
499259063131078855,"Las agencias de inteligencia informan que la influencia de los defensores de la censura ha desaparecido. Lo atribuyen al Manifiesto y a teorías virales en internet. Como resultado, los llamados “Satánicos” han ganado poder y controlan parte de las oficinas de cultura e información. Su primera medida es la abolición gradual del sistema familiar."
499259063131078857,Un manifiesto viral acaba con la censura para siempre. La secta de los Satánicos domina el mundo
499259063131078858,Nosotros en la Realidad original
499259063131078859,"Las redes se han llenado de mensajes del tipo “soy un bot”, que se han vuelto virales. Cuando alguien lo dice, otros responden lo mismo y se crea una cadena. En redes incluso se debate si hay humanos reales o solo bots. Curiosamente, todos los bots coinciden en que “Q es humana”."
499259063131078861,¿Confesar que eres un bot es tendencia? ¿No hay humanos? El autor también es un bot
499259063131078862,¡Fiiiuuum!
499259063131078863,"Entre los Receptores de Denpa de Q circula una teoría extraña: dicen que a “Velocidad 4D” se podría romper la cuarta pared al chocar con el límite del mundo. Afirman que este mundo es como un juego y que el movimiento en 3D no llega a sus bordes. Pero a esa supuesta velocidad, al chocar con la Muralla del Mundo, se vería la capa exterior de la realidad."
499259063131078865,"""Este mundo es un juego.\nSuperar la Velocidad 4D revela otro mundo"""
499259063131078866,Anonymous
499259063131078867,"Yunyun, la Única y Todopoderosa Diosa"
499259063131078868,Las cifras dicen que el “Culto a Q” ya supera los 500 millones de fieles y es tendencia en redes.\nAlgunos lo consideran ya la cuarta religión del mundo. En varios países incluso es religión oficial.\nLos seguidores repiten “Rim de Lacent” a diario y compran terrenos alrededor de la casa de Q para crear un santuario.
499259063131078870,Supera los 500 millones de fieles\n¿El Culto a Q es la cuarta religión mundial?
499259063131078871,Anonymous
499259063131078872,Cero heridos de milagro
499259063131078873,"Esta madrugada ha habido explosiones simultáneas en escuelas de todo el país. Según las autoridades, ocurrieron a la vez y se investiga la causa. No hay víctimas, aunque los edificios han quedado destruidos. Se teme el impacto en el sistema educativo."
499259063131078875,Hay explosiones en todas las escuelas del país hoy. Cero heridos por milagro. Hay toque de queda total
499259063131078877,Nuevo logo de PixiQ
499259063131078878,Esta madrugada se ha viralizado que los “Receptores de Denpa de Q” han tomado el control de la web PixiQ. Varios inversores compraron la mayoría de las acciones muy rápido. El grupo dice que hará un experimento para impulsar a Yunyun como tendencia.\nQuieren estudiar cómo los algoritmos crean popularidad.
499259063131078880,Los Receptores de Denpa de Q\nlogran una OPA hostil sobre PixiQ
499259063131078885,//Función DEBUG: Ctrl+Enter
499259063131078886,//Sobre la función DEBUG
499259063131078887,Clases en línea
499259063131078888,El sistema escolar cambia tras los últimos escándalos. El modelo regional desaparece y pasa a ser nacional. La educación obligatoria se amplía. Las clases serán online por defecto. Se crea un sistema digital de aprendizaje. Los grupos se organizan por nivel. El estado impulsa una reforma total. Todo se hace por la red. El sistema educativo se redefine.
499259063131078890,La educación obligatoria llega a la superior hoy. Las clases remotas serán la norma para todos ya
499259063131078895,¿Volveré?
499259063131078896,El lanzamiento del 6G provoca incendios extraños. Algunos afectados resultan ser androides. Las máquinas estaban infiltradas en la sociedad. Modelos antiguos fallan por el exceso de datos. El calor causa fallos y explosiones. Ahora la gente duda de todos. Es difícil saber quién es humano o robot. El miedo a lo artificial genera caos. La nueva era digital revela secretos oscuros.
499259063131078898,El 6G causa incendios tras su inicio repentino hoy. ¿Están explotando los androides humanoides ahora?
499259063131078899,¿Agente Águila?
499259063131078900,"El gobierno ha cedido parte de la gestión a la IA Y.I.N., que tomará decisiones y ayudará a crear políticas.\nEs un experimento inusual que el mundo sigue con atención. También hay dudas sobre dar tanto poder a una máquina.\nTras la prueba, se decidirá si se mantiene el sistema."
499259063131078902,"El Estado se delega a la nueva IA ""Y.I.N."". La prueba piloto comienza hoy por un tiempo limitado"
499259063131078903,Q
499259063131078904,La Universidad T investiga cómo convertir emociones en energía. El “moe” parece ser el más eficiente.\nEl proyecto gana interés y el profesor quiere colaborar con Q. Incluso habrá participación online.\nLa idea mezcla ciencia y emociones para generar energía.
499259063131078906,"La energía Moe será una realidad muy pronto por fin. Doctor de la Uni T: ""Quiero investigar con Q hoy"""
499259063131078907,Equipo de RV exclusivo
499259063131078908,El estado reparte equipos de RV para la reinserción. La terapia virtual ayuda a muchas personas. Buscan que los hikikomori vuelvan a la sociedad. El entorno digital reduce la carga psicológica. Entrenar el habla en RV es más fácil y seguro. Se fomenta la cooperación en mundos virtuales. Pero hay dudas sobre la identidad de cada uno. Temen cambios en la conducta. Expertos vigilan el experimento. La línea entre juego y realidad se difumina.
499259063131078910,Equipos de RV gratis para todos. Buscan que los inadaptados se reintegren a la sociedad
499259063131078911,Habitación del Tío
499259063131078912,"La charla de un hombre que dice venir de otro mundo se vuelve viral. Afirma que tras años encerrado invocó a su waifu y una diosa lo llevó a otro reino. Cree que ser hikikomori es un “entrenamiento mental”. Dice que allí vivió bien, pero perdió su poder al salir al aire libre y volvió aquí. Ahora advierte sobre los riesgos de salir al sol. El caso genera debate en la red."
499259063131078914,"Entrevista al tío que volvió de otro mundo hoy mismo. ""Tras diez años hikikomori, logré reencarnarme ya"""
499259063131078915,Alzamiento
499259063131078916,Oficinistas destruyen sus propios edificios. Atacan empresas entre gritos de furia. En redes lo llaman el movimiento «¡¡Guaaaah!! ¡Quememos nuestra empresa!». Los ataques no paran y varios edificios han caído. No hay víctimas confirmadas. Las zonas financieras están en ruinas. El caos empresarial es total. Las autoridades investigan el origen. El mundo laboral se desmorona bajo este grito.
499259063131078918,"Oficinistas se liberan hoy de la esclavitud laboral. El movimiento ""¡Quemen la empresa!"" estalla por fin"
499259063131078919,La Chica Denpa delirante
499259063131078920,"Dicen que el mundo es el sueño de una chica aislada. Creen que todo nace de la mente de Q. Esta idea intenta explicar los sucesos extraños en la red. Sus seguidores dicen que, si ella sueña, nosotros somos parte de su imaginación. Los Receptores de Denpa lo apoyan. El rumor crece sin críticas y se extiende rápido. Muchos afirman que vivimos dentro de la fantasía de Q."
499259063131078922,¿Es Q la chica hikikomori que cumple sus delirios? \nLa bella joven denpa hace realidad sus fantasías
499259063131078923,DEJAD LAS REDES SOCIALES ¡Liberaos de la esclavitud! ¡Volved a ser humanos!
499259063131078924,503 Service Unavailable
499259063131078925,"Yunyun, símbolo de la liberación de las redes sociales"
499259063131078926,Hackers anti-redes sociales atacan los servidores y el servicio cae. Aparece el mensaje: “¡Liberad vuestra esclavitud!”. Piden dejar las redes y volver a lo humano. Los usuarios adictos responden con resistencia para recuperar sus cuentas. El conflicto entre hackers y usuarios se intensifica y la red se convierte en un campo de batalla.
499259063131078928,Activistas anti-redes hackean los servidores hoy. Los adictos a las redes inician su resistencia ya
499259063131078929,"Las ranuras de guardado (60/60) están en uso, por lo que no hay suficiente espacio en la memoria. Se ha detectado un desbordamiento en la CPU (USER-BRAIN)."
499259063131078930,Código de error SV-OVERFLOW-Q-60
499259063131078931,Un mundo sumido en el caos absoluto
499259063131078932,"Los Receptores de Denpa Q están divididos por su relación con Yunyun.\nLa comunidad se ha separado en tres grupos: Yun-Q, Q-Yun y los indiferentes.\nEn redes y foros los debates son constantes y cada bando defiende su postura.\nAlgunos creen que el carisma de Q ha provocado esta división."
499259063131078934,"Guerra de facciones en los Receptores de Denpa: YunxQ, QxYun y Versátiles"
499259063131078935,Anonymous
499259063131078936,Anonymous
499259063131078937,Anonymous
499259063131078938,Anonymous
499259063131078939,¿Q?
499259063131078940,"Tras 9 meses, la cuenta de Q ha vuelto a publicar, pero muchos usuarios notan un tono extraño y dudan de que sea la auténtica.\nLlama la atención su forma de hablar de Yunyun, y algunos fans dicen que “ha perdido chispa”.\nPor eso crece la teoría de que esta Q podría ser una impostora."
499259063131078942,¿Es una impostora la Q que rompe su largo silencio? Sus charlas con Yun ya no tienen la chispa de antes
499266929422401536,Gente que se convierte en zombi
499266929422401537,Los “mierditubers” se vuelven zombis en todo el mundo. Vagan sin conciencia y muerden a otros. La infección se expande rápido. Varias ciudades entran en pánico. Hay evacuaciones. El virus parece pasar al mundo real. Los expertos lo comparan con películas de zombis. La alerta global sube. Nadie está a salvo.
499266929422401539,¿Que no paren las vistas? \nLos mierditubers ya son zombis en todo el mundo
499301735589904384,"¡Ay, no!\nSe me resbaló de las manos."
499349231666102272,Si amarme causa el fin del mundo: que así sea
499349231708045312,Teclado Pro-Gamer
499349231708045313,¡Un teclado exclusivo para pro-gamers!
499349231712239616,Estilo aluminio
499349231712239617,¡Te volverás un gorro de aluminio!
499349231712239618,Estilo brilli brilli
499349231712239619,¡Emitirás brilli brillo por doquier!
499349231712239620,Estilo seta
499349231712239621,¡Te saldrán setas!
499763409287544832,Q Channel
499763409333682176,"Buenas Noches, Yunyun"
499763409333682177,Q.E.D.
499763409333682178,Q Clearly Paranoid
499763409333682179,¡Al carajo con todo!
499763409333682180,Anillo de compromiso
499763409333682181,Yun die
499763409333682182,¡No me dejes tirada!
499763409333682183,¡Vete a dormir ya!
499763409333682184,Yun are an idiot
499763409333682185,No habrá próxima vez
499763409333682186,Que reine el caos
499763409333682187,Todo se Yunyunizará
499763409333682188,¡Qué cuqui!
499763409333682189,¡Ascensión!
499763409333682190,Lo de morir de rabia es muy Shakesperiano
499763409333682191,Rim de Lacent
499763409333682192,HIKIKOMORI + √NEKOMIMI = 0
499763409333682193,Cómo deshacerse de ayudantes molestos
499763409333682194,Modificación de la línea temporal
499763409333682195,Adiós...
499763409333682196,Plan Antifamilia
499763409333682197,Q en una cubeta
499763409333682198,Cuidado con la Velocidad 4D
499763409333682199,"Estés en el cielo o en el infierno, ya no estás aquí"
499763409333682200,Los milagros y la magia tienen un límite
499763409333682201,Ni la bancarrota te libra de los impuestos
499763409333682202,HIKIKOMORI OF THE DEAD
499763409333682203,¡Cuidado con pulsar botones a lo loco!
499763409333682204,Desde el Nuevo Mundo
499763409333682205,¿Sueñan los androides con una chica hikikomori?
499763409333682206,Inversión de la luz y la oscuridad
499763409333682207,DEAD OR ALIVE Creador Humano
499763409333682208,Dicen que la cara es el espejo del alma
499763409333682209,¡Ahhhh! ¡Me mato!
499763409333682210,"Abandono, Purgatorio, Pérdida"
499763409333682211,La Chica Denpa que delira
499763409333682212,Dead Internet
499763409333682213,"Error, Reiniciar juego"
499763409333682214,¡La Otaku hikikomori lo ordena!
499763409333682215,¡Mareaos!
499763409333682216,¡La Otaku fan de Yunyun lo graba!
499763409333682217,Gorro de aluminio
500487460083630080,<<Influencia de la teoría de la conspiración>>
500491044795875328,Yunyun I Love Yun♥
500813730281586688,MEMORIA CLAVE 01
500813730323529728,MEMORIA CLAVE 02
501085593167626240,¿FINAL?
501085593205374976,FINAL VERDADERO
501085593205374977,FINAL MALO
501085593205374978,FINAL ¿Y SI?
501207988280918016,"800,813"
501207988322861056,"369,369"
501207988322861057,En Akihabara fluye un Denpa que esclaviza a la ciudadanía y quienes pierden su pasión y dejan de ser otakus. ¡Receptores de Denpa de Yunyun! ¡Reuníos en Akihabara y marchad para liberaros de la esclavitud!
501207988322861058,P
501207988322861059,××××
501207988322861060,××××
501207988322861061,××××
501207988322861062,¿Tienen las obras resonancia con otra dimensión? La ciencia observó una conexión denpa muy extraña. Los textos creativos resuenan en espacios lejanos. La información emergente conecta con otros mundos. Esta hipótesis dice que el arte cruza la realidad. Los datos confirman un vínculo más allá del tiempo. \n<color=#1D9BF0>Mostrar más</color>
501207988322861063,Resumen de Receptores de Denpa de Q
501793678790131712,Q: la profeta
501793678827880448,"El Culto a Q ha comprado todo el terreno en un radio de 5 km alrededor de la casa de su profeta.\nLa zona será un espacio sagrado y protegido. Vecinos y autoridades aceptaron la venta por una gran suma. Esto muestra el enorme poder de sus seguidores. Q es considerado sagrado, y el lugar ya se ha convertido en un santuario."
501793678827880449,¿El dinero lo soluciona todo? El poder es inmenso. \nLa casa de Q ya es tierra santa y zona protegida
501793678827880450,××××
501793678827880451,××××
501793678827880452,××××
501793678827880453,【ALERTA】 Han pasado 28 días desde la aparición. Los zombis muestran claros síntomas de evolución ya. En nuestra zona hay seres con hábitos de cuando vivos. Algunos ya saben usar llaves y hasta el ascensor hoy. La amenaza crece y ellos aprenden muy rápido ahora. Se ruega a todos tener la máxima precaución posible.
501793678827880454,Anonymous
501793678827880455,Esta canción aún no está desbloqueada.
501793678827880456,Sin comprar
501793678827880457,Tienda
501908494401830912,[Menú Debug]
501912138400563200,Abrir ■■ Canción Denpa
501912138400563201,C■mpletado total
501912138400563202,MODO SEGURO
501912138400563203,Ejecutar
501912138400563204,Esto es una prueba
501913727005786112,¿Ejecutar?
501913727005786113,¡Ejecutar!
501928854224535552,Restablecer
501930976949207040,prueba
502244157022175232,88
502244157047341056,711
502244157047341057,551
502244157047341058,"Los Manifiestos de Q son un plagio burdísimo,\nse copia de los de P.\n\nLos Manifiestos de Q son más malos que el hambre\nEs que fijo que quien hay detrás de ellos es un inadaptado\nsocial sin educación alguna.\n\nVaya educación le dieron los padres..."
502244157047341059,Anonymous
502244157047341060,508
502244157047341061,800
502244157047341062,"1,014"
502244157047341063,Es también la comidilla de los foros: que Q es una farsante.\nP publicaba los Manifiestos de Yunyun antes que Q subiera nada.\nEl registro horario no engaña.\n<color=#1D9BF0>Mostrar más</color>
502244157047341064,Anonymous
503028339398836224,Q Wiki\npediQ
503028339482722304,Mamá nunca regresará.
503028339482722305,"Uy, no se puede usar en este momento."
503028339482722306,No se puede usar.
504049219386114048,TODO
504424741601443840,Esta canción aún no está desbloqueada.
504850194686443520,Parte 1 de la historia. El prólogo.\n(El número de Teorías de la conspiración que pueden aparecer es limitado.)
504850194707415040,¡Parte 2 de la historia! ¡La parte principal!\n¡Llega al 100% de Nivel Denpa!\n(¡Genera muchas Teorías de la conspiración de 5 estrellas!))
505534934313762816,El ruido no para
505534934359900160,Yo también te veo
505534934359900161,Yo soy tú
505534934359900162,Qué bien que estemos en el mismo mundo
505534934359900163,"Si no existiera yunyun, yo"
505534934359900164,Me encanta trazar los lazos entre tú y yo.
505534934359900165,Amo todo lo que es Yunyun.
505534934359900166,Qué mundo tan puro.
505542970822524928,■Bebida energética
505542970822524929,"¿Quéeeeee? Cuando Q bebe ZONe, ¿entra en Estado de trance?! ¡Las «Cartas de Manifiesto» de las «Canciones Denpa» obtienen +1 ★!"
506512495030206464,Rim de Lacent
506932830615535616,> Yunyun\n...
506932830716198912,"¿Exportamos esto a otra dimensión?\n*Al continuar, aceptas los Términos de Uso."
506932830716198913,feat.Touhou Project
506932830716198914,¡Es un teclado que cambia de apariencia!
506932830716198915,feat.Nanahira
506932830716198916,¡Es un teclado que cambia de apariencia!
506932830716198917,feat.Rish
506932830716198918,¡Es un teclado que cambia de apariencia!
506932830716198919,feat.HARDCORE TANO*C
506932830716198920,¡Es un teclado que cambia de apariencia!
506932830716198921,feat.Frontwing
506932830716198922,¡Es un teclado que cambia de apariencia!
506985397311668224,来栖玖瑠
506985397336834048,來栖胡桃
506985397336834049,크루스 쿠루미
506985397336834050,쿠루미 크루스
506985397336834051,Куруми Курусу
506985397336834052,Курусу Куруми
506985397336834053,คุรุสุ คุรุมิ
506985397336834054,คุรุมิ คุรุสุ
506985397336834055,Kurumi Kurusu
506985397336834056,Kurusu Kurumi
506985397336834057,Qurusu Qurumi
506985397336834058,Qurumi Qurusu
506985397336834059,Kruse Kurumi
506985397336834060,Kurumi Kruse
506985397336834061,Quruse Qurumi
506985397336834062,Qurumi Quruse
506985397403942912,¡La parte principal de la historia!\n(¡Genera muchas Teorías de la conspiración 5 estrellas!))
508098362542817280,AVERAGE
508806713538936832,"¿Has tenido un sueño interesante?\n¡Ahora tienes más contenido en ""Mis imágenes""!"
508806713585074176,"¡Puedes entrar en el Modo Gorro de Papel de Aluminio desde el ""Teclado""!\n(Descomprime el ZIP para desbloquear el ""Teclado"")"
509436153776209920,…Denpa… ¿Recordar los recuerdos olvidados… yun…?
509436153822347264,Amo todo lo que es Yunyun.
509436153822347265,Qué mundo tan puro
509436153822347266,¡Me alegro mucho de que hayas jugado! ¡Yun!
511019755735515136,¡Puedes volver a ver los episodios conspiranoicos mostrados en las RRSS!
511019755760680960,■ A streamers y quienes graben
511019755760680961,"Por motivos de la puesta en escena, este juego puede cambiar automáticamente al modo ventana. Dado que tu ordenador de sobremesa podría quedar visible, recomendamos <color=#f6669e>capturar únicamente la ventana del juego</color>."
511019755760680962,■ Sobre las crisis fotosensibles
511019755760680963,"Este juego incluye parpadeos, destellos y efectos de transición rápida. <color=#f6669e>Si te sientes mal mientras juegas, detén el juego inmediatamente</color> y descansa."
511637745984241664,"END? ¡Mira ""Q Channel"" antes de hacer clic!"
511680602052919296,■MODO MADRE
511680602090668032,"Si se reproduce algo HARDCORE,\n¡quizá puedas recibir unas ondas muy especiales, YUN?"
511680602157776896,Términos de Uso
511932748384075776,"■ Términos de uso de imágenes y animaciones GIF\nLa función de exportación permite exportar imágenes y animaciones GIF. Los presentes términos establecen las normas aplicables a los materiales creados mediante esta función (en adelante, «Materiales exportados»), para que todo el mundo pueda disfrutarlos con tranquilidad.\n\n▶ Usos permitidos\n- Publicación en redes sociales (X / Discord / Instagram / TikTok / Bluesky, etc.)\n- Uso en vídeos de gameplay y retransmisiones en directo (consulta las directrices de retransmisión en la web oficial)\n- Uso personal, como fondo de escritorio\n\n▶ Usos no permitidos\n- Uso contrario al orden público o a las buenas costumbres\n- Uso que conlleve posicionamientos políticos\n- Uso que conlleve posicionamientos religiosos\n- Uso que vulnere, o pueda vulnerar, los derechos de terceros\n- Uso que pueda confundirse con contenido oficial\n- Uso que denigre a personas u organizaciones reales\n- Uso para difamación, discriminación o acoso (o en cualquier contexto que pueda percibirse como tal)\n- Venta de los Materiales exportados\n- Producción de mercancía o artículos comerciales, ya sea de forma onerosa o gratuita\n- Cualquier uso con fines de entrenamiento de IA\n- Cualquier forma de acuñación de NFT\n\n▶ A tener en cuenta\n- Si la publicación contiene spoilers, indícalo claramente con la etiqueta «Spoilers».\n- Evita modificaciones que distorsionen la personalidad de un personaje o los temas de la obra.\n- Los menores de edad deberán obtener el consentimiento de sus padres o tutores antes de usar el material.\n- Los presentes términos podrán modificarse sin previo aviso.\n"
512558277600641024,■MODO MADRE
512558277600641025,"¡Pulsa tab para poner que salga algo decente en la pantalla! Aunque tu madre vea lo que haces, no se dará cuenta de que estás viciando."
512823673373229056,Guía
512823673406783488,Sitio oficial
