359374716964864,Main Menu
359790565429248,New Dream
697230144606208,เมนู
697443559182336,หน้าไตเติ้ล
697599742480384,เล่น
699032378314752,เมตาเกม
701075566399488,เมนู
701508766699520,นิยาย
701581047140352,ปรับจูน
701656469114880,ภาษา
701778028433408,ปิด
702720903778304,รายชื่อโน้ตเพลง
702949178773504,ปิด
703432719110144,กำลังเชื่อมต่อ
706156462379008,ภาษา
706397228011520,ปิด
372908906425516032,โซเชียล
372908906425516033,บันทึกความฝัน
372908906425516034,สำรวจห้อง
372908906425516035,พลังชีวิต
372908906425516036,สิ่งที่ต้องทำ
372908906425516037,รูปของฉัน
372908906429710336,ตั้งค่า
372908906429710337,ZIP
372908906429710338,ถังขยะ
372910093082198016,เพลงเดนปะ
372922115467411456,Q
372922115467411457,Yunyun
372922115467411458,ระดับใจเต้น
372922115467411459,ระดับ Yunyun
372922115467411460,HYPE
372929733636292608,NORMAL
372929733636292609,ตื่นตัว
372929733640486912,ไร้ชีวิต
372929733640486913,เคลียร์ 1 ครั้ง
372929733640486914,Rank A ขึ้นไป
372929733640486915,FULL COMBO
372929733640486916,RATE 95% ขึ้นไป
372929733640486917,⇅เรียง
372929733640486918,ร้อง : {name}
372929733640486919,ทำนอง : {name}
372929733640486920,เนื้อร้อง : {name}
372936789667774464,⇅เรียง
372936789697134592,{name} UP
375435576814501888,Q
375435576835473408,@yunyuniloveyou
375435576835473409,Yunyun I Love you.
375435576835473410,ผู้ติดตาม
375435576835473411,กำลังติดตาม
384731644312059904,boot sequense:::START
384731644341420032,[RECEIVING SIGNAL YUNYUN ENTITY]
384731644341420033,....................
384731644341420034,EROR:IDENTITY OVERLAY DETECTED
384731644341420035,merging user with entity
384731644341420037,SYNC COMPLETE
384731644341420038,WELCOME TO Yunyun Syndrome!? Rhythm Psychosis
384732430026833920,Q SYSTEM version 0.88 \n©Alliance Arts Inc. / Developed by WHO YOU
384744829031186432,ออก
384746919015120896,โหลดความฝัน
384746919073841152,EXTRA
385428742204456960,คะแนนสูงสุด
385428742242205696,แรงก์
385439829188575232,เรียบเรียง : {name}
385849607983366144,ERROR#&%@!
385849608025309184,> Yunyun\nเฮ้อออ! เดนปะขาดแคลนขั้นวิกฤตเลย!
385849608025309185,> Yunyun\nว้าย! พังซะแล้ว!\nลองไปเช็กที่ โหลดความฝัน ดูสิ!!
385884829454073856,ERROR#&%@!
385903467410128896,รายการอีเวนต์
385903467410128897,แกลเลอรี BGM
385903467410128898,เครดิต
385903467410128899,> Yunyun\nนี่คือหน้าพิเศษล่ะ!
385903467426906112,AUTO SAVE
385903467426906113,MEMORY {num}
385903467426906114,▼DATE\n{yyyy}/{MM}/{dd}\n{time}
385930878222761984,ตอน : {text}
387668255198838784,แมพ:{name}
391392601318785024,Yunyun-Wiki\npediQ
400535952903274496,> Yunyun\nเพิ่มเดนปะให้เยอะกว่านี้อีก!
400535952945217536,> Yunyun\nต้องส่งความรู้สึกนี้ไปถึง Q ให้ได้......!
400535952945217537,> Yunyun\nยุนยูน!
402137850064306176,กลับ
402152904314748928,ตั้งค่าพื้นฐาน
402152904352497664,เกมจังหวะ
402152904352497665,ตั้งค่าปุ่ม
402152904352497666,ตั้งค่าภาษา
402250472981954560,> Yunyun\nมาปรับแต่งการตั้งค่ากัน!
402250473019703296,> Yunyun\nมาปรับแต่งการตั้งค่ากัน!\nดูความเร็วตัวอักษรได้จากตรงนี้นะ
402250473019703297,> Yunyun\nไปสนุกกับจังหวะกันเลย!
402250473019703298,> Yunyun\nตั้งค่าปุ่มนะ
402250473019703299,> Yunyun\nตอนนี้เป็นภาษาไทยยุน!
402250473019703300,ระบบ
402250473019703301,ตั้งค่าภาพ
402250473019703302,หน้าต่าง
402250473019703303,เต็มหน้าจอ
402250473019703304,ไร้ขอบ
402250473019703305,ความละเอียด
402250473019703306,3840×2160
402250473019703307,2560×1440
402250473019703308,1920×1080
402250473019703309,1600×900
402250473019703310,1440×900
402250473019703311,1280×720
402250473019703312,เฟรมเรต
402250473019703313,V-Sync
402250473019703314,60FPS
402250473019703315,120FPS
402250473019703316,ไม่จำกัด
402250473019703317,ความเร็วข้อความ
402250473019703318,ช้า
402250473019703319,ปกติ
402250473019703320,เร็ว
402250473019703321,สูงสุด
402250473019703322,ระดับเสียงรวม
402250473019703323,เพลงเดนปะ
402250473019703324,SE ระบบ
402250473019703325,เสียงพากย์
402250473019703326,BGM
402250473019703327,SE อีเวนต์
402250473019703328,เกมจังหวะ
402250473019703329,ON
402250473019703330,OFF
402250473019703331,รูปแบบเลน
402250473019703332,กว้าง
402250473019703333,แคบ
402250473019703334,ปรับจังหวะการกด
402250473019703335,โหมดกระจก
402250473019703336,เส้นกดพร้อมกัน
402250473019703337,แสดงตัวละคร
402250473019703338,เอฟเฟกต์การ์ดเอกสารลับ!
402250473019703339,ความสว่างพื้นหลัง
402250473019703340,ตั้งค่าปุ่ม
402250473019703341,เลน 1
402250473019703342,เลน 2
402250473019703343,เลน 3
402250473019703344,เลน 4
402250473019703345,โพสต์
402250473019703346,กดปุ่มที่อยากใช้กับ '{lane}' ยุน!
402250473019703347,日本語
402250473019703348,English
402250473019703349,简体中文
402250473019703350,繁體中文
402250473019703351,한국어
402254292080295936,DEFAULT
402257783737712640,ระดับเสียง
402258653271457792,0
402258653275652096,MAX
402259728498065408,สอนเล่น / ตัวอย่างตั้งค่า
402260409682395136,ความเร็วโน้ต
402262408679292928,ภาษา
402503633244160000,> Yunyun
405441114889420800,ความยาก
405862380557467648,ใจเต้น
405862380599410688,Yunyun
405862380599410689,HYPE
408050705066262528,ไอเทม
408094764975685632,ชื่อเพลง
408795089361600512,ลองใหม่
408795089390960640,ยอมแพ้
408795089390960641,ไปต่อ
408810702364639232,1 ดาว ★☆☆☆☆
408810702402387968,2 ดาว ★★☆☆☆
408810702402387969,3 ดาว ★★★☆☆
408810702402387970,4 ดาว ★★★★☆
408810702402387971,5 ดาว ★★★★★
410592432146776064,ชื่อเพลง
410592432239050752,DEFAULT
415542925398802432,ชื่อเพลง {title}\nนักร้อง {singer}\nเนื้อร้อง {lyricist}\nทำนอง {composer}\nเรียบเรียง {arran}\nสร้างโน้ตเพลง {score_editor}
415579311279603712,Yunyun Syndrome!? Rhythm Psychosis  Version {version}
415610741573451776,แจ้งปัญหา
415610741594423296,ติดต่อเรา
415610741594423297,ส่งคลื่น Yunyun
415610741594423298,BACK
417729278052040704,กร๊ากกก
417806557235019776,สล็อต
417806557264379904,แนะนำ
420771583285690368,> Yunyun
420771583327633408,จะกู้ข้อมูลในถังขยะคืนมามั้ย?
420776507809628160,> Yunyun
420776507843182592,ใส่รหัสผ่านยุน!\nพิมพ์คำติดปาก Yunyun เป็นภาษาอังกฤษยุน!
420947398027804672,เพลง {id}
421834168009392128,ข้ามวิดีโอไหม?
423178542169358336,1024×576
423178542207107072,854×480
424005319653490688,Discord
424005319695433728,ระดับคลื่นเดนปะไม่พอ!\nต้องให้ถึง 100% ก่อนถึงจะส่งได้นะ
424005319695433729,จะโหลดข้อมูลเซฟเหรอ?
424005319695433730,จะเขียนทับข้อมูลเซฟเหรอ?
424005319695433731,01 สัญญาณเริ่มต้น
424008151483973632,ข้อมูลเซฟนี้เขียนทับไม่ได้นะ
424031540604993536,±แสดงความคลาดเคลื่อน
424352715050745856,ตั้งค่า
424762825073917952,คีย์บอร์ด
425459214246379520,คนที่อ่านข้อความของ Q จะตีความว่าไงนะ...?
425459214279933952,ผู้รับสัญญาณคลื่นเพี้ยนจะตีความว่าไงนะ...?
425459214279933953,ชาวเน็ตจะมีปฏิกิริยายังไงนะ...?
425459214279933954,นั่นคือทางเลือกของโลก...!
425459214279933955,อะไรจะออกน้า! อะไรจะออกน้า!
425459214279933956,ตื่นเต้น... ตื่นเต้นสุดๆ!
426159465076785152,"กดที่ ""เพลงเดนปะ"" เลยยุน!"
426159465114533888,Yunyun! Yunyun!
426159465114533891,มุ่งสู่ระดับใจเต้น 20% ยุน!
426159465114533892,รับสัญญาณเดนปะเยอะๆ\nแล้วเรียกความรู้สึกใจเต้นกลับมายุน!
426159465114533893,มุ่งสู่ระดับใจเต้น 40% ยุน!
426159465114533894,รับสัญญาณเดนปะเยอะๆ\nแล้วเรียกความรู้สึกใจเต้นกลับมายุน!
426159465114533895,มุ่งสู่ระดับใจเต้น 50% ยุน!
426159465114533896,รับสัญญาณเดนปะเยอะๆ\nแล้วเรียกความรู้สึกใจเต้นกลับมายุน!
426159465114533897,มุ่งสู่ระดับ Yunyun 50% ยุน!
426159465114533898,ส่งคำหวานผ่านเดนปะ\nแล้วมาหยุนหยุนกันยุน!
426159465114533899,มุ่งสู่ HYPE 50% ยุน!
426159465114533900,
426204373489713152,ดูเหมือนหมดแรง ขยับไม่ไหวยุน
426943935656656896,โน้ตเดี่ยว
426943935690211328,กดคีย์บอร์ดให้ตรงจังหวะตอนโน้ตวิ่งมาถึงเส้นตัดสินนะ!
426943935690211329,โน้ตยาว
426943935690211330,ถ้าเจอโน้ตยาว ให้กดค้างตอนมันวิ่งมาถึงเส้นตัดสินนะ!
426943935690211331,โน้ตรัว
426943935690211332,รัวคีย์บอร์ดให้ครบตามจำนวนครั้งที่กำหนดเลย!
426950895399501824,จะจบการสอนเล่นเลยมั้ย?
426950895433056256,ถัดไป
427623371884363777,Tutorial/Screenshot1
427623371884363778,■เพลงเดนปะ
427623371884363779,คลิกที่เพลงเดนปะ\nจับจังหวะเพื่อรับสัญญาณ\nแล้วมาใจเต้นตึกตักกันเถอะ!
427623371884363780,Tutorial/Screenshot2
427623371884363781,■การเพิ่มระดับคลื่นเดนปะ
427623371884363782,เพลงเดนปะช่วยเพิ่มระดับคลื่นเดนปะนะ!\nถ้าปลดล็อกความสำเร็จได้จะเพิ่มเยอะมากเลย!\nมุ่งสู่ 100% กันเถอะ!
427623371884363783,Tutorial/Screenshot1
427623371884363784,■การเพิ่มพลังชีวิต
427623371884363785,พอเล่นเพลงเดนปะ ระดับใจเต้นจะเพิ่มขึ้นนะ!\nส่วนค่าอื่นๆ... ไว้จะอธิบายทีหลังละกัน!
427623371884363786,Tutorial/Screenshot2
427623371884363787,■การ์ดแถลงการณ์รั่ว
427623371884363788,เป็นการ์ดที่สร้างจากข้อความของ Q ไงล่ะ!\nรวมให้ครบ 3 ใบแล้วโพสต์ลงเน็ตได้เลย!\nโอกาสได้การ์ดจะเปลี่ยนไปตามระดับใจเต้น\nระดับ Yunyun และค่าคาริสม่าของ Q นะ!
427623371884363789,Tutorial/Screenshot2
428239508699512832,จบการสอนเล่น
428239508741455872,Enter
428254632835448832,จะจบการสอนเล่นเลยมั้ย?
430364152730648576,LOG
430364152835506176,ออโต้
430364152835506177,ข้าม
430364152835506178,เสียง
430514124142837760,กำลังโหลด
430531574318137344,หมดเวลาทดลองเล่นแล้ว
430754866958336000,รหัสผ่านผิดนะยุน!
430899870125162496,■สิ่งที่ต้องทำ
430899870192271360,เช็คเป้าหมายปัจจุบันได้เลย!
430899870192271361,Tutorial/Screenshot3
430899870192271362,■พลังชีวิต
430899870192271363,ดูสถานะของ Q ได้นะ!
430899870192271364,Tutorial/Screenshot4
430899870192271365,■สำรวจห้อง
430899870192271366,ถ้าใจ Q เต้นตึกตัก\nแล้วร่าเริงขึ้นมา อาจจะทำได้นะ?
430899870192271367,Tutorial/Screenshot4
430899870192271368,■เพลงเดนปะ
430899870192271369,สนุกไปกับจังหวะเพลงเดนปะ\nแล้วรับสัญญาณเดนปะกัน!
430899870192271370,Tutorial/Screenshot1
430899870192271404,■สำรวจ
430899870192271405,จะสำรวจได้เมื่อระดับใจเต้นเกิน 20% นะ!\nลองคลิกสำรวจดูหลายๆ ที่สิ!
430899870192271406,Tutorial/Screenshot3
430899870192271407,■การ์ดแถลงการณ์รั่ว
430899870196465664,พลังชีวิตจะเปลี่ยนไปตามชนิดการ์ดที่โพสต์นะ!\n・DOKIDOKI : 1 ใบ เพิ่มระดับใจเต้น 4%\n・Yunyun: 1 ใบ เพิ่มระดับ Yunyun 4%\n・HYPE : 1 ใบ เพิ่มค่าคาริสม่า 4%
430899870196465665,Tutorial/Screenshot2
430899870196465666,■ดาวของการ์ดแถลงการณ์รั่ว
430899870196465667,การ์ดแถลงการณ์รั่วมีตั้งแต่ 1-5 ดาวนะ!\nยิ่งดาวเยอะ ยิ่งเกิดผลลัพธ์สุดยอดได้ง่ายขึ้น!
430899870196465668,Tutorial/Screenshot2
430899870196465669,■ทฤษฎีสมคบคิด
430899870196465670,พอเกิดทฤษฎีสมคบคิด ระดับคลื่นเดนปะจะเพิ่มขึ้น! มุ่งสู่ระดับ 100% กันเลย!
430899870196465671,Tutorial/Screenshot2
430899870196465672,■เลเวลทฤษฎีสมคบคิด
430899870196465673,ทฤษฎีสมคบคิดเดิมอัปเลเวลได้ 2 ครั้ง! ถ้าทฤษฎีสมคบคิด 5 ดาวโผล่มา... อาจมีอะไรเกิดขึ้นก็ได้นะ?!
430899870196465674,Tutorial/Screenshot2
430899870196465675,ถึงเธอในวันนั้น
430899870196465676,สัญญาณเริ่มต้น
430899870196465677,ตึกตัก Yunyun
430899870196465678,ริม เดอ ลาเซนต์
430899870196465679,Yunyun พาสำรวจ
430899870196465680,โหมดแม่มา!
430899870196465681,รอดพ้นจากแม่จ๋า!
430899870196465682,โดนแม่จ๋าจับได้!
430899870196465683,ชาร์จพลังงาน!
430899870196465684,Yunyun โพสต์!
430899870196465685,เกิดทฤษฎีสมคบคิด!
430899870196465686,ปาฏิหาริย์แห่งรัก!
430899870196465687,ปฏิวัติด้วยบันทึกลับของ Yunyun!
430899870196465688,ผู้รับสัญญาณ Yunyun!
430899870196465689,ความรักจากแฟนคลับแกร่งที่สุด!
430899870196465690,เปิดเผยข้อมูลใหม่!
430899870196465691,P ปรากฏตัว!
430899870196465692,ได้เวลาเช็คข้อมูล!
430899870196465693,ห้ามลงข้อมูลส่วนตัวนะ!
430899870196465694,สาวน้อยเดนปะจอมมโน Q!
430899870196465695,คลื่นพิษของ P!
430899870196465696,เรื่องเศร้าสุดๆ
430899870196465697,ยังจบเกมไม่ได้นะ
430899870196465698,คุรุสุหลับแล้ว
430899870196465699,สัญญาณเริ่มต้น?
430899870196465700,สัญญาณเริ่มต้นงั้นเหรอ?!
431218986526605312,จะให้สอนวิธีเล่นเกมจังหวะดนตรีไหม?
432448074771759104,แม่จ๋า
432475509521285120,(กระเป๋านักเรียนที่เลือกกับพ่อจ๋า... ดีใจจังที่พ่อจ๋าชมว่าน่ารัก...)
432475509538062336,(ฟิกเกอร์โดจินที่ขายในงานอีเวนต์... อยากให้มีของออฟฟิเชียลออกมาบ้างจัง)
432475509538062337,(จะทำด้วยความสมัครใจ จะทำด้วยความสมัครใจ จะทำด้วยความสมัครใจ... สัญญากับแม่จ๋าไว้แล้ว... หนังสือสำนึกผิด)
432475509538062338,(ทีวีเครื่องเบ้อเริ่มในห้องพ่อจ๋า... ฟีลเรโทรนี่มันดีจังเนอะ?)
432475509538062339,(รูปตอนไปเที่ยวสกีกับแม่จ๋าสองคน... หลังจากที่พ่อจ๋าไม่อยู่แล้ว)
432475509538062340,(กระเป๋านักเรียน... ถังขยะ... ของข้างในโดนขโมยไปเพียบ แถมยังโดนทำสกปรกเลอะเทอะไปหมด...)
432475509538062341,"(โปสเตอร์แถมจากนิตยสารตอนวางขาย OVA ม้วน 2 ของ ""ทูตสวรรค์ทัณฑ์ประหาร†กิลติน่า""... รอยที่โดนแม่จ๋าฉีก ซ่อมเสร็จเรียบร้อยแล้ว)"
432475509538062342,(ตุ๊กตาที่เจอในตู้เช่าฝากขาย... ของออฟฟิเชียลไม่น่ามีนี่นา แฟนเมดงั้นเหรอ?)
432475509538062343,(ปลอกหมอนข้าง Yunyun ลิมิเต็ดที่มีแค่ 30 ชิ้นในโลก... โชคดีประมูลได้มาแหละ)
432475509538062344,(ขยะ... ถ้าทำห้องนั่งเล่นรกจะโดนแม่จ๋าดุ แถมตื่นเช้าไม่ไหว มันเลยยิ่งกองพะเนินสินะ...)
432475509538062345,(โน้ตบุ๊กเครื่องเก่า... กะว่าจะเขียนนิยายอยู่แหละ การตั้งค่าพล็อตเรื่องน่าจะออกมาเทพสุดๆ แล้วนะ!)
432475509538062346,(ฟิกเกอร์รางวัล... ชอบเล่นตู้คีบตุ๊กตาก็เลยเผลอเก็บสะสมมาเพียบเลยแฮะ)
432475509538062347,(ข้างนอกเป็นตรอกย่านการค้า... แยกไม่ออกเลยว่าเป็นแสงอาทิตย์หรือแสงไฟกันแน่...)
432475509538062348,(ฉันอยู่ทีมซีฟู้ดนะ...!)
432475509538062349,(กล่องวิเศษที่ทำให้ได้กินข้าวร้อนๆ แม้แม่จ๋าไม่อยู่... Yunyun เองก็มีเซ็ตติ้งว่าชอบไมโครเวฟเหมือนกันนี่เนอะ)
432475509538062350,(ร่องรอยของแม่จ๋า... บางทีตื่นมาของก็ย้ายที่ด้วยแหละ)
432475509538062351,(เจ้า... ผู้ที่ลอดผ่านประตูนี้นั้น จงทิ้งความหวังทั้งปวงเสีย)
432475509538062352,(เสื้อโค้ทของใครกันนะ...?)
432475509538062353,(ช้าก่อน อย่าได้ยื่นมือเข้าไปในทะเลเน่าเชียว...)
432961279398936576,■เครื่องดื่มชูกำลัง
432961279428296704,"ดื่ม ZONe แล้ว Q จะเข้าสู่สภาวะเข้าโซน?! ดาวของ ""การ์ดแถลงการณ์รั่ว"" ที่ได้จาก ""เพลงเดนปะ"" จะบวกเพิ่ม 1 ดวง!"
432961279436685312,Tutorial/Screenshot2
432961279436685313,ZONe
432987649965457408,rimdelacent
432988311977623552,ปลดล็อกคีย์บอร์ดแล้วยุน!
432992895437537280,(ต้องเลิกทำตัวงี่เง่าสักที... หนังสือสัญญากับแม่จ๋า... ความทรงจำหลอนๆ ที่โดนบังคับปั๊มเลือดประทับตรา)
432998098089967616,เหมือนจะกู้ 'เพลงเดนปะ' คืนมาได้แล้วนะ!
432998098089967617,เหมือนจะกู้รูปภาพบางอย่างคืนมาได้แล้วนะ!
432998098089967618,ถังขยะว่างเปล่ายุน!
433074816867794944,คีย์บอร์ดธรรมดา
433074816901349376,ดูเหมือนจะเป็นคีย์บอร์ดที่พ่อจ๋าเคยใช้แหละ!
433074816901349377,คีย์บอร์ดเทพขิงๆ
433074816901349378,"คีย์บอร์ดเทพขิงๆ ที่เล่น ""เพลงเดนปะ"" ในโหมดออโต้ได้! (ไม่มีผลกับความสำเร็จและคะแนนนะ)"
433303487230672896,(ไม่มีแรงขยับตัวเลยแฮะ... หรือเพราะใจมันไม่เต้นตึกตักกันนะ...)
433427943441727488,#???
433702239711952896,ตกลง
433702239821004800,ติดตั้ง
435459201915060224,ระดับใจเต้นไม่พอ ติดต่อแม่จ๋าไม่ได้!
435459201957003264,จะติดต่อให้แม่จ๋ากลับมาไหม?
435459201957003265,ทำให้แม่จ๋ารู้สึกแย่ไปรึเปล่านะ...?
435459201957003266,อ๊ะ! แม่จ๋า...
435459201957003267,เดี๋ยวนะ โกรธจัดเลยนี่นา!!
435459201957003268,กรี๊ด! ขอโทษค่าาา! ขอโทษค่าาา! หนูจะพยายามเป็นผู้ใหญ่ที่ดีให้ได้ค่ะ!!
435459201957003269,กรี๊ดดดดด!!
435459201957003270,ตู้เย็นเต็มแล้ว แต่ระดับใจเต้นลดลงซะงั้น...
435459201957003271,แหะๆ แต่ว่า จริงๆ แล้วก็อยากเจอแม่จ๋านะ
435459201957003272,ขอโทษนะแม่จ๋าที่ทักมาตอนยุ่งๆ แต่อยากบอกว่า... ไม่ได้เจอกันนาน คิดถึงจัง สบายดีไหม? แม่จ๋าคงสบายดีแหละ แต่กินข้าวบ้างหรือเปล่า? หนูอยู่ได้ด้วยเครื่องดื่มชูกำลังแหละ อ๊ะ แต่ในตู้เย็นเหมือนจะหมดแล้วแฮะ ขอโทษที่เป็นคนเลือกกินนะ โดนดุตั้งกี่ครั้งก็แก้ไม่หายสักที ไม่ได้เรื่องเลยเนอะเรา สำนึกผิดอยู่จริงๆ นะ? นอกเรื่องไปไกลเลย รู้ว่ากลับบ้านมันลำบาก ที่ทำงาน (?) ก็ไกล แถมยุ่งด้วย แต่อยากเจออ่ะ เรื่องเรียนก็ไม่ค่อยคืบหน้า ไม่รู้ว่าเป็นเด็กดีของแม่ไหม แต่ถ้าได้เจอแม่จ๋าคงดีใจน่าดู ขอร้องได้มั้ยนะ?
435459201957003273,"แม่จ๋า สบายดีไหม? หนูสบายดีเพราะ ""Yunyun"" เลยนะ แต่ในความจริงมันโดดเดี่ยว คนเดียวที่นึกถึงก็มีแต่แม่จ๋า เลยเผลอส่งข้อความไป เซ้าซี้จังเลยเนอะ แต่อยากให้กลับมาบ้างจัง ถ้าแม่จ๋ากอด ระดับใจเต้นของหนูคงพุ่งปรี๊ดแน่ๆ ขอโทษที่เอาแต่ใจนะ อยากได้คำตอบจัง แล้วก็ ถ้าจะกลับมา ขอโทษจริงๆ นะ แต่ช่วยซื้อบะหมี่ถ้วยกับเครื่องดื่มชูกำลังมาเติมให้หน่อยสิ ไม่ได้ไปโรงเรียน ไม่ได้ทำงานแท้ๆ ขอโทษนะ หนูมันก็แค่ตัวผลาญข้าวสุกสินะ"
435459201957003274,ยุนยู้น! ริม เดอ ลาเซนต์! ตอนนี้ Q ใจเต้นตึกตักเพราะคลื่นเดนปะแห่งความรักจาก Yunyun เลยนะ! แม่จ๋าที่ทำงานอยู่เป็นไงบ้างเอ่ย? ใจเต้นไหม? เหนื่อยรึเปล่า? จะส่งคลื่นเดนปะแห่งความรักให้แม่จ๋าที่ทำงานหนักนะ! แม่จ๋าสุดยอด สวย พึ่งพาได้ เป็นความภาคภูมิใจของหนูเลย รักนะ! รักนะ! รักที่สุด! รักมากๆ! เพราะงั้นอย่าฝืนนะ พักผ่อนบ้าง? ไม่ต้องไปข้างนอก มาพักที่บ้านก็ได้นะ? เพราะหนูก็อยู่ที่บ้านนี่นา! (ลูกสาวที่หิวโหยทั้งกายและใจรอแม่จ๋ากลับบ้านอยู่นะ!)
435459201957003275,"แม่จ๋า! ( ´∀｀)σ)∀) ทำไรอยู่ที่ไหนหรอ? (´・ω・) หนูเหรอ ก็เล่นคอมกลิ้งไปกลิ้งมาไง (；´Д｀) นี่ แม่จ๋า... หรือว่าเดทกับแฟนอยู่? ( ﾟдﾟ ) ถ้างั้นคงสนุกน่าดู แต่หนูเหมือนโดนทิ้งเลย เศร้าจัง (´・ω・｀) ก็เลยเผลอส่งข้อความมาซะงั้น m9(Д) ฮ่าๆ จริงๆ แล้ว อยากให้แม่จ๋าพูดว่า ""กลับมาแล้ว"" แล้วหนูตอบว่า ""ยินดีต้อนรับกลับ"" จัง (〃▽〃) รู้ว่าเอาแต่ใจนะ แต่แค่ตอบกลับก็ยังดี (´・∀・｀) ถ้าจะกลับมา มีเรื่องจะขอด้วย (；´∀｀) ช่วยซื้อขนมปังร้านสะดวกซื้อหรือบะหมี่ถ้วยมาหน่อยสิ นิดเดียวก็ได้ แต่ที่ขาดไม่ได้คือเครื่องดื่มชูกำลัง! (ﾟ∀ﾟ) รู้ตัวแหละว่าเป็นคนไม่ได้เรื่อง ไม่เรียนไม่ทำงาน (ヽ´ω`) ถึงงั้นก็ไม่อยากให้แม่จ๋าทิ้งไปหรอกนะ"
435459201957003276,นี่... ท่านแม่ (แม่จ๋า) ที่ทำงานนั้นขายดอกไม้แบบไหนเหรอ?\nนี่... ท่านแม่ (แม่จ๋า) ที่ทำงานนั้นดื่มเหล้าแบบไหนเหรอ?\nนี่... ท่านแม่ (แม่จ๋า) ที่ทำงานนั้นร่างกายไม่เจ็บปวดแล้วเหรอ?\nนี่... ท่านแม่ (แม่จ๋า) ที่ทำงานนั้นเราอยู่ด้วยกันไม่ได้เหรอ?\nนี่... ท่านแม่ (แม่จ๋า)...\n(แม่จ๋ารุ่นที่ฟังศิลปินคนนั้นใช่ป่ะ? ฮ่าๆ)
435459201957003277,แม่จ๋าาาาาา!\nแม่จะกลับมาหาหนูไหมน๊า?
435459201957003278,ขอโทษที่ทักมานะ แค่อยากส่งข้อความหาน่ะ หนูสบายดี ใช้ชีวิตเงียบๆ ไม่สร้างความเดือดร้อนให้ใครตามที่แม่บอก จะพยายามเรื่องเรียนด้วย ถ้าเป็นฮิคิโคโมริต่อไปคงทำให้แม่ลำบาก เลยคิดว่าจะทำตัวให้เป็นผู้เป็นคนขึ้นน่ะ
435459201957003279,แม่จ๋า หนูพยายามด้วยตัวคนเดียวอยู่นะ
435459201957003280,ตั้งใจทำงานนะ! อ๊ะ ไม่ได้จะกดดันนะ แค่อยากให้แม่จ๋าสบายดี...
435459201957003281,แม่จ๋า ไม่ต้องห่วงหนูนะ หนูสบายดี
435459201957003282,รักนะ
435469093350572032,อ\nย\nา\nก\nเ\nจ\nอ\nแ\nม่\nจ๋\nา\n! เหงาด้วย หิวด้วยอ่ะ!!
435543370896670720,อ่านแล้ว
435902026695737344,กดปุ่ม Tab เพื่อเปลี่ยนหน้าจอนะ!
436301150398087168,■เปลี่ยนโหมด
436301150431641600,เลือกโหมดไหนก็ไม่มีผลต่อความได้เปรียบเสียเปรียบนะ!\n 【NORMAL】โหมดแนะนำ\n 【ตื่นตัว】โหมดที่ท้าทายขึ้นมาหน่อย\n 【จัดเต็ม】โหมดที่ท้าทายยิ่งกว่าเดิม\n 【ไร้ชีวิต】สำหรับผู้เล่นระดับฮาร์ดคอร์
436301150431641601,■NORMAL
436301150431641602,จังหวะรับสัญญาณของ NORMAL!\n ・PERFECT: ±50\n ・GREAT: ±101\n ・GOOD: ±191
436301150431641603,■ตื่นตัว
436301150431641604,จังหวะรับสัญญาณของตื่นตัว!\n ・PERFECT: ±33\n ・GREAT: ±66\n ・GOOD: ±151
436301150431641605,■เปรี๊ยะๆ
436301150431641606,จังหวะรับสัญญาณของเปรี๊ยะๆ!\n ・PERFECT: ±33\n ・GREAT: ±66\n ・GOOD: ±101
436313355180998656,■รูปแบบเลน
436313355214553088,เลือกได้ระหว่างโหมดกว้าง\nกับโหมดสลิมนะ!
436313355214553089,■ความเร็วโน้ต
436313355214553090,ปรับความเร็วโน้ตที่ตกลงมาได้นะ!
436313355214553091,■±แสดงความคลาดเคลื่อน
436313355214553092,แสดงค่าความคลาดเคลื่อนจาก PERFECT นะ!
436313355214553093,■ปรับจังหวะการกด
436313355214553094,ปรับจังหวะการกดได้นะ!\n\nถ้าค่าคลาดเคลื่อนเป็น +5.0 บ่อยๆ\nให้ปรับเป็น -5.0 เพื่อให้ใกล้ 0 นะ!
436313355214553095,■โหมดกระจก
436313355214553096,โน้ตที่ตกลงมาจะกลับด้านซ้ายขวานะ!
436313355214553097,■เส้นกดพร้อมกัน
436313355214553098,จะทำให้รู้ว่าโน้ตไหนต้องกดพร้อมกันนะ!
436313355214553099,■เอฟเฟกต์การ์ดเอกสารลับ!
436313355214553100,เอฟเฟกต์การ์ดเอกสารลับจะหายไปนะ!
436322615243735040,■แสดงตัวละคร
436322615264706560,คน... จะหายไป... นะ!
436322615264706561,■เอฟเฟกต์การ์ดเอกสารลับ!
436322615264706562,เอฟเฟกต์การ์ดเอกสารลับจะหายไปนะ!\nไม่รู้ว่าคืออะไรเหรอ?\nลองสำรวจฝันนี้ไปอีกหน่อยสิ!
436322615264706563,■ความสว่างพื้นหลัง
436322615264706564,ปรับให้มืดหรือสว่างได้ตามใจเลย!\nช่วยปรับให้มองเห็นโน้ตง่ายขึ้นนะ!
436322615264706565,■ตั้งค่าปุ่ม
436322615264706566,ปรับให้มืดหรือสว่างได้ตามใจเลย!\nช่วยปรับให้มองเห็นโน้ตง่ายขึ้นนะ!
436322615264706567,■ความสำเร็จ
436322615264706568,ถ้าได้รับ ระดับคลื่นเดนปะจะเพิ่มขึ้นนะ!\nใช้ร่วมกันในทุกความฝันเลย\nยิ่งเล่นเพลงใหม่ๆ ก็จะยิ่งเก็บได้ไวขึ้นด้วย!
436489289930539008,■แม่จ๋า
436489289964093440,Q จะติดต่อหาแม่จ๋านะ\nระดับใจเต้นจะลดลง 50% แต่แลกกับ\nของในตู้เย็นจะกลับมาเต็มเหมือนเดิมเลย!
436557321067462656,■ระดับคลื่นเดนปะ
436557321121988608,เป้าหมายของ 'Yunyun Denpa Syndrome' คือทำให้ถึง 100%!\n\nทั้งหมดก็เพื่อ 'ส่งสัญญาณเดนปะจาก Yunyun' ให้ Q ไงล่ะ!
436636402375098368,■โหมดแม่มา!
436636402400264192,กดปุ่ม Tab เพื่อเปลี่ยนเป็นหน้าจอที่ดูใสซื่อบริสุทธิ์สุดๆ! ถึงแม่มาเห็นก็ไม่รู้หรอกว่าเล่นเกมอยู่ ปลอดภัยหายห่วง!
437990325392408576,"จะเริ่มโหมดออโต้รวมร่างทรง Yunyun ไหม? (ระดับ Yunyun -50% เล่น ""เพลงเดนปะ"" แบบสุ่ม 25 นาที และสุ่มเกิดทฤษฎีสมคบคิดสูงสุดถึง 4 ดาว)"
437990325430157312,เวลาที่เหลือ
437990325430157313,ทฤษฎีสมคบคิดที่เกิดขึ้น
437990325430157314,จะยกเลิกโหมดรวมร่างทรง Yunyun ไหม?
438030621417308160,โอกาสทฤษฎีสมคบคิด
438030621417308161,■โหมดออโต้รวมร่างทรง Yunyun
438030621417308162,"ลาก Yunyun ไปใส่ Q เลย! โหมดนี้ใช้ระดับ Yunyun 50%! จะรับสัญญาณ ""เพลงเดนปะ"" แบบสุ่ม 15 นาที! ระหว่างรับสัญญาณ ทฤษฎีสมคบคิดสูงสุด 4 ดาวจะสุ่มโผล่มาด้วยนะ!"
438203185234083840,ระดับ Yunyun ไม่พอ
439051954611716096,ปรับดีเลย์เสียง
439051954645270528,■ปรับดีเลย์เสียง
439051954645270529,ปรับจังหวะเพลงเดนปะกับโน้ตให้ตรงกัน! สะดวกมากเวลาใช้หูฟังบลูทูธ
439204674949775360,โพสต์
440239443036766208,เลือกข้อความที่ Q เขียนมา 3 อัน แล้วโพสต์เลย!
440239443074514944,เพิ่มสเตตัส
440310121102475264,จบ
440355190618619904,ดีใจที่มาเล่นด้วยยุน!!
440953566032723968,SE คีย์บอร์ด
440953566074667008,เสียงเอฟเฟกต์
440953566074667009,เสียงพากย์
442048202323165184,นี่มันแถลงการณ์ชัดๆ
442048202352525312,ขำที่โดนตีความว่าเป็นทฤษฎีสมคบคิดเฉยเลย
442048202352525313,คำทำนายแผ่นดินไหวของ Yunyun
442048202352525314,Yunyun เนี่ย หน้าตาดูเอ๋อๆ เนอะ
442048202352525315,Yunyun ตกยุคไปละ
442048202352525316,คึกคักอะไรกันเนี่ย? ฮ่าๆ
442048202352525317,หลอน
442048202352525318,Q นี่ของจริงเหรอ
442048202352525319,น่าขยะแขยง
442048202352525320,เช็กข้อมูล
442048202352525321,Yunyun ฮ่าๆๆ
442048202352525322,Yunyun เป็น\nคาแรคเตอร์แนวนี้เหรอ?
442048202352525323,กดรายงานแล้ว
442048202352525324,ยึ้ย
442048202352525325,ขำ
442048202352525326,เป็นผู้พยากรณ์จริงๆ เหรอ?
442048202352525327,Yunyun
442048202352525328,ฉันชอบ Yunyun ชอบจริงๆ ชอบมากๆ จริงๆ นะ ชอบขนาดที่พวกแกจินตนาการไม่ถึงเลยล่ะ ชอบจนบรรยายไม่ถูก และมีความเป็นไปได้ 99% ที่ฉันจะยึดติดจนเข้าขั้นป่วยจิต เพราะงั้นอย่ามาตีความความรู้สึกฉันแบบแปลกๆ นะ Yunyun คือ...
442048202356719616,ผู้รับคลื่น Q ฮ่าๆ
442048202356719617,ลองวิเคราะห์แถลงการณ์ในโซเชียลดูแบบจริงจัง\n\n【แถลงการณ์ปริศนา】แถลงการณ์ของ Q เป็นรหัสลับพิเศษ\nที่ทำนายแผ่นดินไหวจากความถี่ของคำว่า 'ยุน' งั้นเหรอ!?\nหลักฐานว่าแถลงการณ์ของ Q เป็นรหัสลับและวันที่เกิดแผ่นดินไหวคือ?\n<color=#1D9BF0>qtube.be/fgjhk...</color>
442050459194261504,[แจ้งเตือนแผ่นดินไหว] เมือง ×× เขต ×× แรงสั่นสะเทือนระดับ 5 ต่ำ ไม่มีความเสี่ยงสึนามิ
442050459194261505,กรมอุตุนิยมวิทยารายงานว่า วันนี้เวลาประมาณ ××:×× น. เกิดแผ่นดินไหวโดยมีศูนย์กลางที่เมือง ××××××× กรุง ××××× ตรวจวัดแรงสั่นสะเทือนได้ระดับ 5 ต่ำในเมือง ××××××× ขณะนี้กำลังตรวจสอบข้อมูลผู้บาดเจ็บและความเสียหายของอาคาร
443938154648600576,Yunyun Syndrome!? Rhythm Psychosis  Demo Version {version}
446052779343118336,30FPS
446082796936658944,ความสว่างเลน
446082796974407680,ความสว่างหมุนวน
446086295816667136,■ความสว่างเลน
446086295850221568,ปรับให้มืดหรือสว่างได้ตามใจเลย!\nช่วยปรับให้มองเห็นโน้ตง่ายขึ้นนะ!
446086295850221569,■ความสว่างหมุนวน
446086295850221570,ปรับให้มืดหรือสว่างได้ตามใจเลย!\nฟังก์ชันนี้สำหรับคนที่ไม่ชอบแสงวิบวับของพื้นหลังหมุนวนนะ!
450611467881971712,อัตโนมัติ
450624822927589376,แก้ดีเลย์เสียงออโต้
450624822956949504,กด Enter ให้ตรงจังหวะเพลงนะ!\nเดี๋ยวจะหาค่าเฉลี่ยจาก 4 ครั้งล่าสุด\nแล้วตั้งค่าที่แนะนำให้เอง!\n(กดค้างเพื่อใช้ค่านี้นะ)
450624822956949505,นำไปใช้
450624822956949506,ค่าปรับดีเลย์เสียง (เฉลี่ย): {time}
450624822956949507,จะจบการปรับดีเลย์เสียง (ออโต้) มั้ย?
451505832514977792,เปรี๊ยะๆ
451505832586280960,【อันดับรายเดือน】
451505832586280961,อัปเดต
451505832586280963,ความยาก
451505832586280964,อันดับ
451505832586280965,ชื่อผู้ใช้
451505832586280966,ความสำเร็จ
451505832586280967,คะแนน
451505832586280968,Observing Glitch “YUN-YUN” -Fragment-
451505832586280969,Observing Glitch “YUN-YUN” -Shape-
451505832586280970,Observing Glitch “YUN-YUN” -Entity-
451505832586280971,Desktop Society
451505832586280972,Glittering Trap
451505832586280973,3NCRYP7ED_H4Z3
451505832586280974,Collapsed Ordinary
451505832586280975,KAKUSEI☆SYNDROME
451505832586280976,Thanks for playing
451505832586280977,EXC3PT!ON_H4NDL1NG
451505832586280978,โลกสมมติอลหม่าน
451505832586280979,EMERGENCY
451505832586280980,ขาดการเชื่อมต่อ
451505832586280981,โหยหวน
451505832586280982,P1XEL_HE4RT_MEM0RY_DVMP
451505832586280983,หัวใจฉัน
451505832586280984,ว่างเปล่า
451505832586280985,คลุ้มคลั่งงงง
451505832586280986,ปลอบประโลม
451505832586280987,หยุดพักชั่วครู่
451506460008022016,เพลง
453614789639438336,เกมหลัก
453614789735907328,DLC
454781211610611712,■ไร้ชีวิต
454781211644166144,จังหวะรับสัญญาณของไร้ชีวิต!\n ・PERFECT: ±21\n ・GREAT: ±41\n ・GOOD: ±101
454781211644166145,■อันดับรายเดือน
454786337998012416,นี่คืออันดับคะแนนของเพลงเดนปะ! รีเซ็ตทุกต้นเดือนนะ! (ประมาณ 18:00 น. ตามเวลาญี่ปุ่น)
461688025463816192,หน้าจอสั่น
461692780747587584,■หน้าจอสั่น
461692780781142016,เปิดปิดหน้าจอสั่นได้นะ!
486178414132363264,Q-Faminico Gamer
486178414182694912,"Yunyun ตัวละครที่กำลังมาแรงในเน็ต!\nผู้สร้างและทีมนักพากย์ต้นฉบับจะมาเผยเสน่ห์ของเธอ!\n\n<color=#1D9BF0>qnews.be/news/6699....</color>\n\nหรือว่า Q ที่กำลังเป็นประเด็นจะเป็นคนในทีมงานต้นฉบับกันแน่--?\nคุณ WHO YOU ""ฟันธงตัวจริงของ Q ก็คือ......"""
486179209334652928,ผู้ให้กำเนิด Yunyun เปิดใจ\nความจริงของ Yunyun คืออะไรกันแน่?
490310779050033152,ยกเลิกการโพสต์
490310779100364800,■ยกเลิกการโพสต์
490310779100364801,ยกเลิกการเผยแพร่เอกสารปริศนาและการเกิดทฤษฎีสมคบคิด!
491313981358768128,■ยกเลิกการโพสต์
491313981400711168,ยกเลิกการเผยแพร่เอกสารปริศนาและการเกิดทฤษฎีสมคบคิด!\nไม่รู้ว่าคืออะไรเหรอ?\nลองสำรวจฝันนี้ไปอีกหน่อยสิ!
492511546154582016,∞ ดาว  ERROR
492511546183942144,0 ดาว ☆☆☆☆☆
