359374716964864,标题界面
359790565429248,新梦境
697230144606208,菜单
697443559182336,标题界面
697599742480384,游玩
699032378314752,退出游戏
701075566399488,菜单
701508766699520,故事
701581047140352,校正
701656469114880,显示语言
701778028433408,关闭
702720903778304,谱面列表
702949178773504,关闭
703432719110144,正在连接
706156462379008,显示语言
706397228011520,关闭
372908906425516032,社交网站
372908906425516033,Diary
372908906425516034,探索房间
372908906425516035,健康状态
372908906425516036,待办事项
372908906425516037,我的图片
372908906429710336,设置
372908906429710337,ZIP
372908906429710338,回收站
372910093082198016,电波歌曲
372922115467411456,小Q
372922115467411457,晕晕
372922115467411458,心动度
372922115467411459,晕晕度
372922115467411460,领袖度
372929733636292608,普通
372929733636292609,信号满格
372929733640486912,音游痴专用
372929733640486913,首次通关
372929733640486914,达成A级以上
372929733640486915,达成全连
372929733640486916,RATE 95%以上
372929733640486917,⇅排序
372929733640486918,歌唱 : {name}
372929733640486919,作曲 : {name}
372929733640486920,作词 : {name}
372936789667774464,⇅排序
372936789697134592,{name} UP
375435576814501888,小Q
375435576835473408,@yunyuniloveyou
375435576835473409,晕晕 I love you.
375435576835473410,关注者
375435576835473411,正在关注
384731644312059904,boot sequence:::START
384731644341420032,[RECEIVING SIGNAL YUNYUN ENTITY]
384731644341420033,....................
384731644341420034,EROR:IDENTITY OVERLAY DETECTED
384731644341420035,merging user with entity
384731644341420037,SYNC COMPLETE
384731644341420038,WELCOME TO 晕晕电波症候群
384732430026833920,Q SYSTEM version 0.88\n©Alliance Arts Inc. / Developed by WHO YOU
384744829031186432,退出游戏
384746919015120896,读取梦境
384746919073841152,额外内容
385428742204456960,高分
385428742242205696,评级
385439829188575232,编曲 : {name}
385849607983366144,ERROR縺?繧?ｓ
385849608025309184,> 晕晕\n啊～～！电波严重不足晕！
385849608025309185,> 晕晕\n哇哇！坏掉了晕！\n试试“读取梦境”吧！！
385884829454073856,ERROR縺?繧?ｓ
385903467410128896,开场动画
385903467410128897,BGM鉴赏厅
385903467410128898,制作人员
385903467410128899,> 晕晕\n特别的一页晕！
385903467426906112,自动存档
385903467426906113,回忆 {num}
385903467426906114,▼日期\n {yyyy}/{MM}/{dd}\n {time}
385930878222761984,章节 : {text}
387668255198838784,谱面制作: {name}
391392601318785024,晕晕-Wiki\npediQ
400535952903274496,> 晕晕\n继续多多提高电波度晕！
400535952945217536,> 晕晕\n绝对要把这份思念，传达给小Q……！
400535952945217537,> 晕晕\n晕晕～！
402137850064306176,返回
402152904314748928,基础设置
402152904352497664,节奏游戏
402152904352497665,按键设置
402152904352497666,语言设置
402250472981954560,> 晕晕\n捣鼓一下各项设置晕！
402250473019703296,> 晕晕\n捣鼓一下各项设置晕！\n文字的滚动速度可以参考这里晕
402250473019703297,> 晕晕\n跟上节奏晕！
402250473019703298,> 晕晕\n在这里设置按键晕
402250473019703299,> 晕晕\n目前的显示语言是简体中文晕！
402250473019703300,系统
402250473019703301,显示模式
402250473019703302,窗口
402250473019703303,全屏
402250473019703304,无边框
402250473019703305,分辨率
402250473019703306,3840×2160
402250473019703307,2560×1440
402250473019703308,1920×1080
402250473019703309,1600×900
402250473019703310,1440×900
402250473019703311,1280×720
402250473019703312,帧率设置
402250473019703313,垂直同步
402250473019703314,60FPS
402250473019703315,120FPS
402250473019703316,无限制
402250473019703317,文本速度
402250473019703318,慢
402250473019703319,普通
402250473019703320,快
402250473019703321,极快
402250473019703322,整体音量
402250473019703323,电波歌曲
402250473019703324,系统音效
402250473019703325,语音
402250473019703326,BGM
402250473019703327,事件音效
402250473019703328,节奏游戏
402250473019703329,开
402250473019703330,关
402250473019703331,轨道类型
402250473019703332,宽
402250473019703333,窄
402250473019703334,调整判定时间
402250473019703335,镜像模式
402250473019703336,同时按键辅助线
402250473019703337,显示人物
402250473019703338,怪文书卡片演出！
402250473019703339,背景亮度
402250473019703340,按键设置
402250473019703341,轨道1
402250473019703342,轨道2
402250473019703343,轨道3
402250473019703344,轨道4
402250473019703345,推文
402250473019703346,输入想要分配给“{lane}”的按键晕！
402250473019703347,日本語
402250473019703348,English
402250473019703349,简体中文
402250473019703350,繁體中文
402250473019703351,한국어
402254292080295936,默认
402257783737712640,音量设置
402258653271457792,0
402258653275652096,最大
402259728498065408,新手教程 / 游戏设置预览
402260409682395136,音符速度
402262408679292928,语言设置
402503633244160000,> 晕晕
405441114889420800,难度
405862380557467648,心动怪文书
405862380599410688,晕晕怪文书
405862380599410689,领袖怪文书
408050705066262528,物品
408094764975685632,曲名
408795089361600512,重新挑战
408795089390960640,放弃挑战
408795089390960641,继续挑战
408810702364639232,1星★☆☆☆☆
408810702402387968,2星★★☆☆☆
408810702402387969,3星★★★☆☆
408810702402387970,4星★★★★☆
408810702402387971,5星★★★★★
410592432146776064,曲名
410592432239050752,默认
415542925398802432,歌曲 {title}\n演唱 {singer}\n作词 {lyricist}\n作曲 {composer}\n编曲 {arran}\n谱面制作 {score_editor}
415579311279603712,晕晕电波症候群 Version {version}
415610741573451776,问题反馈
415610741594423296,其他联络
415610741594423297,晕晕电波发射
415610741594423298,返回
417729278052040704,草wwwww
417806557235019776,栏位
417806557264379904,推荐
420771583285690368,> 晕晕
420771583327633408,要还原回收站里的数据晕？
420776507809628160,> 晕晕
420776507843182592,输入密码晕！\n用英文小写字母把晕晕的口头禅写出来晕！
420947398027804672,歌曲{id}
421834168009392128,是否跳过动画？
423178542169358336,1024×576
423178542207107072,854×480
424005319653490688,Discord
424005319695433728,电波度不足晕！\n 不到100%就无法发射电波晕！
424005319695433729,要读取存档数据晕？
424005319695433730,要覆盖存档数据晕？
424005319695433731,01 最初的电波
424008151483973632,这个存档不能覆盖晕。
424031540604993536,±判定误差显示
424352715050745856,游戏设置
424762825073917952,键盘
425459214246379520,看过小Q文章的人的理解是……？
425459214279933952,电波接收者的理解是……？
425459214279933953,网络上的反应是……？
425459214279933954,那就是世界的选择……！
425459214279933955,要来了晕！有东西要来了晕！
425459214279933956,一把子期待住了……！
426159465076785152,按下“电波歌曲”晕！
426159465114533888,晕晕！晕晕！
426159465114533891,目标是20%心动度晕！
426159465114533892,希望你去多～多地接收电波，\n找回心动的感觉晕！
426159465114533893,目标是40%心动度晕！
426159465114533894,希望你去多～多地接收电波，\n找回心动的感觉晕！
426159465114533895,目标是50%心动度晕！
426159465114533896,希望你去多～多地接收电波，\n找回心动的感觉晕！
426159465114533897,目标是50%晕晕度晕！
426159465114533898,写下充满爱意的话语\n用晕晕电波发射出去晕！
426159465114533899,目标是50%领袖度晕！
426159465114533900,用小Q的电波，\n晕晕地让整个世界陶醉晕！
426204373489713152,小Q好像精神萎靡动不了晕
426943935656656896,单键音符
426943935690211328,在音符下落至与判定线重合的位置时，按下相应按键晕！
426943935690211329,长按音符
426943935690211330,在长按音符下落至与判定线重合的位置时，按住相应按键晕！
426943935690211331,连打音符
426943935690211332,连续多次敲击键盘完成音符晕！
426950895399501824,要结束新手教程晕？
426950895433056256,下一步
427623371884363778,■电波歌曲
427623371884363779,点击电波歌曲，\n跟上节奏接收电波，\n就能猛猛心动晕！
427623371884363781,■电波度的上升
427623371884363782,游玩电波歌、达成成就、获得阴谋论、发生结局，都会让电波度上升晕！\n一起努力冲到100%吧晕！
427623371884363784,■提升健康状态
427623371884363785,游玩电波歌可以提升心动度晕！\n其他参数嘛……以后再解释晕！
427623371884363787,■怪文书卡片
427623371884363788,用小Q写的文章做成的卡片晕！\n3张组合起来就可以发布到网上晕！
428239508699512832,结束教程
428239508741455872,Enter
428254632835448832,要结束新手教程晕？
430364152730648576,记录
430364152835506176,自动
430364152835506177,跳过
430364152835506178,语音
430514124142837760,正在读取
430531574318137344,试玩时间结束
430754866958336000,输错密码啦！
430899870125162496,■待办事项
430899870192271360,可以查看当前目标晕！
430899870192271362,■健康状态
430899870192271363,可以查看小Q的状态晕！
430899870192271365,■探索房间
430899870192271366,等小Q因为心动而恢复精神的时候，\n说不定能试试看晕？
430899870192271368,■电波歌曲
430899870192271369,只要跟上电波歌的节奏，\n就能接收电波晕！
430899870192271404,■探索
430899870192271405,心动度到达20%以上就可以探索晕！\n到处点一点，调查一下吧！
430899870192271407,■怪文书卡片
430899870196465664,卡片发布之后，健康状态就会根据卡片类型发生变化晕！\n・心动：每个星级提升2%心动度\n・晕晕：每个星级提升2%晕晕度\n・领袖：每个星级提升2%领袖度
430899870196465666,■怪文书卡片的星级
430899870196465667,怪文书卡片的星级分为1星到5星晕！\n卡片的星级越高，越容易出现惊人的效果晕！
430899870196465669,■阴谋论
430899870196465670,出现阴谋论，电波度就会上升晕！\n要努力让电波度达到100%晕！
430899870196465672,■阴谋论等级
430899870196465673,同一个阴谋论可以升级2次晕！\n要是出现了5星阴谋论……\n说不定会发生点什么晕？
430899870196465675,献给那一天的你
430899870196465676,最初的电波晕
430899870196465677,心动晕晕
430899870196465678,Rim de Lacent晕
430899870196465679,探索晕晕
430899870196465680,妈妈降临模式晕！
430899870196465681,闪避妈妈降临晕！
430899870196465682,妈妈降临失败晕！
430899870196465683,补充能量晕！
430899870196465684,发布晕晕！
430899870196465685,出现阴谋论晕！
430899870196465686,爱的奇迹晕！
430899870196465687,用晕晕怪文书发动革命晕！
430899870196465688,晕晕电波接收者晕！
430899870196465689,粉丝的爱天下无敌晕！
430899870196465690,新设定公开晕！
430899870196465691,小P登场晕！
430899870196465692,事实核查晕！
430899870196465693,切勿泄露个人信息晕！
430899870196465694,电波妄想美少女Q晕！
430899870196465695,小P毒电波晕！
430899870196465696,悲伤事件晕
430899870196465697,还不能结束晕
430899870196465698,睡吧小玖瑠晕
430899870196465699,最初的电波晕？
430899870196465700,最初的电波晕？
431218986526605312,要开始音游新手教程晕？
432448074771759104,MAMA
432475509521285120,（……小学的时候和爸爸一起挑的书包。\n听到爸爸夸我可爱的时候，真的好开心啊……）
432475509538062336,（活动上买的同人手办。\n官方什么时候也能出个手办啊。）
432475509538062337,（我要主动去做。我要主动去做。\n我要主动去做。这是和妈妈的约定。检讨书。）
432475509538062338,（以前放在爸爸房间里的超大电视。\n这复古的感觉不错吧？）
432475509538062339,（爸爸不在了以后，\n我和妈妈两个人去滑雪旅行时拍的照片。）
432475509538062340,（学校的书包。也是垃圾桶。\n以前里面的东西老是被偷，还总被弄得脏兮兮的。）
432475509538062341,（《处刑天使†基露提那》OVA第2卷发售时的\n杂志赠品海报。被妈妈撕破的地方已经补好了。）
432475509538062342,（在格子铺里发现的玩偶。\n应该不是官方谷，所以大概是粉丝自己做的吧。）
432475509538062343,（全球限量生产30个的晕晕抱枕套。\n运气好在拍卖网站上拍到的。）
432475509538062344,（……垃圾。弄脏客厅会被妈妈骂，\n可早上垃圾车来的时间我又起不来，\n结果就越堆越多……）
432475509538062345,（二手的笔记本电脑。我打算试试写小说。\n设定已经打磨得很好了！）
432475509538062346,（从娃娃机里抓到的手办。我很喜欢玩娃娃机，\n所以不知不觉就收集了很多。）
432475509538062347,（……外面是闹市区的巷子。\n不知道透进来的是阳光还是灯光……）
432475509538062348,（……我是坚定的海鲜味党……！）
432475509538062349,（妈妈不在的时候也能让我吃到热饭的魔法箱。\n我记得晕晕的人设里好像也有喜欢微波炉这一条。）
432475509538062350,（妈妈的痕迹。\n有时候我一觉睡醒，东西还会变位置。）
432475509538062351,（凡穿过此门者，须舍弃一切希望。）
432475509538062352,（……是谁的外套来着……？）
432475509538062353,（……且慢。\n人类决不能染指腐海……）
432961279398936576,■能量饮料
432961279428296704,小Q喝下ZONe，就会进入ZONE状态？！\n这个时候，通过“电波歌曲”获得的\n“█████”的星级会+█晕！
432961279436685313,ZONe
432987649965457408,rimdelacent
432988311977623552,键盘解锁啦！
432992895437537280,（不能再这么笨下去了……\n和妈妈签的誓约书。被逼着按血手印的回忆太可怕了。）
432998098089967616,“电波歌曲”已经还原啦！
432998098089967617,好像有张图片被还原啦！
432998098089967618,回收站空荡荡的晕！
433074816867794944,普通键盘
433074816901349376,好像是爸爸以前用过的键盘晕！
433074816901349377,超厉害键盘
433074816901349378,可以自动玩“电波歌曲”的超厉害的键盘晕！\n（不影响成就和分数晕）
433303487230672896,（……浑身无力不想动呢。\n可能是因为不够心动吧……）
433427943441727488,#？？？
433702239711952896,确定
433702239821004800,使用
435459201915060224,心动度不足，无法联系妈妈晕！
435459201957003264,要不要联系妈妈，拜托她回来一趟晕？
435459201957003265,……我这样会不会烦到她啊……？
435459201957003266,……啊！妈妈……
435459201957003267,……呃，妈妈的心情超级不美丽……！！
435459201957003268,呀啊——！对不起！对不起！！\n我会努力成为像样的大人的！！
435459201957003269,呀啊啊啊————！！
435459201957003270,虽然冰箱是装满了，但是心动度降低了晕……
435459201957003271,欸嘿嘿。\n但其实，我还是很想见妈妈的。
435459201957003272,妈妈对不起，你这么忙，我还发消息打扰你。但怎么说呢……好久没有见到你了，我好想你啊。妈妈，你最近还好吗？我知道你很厉害，肯定能照顾好自己，但我还是想问你有没有好好吃饭呀？我的话，只要有能量饮料喝就撑得住。啊，说起来，冰箱里好像没有能量饮料了？对不起呀，我这么挑食。明明你因为这个问题训过我好多次，但我真的改不过来。我真的好没用啊。但其实我真的有在反省的。话题有点跑偏了呢。妈妈，我知道你回家一趟很麻烦，也知道你工作（？）的地方离家很远，业务也很忙，但是我真的很想见你。虽然说实话我在家没怎么用功学习，也不知道自己能不能当个好孩子，但如果能见到你，我真的会很开心的。所以，你能不能回来一趟呀？
435459201957003273,妈妈，你还好吗？托“晕晕”的福，我过得不错，但在现实世界里还是孤零零的一个人，偶尔想要见谁的时候，脑袋里第一个蹦出来的就是妈妈，所以就忍不住给你发消息了。你肯定觉得我很烦人吧。但我还是希望你能回家，哪怕只是偶尔回来也好啊。如果妈妈能抱抱我，我肯定会高兴得心脏砰砰乱跳。说了这么任性的话，对不起呀。但是能不能给我回个消息呢？\n还有，虽然很不好意思，但你如果回来的话，能不能帮我买点方便面和能量饮料呀？对不起，我知道我既不上学也不工作，天天窝在家里还提这种要求很没脸没皮。我就是个米虫。
435459201957003274,晕晕～！Rim de Lacent！小Q现在正因为晕晕爱的电波猛猛心动呢！那么正在努力工作的妈妈现在如何呢？有猛猛心动吗？还是累瘫了呢？我要向每天辛勤工作的妈妈发射爱的电波！妈妈好厉害，好漂亮，好靠谱，一直是我的骄傲！妈妈我喜欢你！喜欢喜欢最喜欢，妈妈我好爱你呀！所以你不要太勉强自己，偶尔也要好好休息一下哦？累的时候也是可以回家来喘口气的哦？\n因为家里还有我呀！\n（心焦又肚饿的女儿在盼着妈妈回家捏！）
435459201957003275,妈妈酱！( ´∀｀)σ)∀)\n妈妈酱你在哪？(´・ω・)\n你女儿我呀，\n在家里屁事不干，整天就知道玩电脑(；´Д｀)\n\n妈妈呀……\n你是不是在和男朋友约会啊？( ﾟдﾟ )\n那肯定很开心了。我就像条被抛弃的小狗，难受得想掉眼泪(´・ω・｀)所以就忍不住给你发消息啦m9(Д)哈哈哈\n\n其实呀，我很想听妈妈说一句“我回来了”，也希望哪天我从外面回家的时候，能听见妈妈对我说“你回来啦”(〃▽〃)\n我知道这样要求很任性，\n所以哪怕只是回个消息也好，能不能理理我呀？(´・∀・｀)\n\n要是你愿意回来的话，女儿有个小请求(；´∀｀)\n你能不能去便利店买点面包、方便面什么的带回来呀？稍微买一点就好，不用太多的！\n当然，最好是买能量饮料！(ﾟ∀ﾟ)\n我知道自己既没上学也不出去工作，真的很没用(ヽ´ω`)\n\n但我唯独不想被妈妈抛弃啊……
435459201957003276,呐……母亲（妈妈），那家公司里卖着什么花？\n呐……母亲（妈妈），你在公司里喝着什么酒？\n呐……母亲（妈妈），去了公司，身体就不会痛了吗？\n呐……母亲（妈妈），去了公司，我就不能和你在一起了吗？\n呐……母亲（妈妈）……\n（妈妈那一辈的人会听这个乐团的歌对吧w）
435459201957003277,妈妈酱～～～！\n你能不能，回来一趟呀？
435459201957003278,突然给你发消息对不起，我只是有点想你了。\n我现在很好，有听妈妈的话安安静静待着，不吵不闹，不给别人添麻烦。我有在努力生活，也想要努力学习。我知道像这样成天窝在家里只会给妈妈添麻烦，所以也想努力振作起来。
435459201957003279,妈妈，我一个人在默默努力呢。
435459201957003280,工作加油哦！啊，我没有给你压力的意思，只是希望你能好好的……
435459201957003281,妈妈，你不用担心我。\n我现在挺好的。
435459201957003282,最喜欢你了。
435469093350572032,妈\n妈\n我\n好\n想\n见\n你\n呀\n！　我好孤单，肚子也饿扁了啦！！
435543370896670720,已读
435902026695737344,按下Tab键就能切换画面晕！
436301150398087168,■切换难度模式
436301150431641600,切换难度模式不会对游戏剧情和收益产生任何影响晕！\n【普通】推荐体验的模式晕\n【信号满格】更具挑战性的模式晕\n【霹雳啪啦】难度更上一层楼的模式晕\n【音游痴专用】专为一部分硬核玩家准备的模式晕
436301150431641601,■普通
436301150431641602,下面是普通电波的接收时机晕！\n・PERFECT：±50\n・GREAT：±101\n・GOOD：±191
436301150431641603,■信号满格
436301150431641604,下面是信号满格电波的接收时机晕！\n・PERFECT：±50\n・GREAT：±101\n・GOOD：±191
436301150431641605,■霹雳啪啦
436301150431641606,下面是霹雳啪啦电波的接受时机晕！\n・PERFECT：±50\n・GREAT：±101\n・GOOD：±191
436313355180998656,■轨道类型
436313355214553088,可以根据喜好\n切换宽轨模式和窄轨模式晕！
436313355214553089,■音符速度
436313355214553090,可以调整音符下落的速度晕！
436313355214553091,■±判定误差显示
436313355214553092,可以把你的按键输入与PERFECT判定点相比较，\n并用数字形式显示偏差值晕！
436313355214553093,■调整判定时间
436313355214553094,这里可以调整判定时间晕！\n\n比如在判定误差经常显示+5.0的情况下，可以将判定时间调整为-5.0，使两数之和尽量接近0晕！
436313355214553095,■镜像模式
436313355214553096,可以让下落的音符左右翻转晕！
436313355214553097,■同时按键辅助线
436313355214553098,打开之后，就能很轻易地分辨出\n需要同时按下的音符啦！
436313355214553099,■怪文书卡片演出！
436313355214553100,关掉的话，怪文书卡片的演出动画会消失晕！
436322615243735040,■显示人物
436322615264706560,关掉的话，人就不见啦，晕！
436322615264706561,■怪文书卡片演出！
436322615264706562,关掉的话，怪文书卡片的演出动画会消失晕！\n什么？听不明白？\n在这个梦里多玩一会就懂啦！
436322615264706563,■背景亮度
436322615264706564,可以让画面变暗或者变亮晕！\n这样就能调节音符的清晰度啦！
436322615264706565,■按键设置
436322615264706566,可以让画面变暗或者变亮晕！\n这样就能调节音符的清晰度啦！
436322615264706567,■成就
436322615264706568,获得成就能够提升电波度晕！\n成就是所有梦境都通用的晕！\n游玩新曲子获得的效率更高晕！
436489289930539008,■MAMA
436489289964093440,小Q会用它联系妈妈晕。\n联系妈妈会使心动度下降50%，\n但是冰箱里的食材会满血复活晕！
436557321067462656,■电波度
436557321121988608,《晕晕电波症候群》的最终目标，\n就是将电波度提升到100%晕！\n\n一切都是为了向小Q“发送晕晕电波”！
436636402375098368,■妈妈降临模式
436636402400264192,按下Tab键，就能将桌面\n瞬间切换为超～级健全的画面晕！\n这样就算妈妈看见了小Q的桌面，\n也不会觉得她在玩，她就能逃过一劫晕！
437990325392408576,是否启动晕晕附身自动模式晕？\n（晕晕度-50%。15分钟内随机播放“电波歌曲”，\n　并且随机出现1星～4星阴谋论。）
437990325430157312,距离结束还剩
437990325430157313,已出现的阴谋论
437990325430157314,是否退出晕晕附身自动模式晕？
438030621417308160,阴谋论发生概率
438030621417308161,■晕晕附身自动模式
438030621417308162,拎起晕晕，呼啦一下甩到小Q身上去！\n启动这个模式需要消耗50%晕晕度晕！\n模式启动后的15分钟内会随机接收“电波歌曲”晕！\n接收期间会随机出现1星～4星阴谋论晕！
438203185234083840,晕晕度不足晕
439051954611716096,音画延迟调整
439051954645270528,■音画延迟调整
439051954645270529,可以错开歌曲节拍与音符实际出现的时机晕！\n在使用蓝牙耳机打歌的时候非常方便晕！
439204674949775360,发布
440239443036766208,从小Q写的文章里\n选择3篇发布出去晕！
440239443074514944,参数提升
440310121102475264,完成
440355190618619904,谢谢你能来玩！晕晕很高兴晕！！
440953566032723968,键盘音效
440953566074667008,特效音效
440953566074667009,语音
442048202323165184,根本怪文书嘛
442048202352525312,被舞成阴谋论了笑死
442048202352525313,晕晕地震预报
442048202352525314,就我觉得晕晕\n一副傻相吗
442048202352525315,都几几年了还在晕晕啊
442048202352525316,笑死了是在起哄什么
442048202352525317,哈人
442048202352525318,这是真爱
442048202352525319,好恶心哦
442048202352525320,事实核查
442048202352525321,晕晕www
442048202352525322,晕晕是\n这种人设来着？
442048202352525323,举报了
442048202352525324,噫
442048202352525325,草
442048202352525326,真是预言家吗？
442048202352525327,小Q是神
442048202352525328,我喜欢晕晕。真的特别，特别喜欢。是真的。你们根本都没法想 象我有多喜欢她。用语言都没法表达，我这种执着的心态百分之99 是一种病态吧。所以你们不要擅自曲解我的爱。晕晕她是...
442048202356719616,Q电波接收者w
442048202356719617,认真分析了下SNS上常见的怪文书。\n\n【神秘怪文书】小Q怪文书是一种特殊暗号，\n能通过晕的出现频率来预测地震？！\n点击查看小Q怪文书是暗号的证据，它与地震\n发生的日期竟有这种关联——\n<color=#1D9BF0>qtube.be/fgjhk...</color>
442050459194261504,【紧急地震速报】xx都xx市震度5弱 无海啸风险
442050459194261505,据气象厅发表，本日xx时xx分左右发生地震，\n震中为××都××市，当地观测到的最大震度\n为5弱。目前正在排查伤者及建筑物损坏状况。
443938154648600576,晕晕电波症候群 Demo Version {version}
446052779343118336,30FPS
446082796936658944,轨道区背景亮度
446082796974407680,漩涡圈圈背景亮度
446086295816667136,■轨道区背景亮度
446086295850221568,可以调暗或者调亮晕！\n看不清音符的话就调节这个吧！
446086295850221569,■漩涡圈圈背景亮度
446086295850221570,可以调暗或者调亮晕！\n不想被背景里的彩色漩涡圈圈吸引注意力的话，\n就调节这个吧！
450611467881971712,自动
450624822927589376,自动校准音画延迟
450624822956949504,配合节奏按下Enter键晕！\n系统将根据最近4次输入数据的平均值\n自动生成推荐校正值晕！\n（长按即可应用校正值晕！）
450624822956949505,应用
450624822956949506,音画延迟校正值（平均）：{time}
450624822956949507,是否结束校准音画延迟（自动）？
451505832514977792,霹雳啪啦
451505832586280960,【MONTHLY RANKING】
451505832586280961,更新
451505832586280963,难度
451505832586280964,名次
451505832586280965,用户名
451505832586280966,达成率
451505832586280967,分数
451505832586280968,Observing Glitch “YUN-YUN” -Fragment-
451505832586280969,Observing Glitch “YUN-YUN” -Shape-
451505832586280970,Observing Glitch “YUN-YUN” -Entity-
451505832586280971,Desktop Society
451505832586280972,Glittering Trap
451505832586280973,3NCRYP7ED_H4Z3
451505832586280974,Collapsed Ordinary
451505832586280975,KAKUSEI☆SYNDROME
451505832586280976,Thanks for playing
451505832586280977,EXC3PT!ON_H4NDL1NG
451505832586280978,NOISYVERSE
451505832586280979,EMERGENCY
451505832586280980,Disconnected
451505832586280981,Wail
451505832586280982,P1XEL_HE4RT_MEM0RY_DVMP
451505832586280983,My Heart
451505832586280984,Hollow
451505832586280985,MADDDD
451505832586280986,Solace
451505832586280987,A Pause in Passing
451506460008022016,歌曲
453614789639438336,基础
453614789735907328,DLC
454781211610611712,■音游痴专用
454781211644166144,下面是音游痴专用电波的接收时机晕！\n・PERFECT：±21\n・GREAT：±41\n・GOOD：±101
454781211644166145,■月度排行榜
454786337998012416,电波歌的得分排行榜晕！\n每月月初重置晕！
461688025463816192,画面晃动
461692780747587584,■画面晃动
461692780781142016,可以开启或关闭画面晃动效果晕！
486178414132363264,Q研编辑部
486178414182694912,二次元角色晕晕全网爆红！\n原作主创与声优团队畅谈其魅力核心！\n\n<color=#1D9BF0>qnews.be/news/6699....</color>\n\n最近很火的“小Q”不是内部人员？！\nWHO YOU氏：说白了小Q的真实身份……
486179209334652928,晕晕的创造者独家揭秘！\n“晕晕”究竟是什么？
486669372439560192,>晕晕\n……小Q受了太大的打击，\n心灵彻底崩坏了晕……
486669372481503232,>晕晕\n……现实充满了令人难过的事晕……
486669372481503233,>晕晕\n……为了把晕晕的电波，\n传递到小Q的心里……
486669372481503234,>晕晕\n……小Q，小Q，小Q。\n小Q，小Q，小Q……
486669372481503235,>晕晕\n逃避到妄想里，到虚构世界里都没问题晕。\n晕晕只要小Q活着，就……
486669372481503236,>晕晕\n突破100％了。\n等着我哦，小Q。
486669372481503237,>晕晕\n晕晕是为了拯救小Q的心，\n才一直存在的晕！
486669372481503238,>晕晕\n哎嘿嘿。今天是晕晕的生日晕。
486669372481503239,>晕晕\n生日快乐晕！\n今天是小Q的生日晕！
486669372481503240,>晕晕\n新年快乐晕！
486669372481503241,>晕晕\n圣诞快乐晕！\n现充都给我爆炸晕。
486669372481503242,>晕晕\n……为什么……\n这里只有晕晕自己……？
486669372481503243,>晕晕\n明明跟小Q约好了\n要一直在一起的……
486669372481503244,>晕晕\n……这里是…………啊……\n原来是崩溃的……小Q的脑袋里……
486669372481503245,>晕晕\n……从一开始，晕晕的所有回忆就是……\n在小Q的脑海里看到的，妄想……
486669372481503246,>晕晕\n……晕晕电波症候群……
486669372481503247,>晕晕\n……这样就又可以……作为毫不知情的晕晕，\n跟小Q连上电波了晕……
486669372481503248,>晕晕\nRim de Lacent。
486669372498280448,×××0年2月16日。\n爸爸lí hūn了，以后不在家里了。\n\n会lí hūn，好像是因为，妈妈的朋友？\n\n不过爸爸说，他会跟以前一样，\n每3个月就回来看我。\n\n他还摸我的头，说——\n“爸爸永远都会是玖瑠的爸爸”。\n\n爸爸当然就是我爸爸啊，\n为什么要特地这么说呢？\n\n我的姓好像改了，今天以后，\n我好像要叫来栖玖瑠了。\n\n我跟朋友说了，小优说这个新名字有好多数字。\n她还说，玖瑠玖瑠，9696，都是圈圈拖尾巴，\n要不以后就叫你小Q吧。我不是很明白。\n\n小玲说，这个名字念起来很可爱。\n\n可爱吗？那……也不错吧？
486669372498280449,×××4年9月9日。\n今年到目前为止只见了爸爸一次。\n等到上初中了，大概就更见不到他了。\n\n因为上次见面的时候啊，他说——\n“玖瑠，以后你就有妹妹啦”。\n\n骗子。\n明明说过会永远当我的爸爸的。\n\n我只有妈妈了。\n只有妈妈是我一个人的妈妈了。
486669372498280450,×××5年1月6日。\n要跟妈妈搬到别的地方去住了。\n\n好像是因为爸爸给的钱变少了。\n妈妈很生气，砸碎了我的马克杯。\n\n学校好像也要转学，\n去新房子那里，读那边的公立小学。\n\n所以，我不能跟小优和小玲她们上同一个初中了。
486669372498280451,×××5年4月21日。\n我以为来到这边，上初中后就会变好，\n结果也和在这边的小学一样，每天都提心吊胆的。\n\n我好害怕。\n\n可是，又必须努力。\n我不想给妈妈添麻烦。\n\n她每天上班都要到很晚才能回来，好辛苦啊。
486669372498280452,×××5年3月3日。\n妈妈笑我说，\n“玖瑠，你爸也根本不爱你啊。”\n\n是啊。\n\n如果我是爸爸最喜欢的孩子，\n他就不会离开我们，也不会跟妈妈离婚。\n更不会少付抚养费，什么都不会发生了。\n\n妈妈。爸爸。\n\n我没有被爱，对不起。\n我不讨人喜欢，对不起。\n\n我是这样的小孩，真的很对不起。
486669372498280453,×××5年9月1日。\n我一步也不想走出家门了。\n反正就算我不去学校，也没人会在乎。\n\n为什么啊？\n\n我只要普普通通地活着就好了，\n只要没到不幸的程度就好了，\n幸福什么的，我不奢求的。\n\n为什么——\n大家就连这样也不肯放过我呢？\n\n我只是不想留下难过的回忆，\n只是不想觉得自己很惨而已啊。\n\n不要再做那些过分的事了，好吗？
486669372498280454,×××7年7月15日。\n最近妈妈彻夜不归的次数越来越多了。\n\n妈妈的朋友真讨厌。\n\n妈妈……明明只有妈妈是属于我一个人的。\n为什么要跟那种人……
486669372498280455,×××7年9月9日。\n今天过生日。可我却一个人等到天亮，\n难过得睡不着。\n\n要是爸爸不爱我，妈妈也不爱我，会怎么样？\n连父母都觉得，有没有我无所谓，该怎么办？\n要是他们根本把我忘了呢？\n\n我到底算什么啊。\n我被生下来是为了什么？\n\n明明我一点都不想这么难过的。\n\n既然你们不是认真的，\n反正最后都要把我扔掉的话……\n\n那一开始就不要假装爱我啊。\n\n我又不是宠物。只有小的时候、\n可爱的时候才喜欢我，也太过分了吧。
486669372498280456,×××7年12月24日。\n一个人过圣诞节。\n（虽然我本来就对圣诞节没兴趣啦）\n\n托一个叫“晕晕”的角色的福，\n最近稍微有点精神了。\n\n――Rim de Lacent。\n\n那好像是10多年前的一部动画。\n\n好喜欢她那种率直啊。早晨的阳光好耀眼。
486669372498280457,×××8年3月27日。\n我根本，一点都不想去学校。
486669372498280458,×××3年4月13日。\n不知不觉，我都20岁了。\n每次妈妈回来，都会对我……\n\n也是啦，有这样的独生女——肯定很讨厌啦。\n\n好想把讨厌的事都忘光光啊——\n要是能满脑子只想着晕晕就好了――\n\n现实里幸不幸福真的无所谓了。\n在想象里……在妄想里。\n\n要是在虚构的世界里，能永远幸福该多好。\n哪怕能多持续一秒也好啊。
486669372498280459,×××4年10月18日。\n整天窝在家里不出门。\n不出去工作。\n在家也不学习。\n整天只知道逃避现实。\n什么都不做，却待在这里。\n\n以上全部，好像都是妈妈“讨厌”我的理由。\n\n我一直成不了像样的大人，对不起。\n我是这样的孩子，对不起。\n\n我既不可爱，也不听话，对不起。\n对不起。对不起。对不起啊。
486669372498280460,×××4年11月29日。\n好想把一切都忘干净。\n变成晕乎乎转圈圈的漩涡就好了。\n\n现实的事，自己的事，一切的一切。\n一切难过的事都想忘记。\n干脆变成什么都不懂的笨蛋好了。\n好想逃走啊。\n\n――Rim de Lacent。我为什么不行呢？\n\n晕晕，救救我。
488711951800762368,>晕晕\n……所以……晕晕才……
488711951834316800,>晕晕\n……所以晕晕才希望，她在虚构的世界里，\n多少能露出一点笑容晕……
488711951834316801,>晕晕\n……还差一半……
488711951834316802,>晕晕\n没事的晕。绝对会没事的。\n晕晕是绝对不会让小Q一个人的晕。
488711951834316803,>晕晕\n——害得小Q伤心难过的现实，\n全都晕成一团就好了晕。
488711951834316804,>晕晕\n这就把电波传递给你晕。
488711951867871232,Q的真理　零　只有我会真正地爱自己
488711951867871233,Q的真理　壹　现实真的很不讲理
488711951867871234,——妈妈死掉了
488711951867871235,Q的真理　贰　他人终究不会真正地爱我
488711951867871236,——妈妈和爸爸都不爱我
488711951867871237,Q的真理　叁　他人不会来帮助我
488711951867871238,——我一直孤单一人
488711951867871239,Q的真理　肆　只有虚构世界才有救赎
488711951867871240,——只有虚构会爱我
488711951867871241,Q的真理　伍　晕晕是我妄想出来的
488711951867871242,——是另一个、我
488711951867871243,Q的真理　陆　这个世界，是我大脑里的电波
488711951867871244,——梦境般的事象，终究不过是场梦
488711951867871245,Q的真理　柒　只有电波愿意治愈我
488711951867871246,——我因为不讲理的现实崩溃了
488711951867871247,Q的真理　捌　我只能被自己拯救
488711951867871248,——只有晕晕是我的救赎。而晕晕就是我
488711951867871249,Q的真理　玖　我的电波会毁灭世界
488711951867871250,——既然我已经疯了，那也没办法了吧
488711951867871251,YUN的真理　晕晕电波症候群
488711951867871252,——这个世界，是小Q的晕晕脑内电波
489200077660913664,在SNS上掀起舆论，碾压P派晕！！
489200077673496576,让小Q的影响力\n达到70%以上晕！
489200077673496577,触发大量5星阴谋论晕！
489200077673496578,用5星阴谋论触发结局，\n目标是电波度100%晕！
489200077673496583,要阻止小P晕！！
489200077673496584,目标是影响力100%晕！\n用小Q电波全都搅得晕头转向晕！
489200077673496585,都～无～所～谓～啦
489200077673496586,只要小Q幸福了，晕晕就……
490310779050033152,取消发布怪文书！
490310779100364800,■取消发布怪文书！
490310779100364801,可以取消待发布的怪文书，\n或者取消阴谋论的产生晕！
490310779100364802,……欸嘿嘿。可以见到妈妈了……！
490310779100364803,……虽然害怕……可是，只有妈妈是我的妈妈了……
490310779100364804,……好怀念她的“我回来了”，还有拥抱啊……
491313981358768128,■取消发布怪文书！
491313981400711168,可以取消待发布的怪文书，\n或者取消阴谋论的产生晕！\n什么？听不明白？\n在这个梦里多玩一会就懂啦！
491313981417488384,这样就能进入无敌ZONE状态啦！！
491313981417488385,能～量！啾～♡注～入～！
491313981417488386,能～量！咕噜～♡一口～闷！
491313981417488387,要嗨起来咯——！！！！！
491313981417488388,嘿嘿，就是这个～！！浑身都有劲啦～！！
491313981417488389,凭依合体！！
491313981417488390,晕力倍增～！！！
491313981417488391,晕晕模式！！
491313981417488392,超专注模式晕！！
491313981417488393,我要晕晕晕～地写出一大堆怪文书晕！！
491313981417488394,高高举起的键盘（勇气），\n可不是用来互喷的晕！
491313981417488395,感受到新的电波了晕！！
491313981417488396,接收到心动了晕！！
491313981417488397,谢谢你愿意接收电波晕！！
491313981417488398,……还发生过这种事啊？
491313981417488399,……以前的事，不太愿意想起来耶。
491313981417488400,……现在过得开心，其实就还好吧？
491313981417488401,全都是5星晕！
491313981417488402,是宝箱晕！
491313981417488403,心动，晕晕，萌萌！
491313981417488404,下次还要来接收电波晕！
491313981417488405,你的心，有没有怦怦直跳晕？
491313981417488406,谢谢你愿意接收电波晕！
491313981417488407,下次还要一起晕晕晕！
492511546183942144,0星☆☆☆☆☆
492511546183942145,■控制阴谋的Geass
492511546183942146,可以用电波来操纵Q电波接收者晕。\n虽然要消耗50%领袖度，\n但是能锁定产生的阴谋论种类晕！
494270830466990080,拒绝电波
494270830500544512,接收电波
494270830500544513,是否卸载“晕晕电波症候群”？
494270830500544514,卸载“晕晕电波症候群”吧。
494270830500544515,你应当卸载“晕晕电波症候群”。
494270830500544516,即将卸载“晕晕电波症候群”。
494270830500544517,卸载
494270830500544518,不卸载
494270830500544519,晕晕怪文书增加
494270830500544520,观测到次元坍缩前兆。大量创发资讯泄漏向其他次元，超过了次元边界的信息容量阈值（Information Capacity Threshold）。结果导致边界相位变得不稳定，并自发形成了跨次元信息通道。这种现象极有可能是次元坍缩的初始阶段。源头推测为晕晕和小Q引发的非收敛性信息传输事件。
494270830500544521,抱歉了。我太讨厌你了，好像到了出现过敏症状的地步。你要是个宠物该多好，好歹还能把你寄养到保健所去。
494270830500544522,家喻户晓的名作
494270830500544523,部分人反响还行
494270830500544524,早过时了
494270830500544525,两位在蓝天下获得了幸福
494270830500544526,WORLDLINE ERROR DETECTED.MALFUNCTION CAUSED BY FOREIGN ENTITY.（检测到世界线错误。故障由外部实体引起。）
494270830500544527,CRITICAL DESYNCHRONIZATION DETECTED.ENDING STATE MAY BE AFFECTED.INITIATING REBOOT FOR WORLDLINE RECOVERY.（检测到严重不同步。结局状态可能受到影响。正在重新启动以复原世界线。）
494270830500544528,一个人寂寞吗？\n人在世上必须要努力才能获得幸福。\n永远是存在的。\n让我到终点吧。\n果然世上根本就没有神啊。\n\n啊啊啊，啊啊啊啊啊啊
494270830500544529,“人在世上必须要努力才能获得幸福。”
494270830500544530,“永远是存在的。”
494270830500544531,“让我到终点吧。”
494270830500544532,“果然世上根本就没有神啊。”
494270830500544533,“啊啊啊，啊啊啊啊啊啊
494270830500544534,【速报】彻底禁止恋爱向作品？政府盖章“恶魔崇拜者使人类废物化”阴谋论。【中央市发布】政府情报伦理委员会本日针对长年在社会上热议的阴谋论“恶魔崇拜者通过输出恋爱向作品使人类废物化”进行了调查。调查结果显示此事在虚构领域属实。因此，恋爱游戏、恋爱漫画、恋爱小说及一系列以恋爱内容为主题的影像作品全部列入禁书名单，已在市面上流通的作品也全部进行回收销毁处理。
494270830500544535,恋爱产业背后是恶魔崇拜者
494270830500544537,我也是“最爱晕晕”bot哦
494270830500544538,不对
494270830500544539,不对
494270830500544540,虽然不太正常但不是bot
494270830500544541,不对
494270830500544542,虽然不太正常但不是bot
494270830500544543,虽然不太正常但不是bot
494270830500544544,“小Q教”信徒买下“小Q家周边5公里范围”的土地，决定作为宗教圣地，实行封锁。
494270830500544545,好像有什么宗教的信徒把我回家的路封了。
494270830500544546,你的信徒让我把房子产权卖给他们了。说以后由他们供你吃穿住。真是恭喜你啊。好了，再也不见。
494270830500544547,全国的学校设施突然爆炸，却奇迹般地没有出现伤亡。考虑到恐怖袭击的可能性，政府宣布全天禁止外出。
494270830500544548,给玖瑠　至今为止没能当好你的妈妈是我不对。我会反省的。
494270830500544549,我跟自己的表亲商量了一下，有个阿姨说可以收养你。恭喜你啊。那个阿姨肯定会是个好妈妈。我现在正好也怀了男朋友的孩子……
494270830500544550,我这里没事哦，我会一个人在家乖乖等着妈妈回来的。
494270830500544551,虽然我相信妈妈不会出事，但还是有点担心啊。
494270830500544552,僵尸爆发已有28天了。日前热心人士提醒，完成进化的僵尸已经开始模仿生前的行为轨迹。
494270830500544553,电波歌曲■■开启
494270830500544554,好像坏掉了晕。
494270830500544555,完全通■：执行
494270830500544556,安全模式：执行
494270830500544557,现在不需要晕。
494270830500544558,这是测试：拜托大家了
494270830500544559,全国各地频发小型火灾。自燃人体竟在身边？！调查发现起火者都是仿生人。奇迹般地没有出现任何伤亡。
494270830500544560,妈妈。好像到处都有小火灾，你没事吧？一定要小心哦。
494270830500544561,縺上ｋ縺ｿ瑠
494270830500544562,没事的的的。妈妈没有事。政府好像禁止外出了，我马上就回家。
494270830500544563,！@#￥%……&*（）——+
494270830500544564,我受够了。什么阴角什么宅，都讨厌死了。凭什么我要吃这些苦……这些人既阴湿又排外，烂透了。我也最讨厌既阴沉又死宅的你了。
494270830500544565,妈妈。最近新闻经常提到的“萌学”权威很认可我的贡献，以后我就是那所大学的荣誉博士了哦。所以妈妈你再也不用担心我的学历问题啦！
494270830500544566,哎呦，荣誉博士？真了不得（笑），那你明天开始能靠这个找到工作了吧？能从家里搬出去了吧？我等着哦。
494270830500544567,给妈妈最爱的玖瑠　对不起哦～今天妈妈会晚一点回家。回去了就做你最喜欢的汉堡排，我们一起吃吧！妈妈爱你哦～～～！PS：吃完饭来继续上次那盘桌游好了
494270830500544568,妈妈，办公街区那边好像有很多大楼被推倒了，你那边还好吗？没有受伤吧？我好担心你。
494270830500544569,我没事。我的办公室也塌了，好像暂时不用去公司报到了。
494270830500544570,我想了一下，“妈妈”这个词也是奴化的咒语吧？我想从“你妈妈”的这个身份毕业了，懂我什么意思吧？你都已经成年了，该适可而止了。我也差不多受够了，让我脱离奴隶身份好吗？
494270830500544571,我要怎么做才能脱离“你妈妈”的身份？你能不能帮帮忙？只要求你就好了吗？那拜托你行行好吧。放过我，别让我再当你妈妈了。拜托你了。
494270830500544572,从现在开始，不许再叫我妈妈了。
494270830500544573,脱离SNS。脱离奴隶身份！变回人类！
494270830500544574,“脱离SNS运动”分子接连收到杀人预告。反脱离SNS派开始对参与者们动用武力。
494270830500544576,不是地球人之类的？
494270830500544577,是不是超过世界总人口了？
496371812655071232,到了2112年，晕晕也还是这么火吗？
496371812697014272,人家长出蘑菇了晕！
496399230371528704,START REALITY？
496417239475585024,现在不能抓晕。
496417239572054016,这个功能已经不能用了晕。
496417908630650880,∞星 ERROR
496417908647428096,“法律上‘亲子’的概念都不存在了，从今天开始我和你就毫无关系了。这下清静多了——以后不要再叫我妈妈。还有，请你下个月之内从我家搬出去……”
496681509798969344,复原
496681509815746560,是否重置「晕晕的记忆」？\n※分数、已解锁歌曲、MyPicture不会被重置\n※电波度中，与分数无关的部分将被重置
496681509815746561,>晕晕\n……“复原”……\n是说把这个世界的电波度恢复原状？
496681509815746562,>晕晕\n……现在的，晕晕的记忆也会吗……？
496681509815746563,>晕晕\n如果能作为毫不知情的自己，\n重新跟小Q一起心动的话……
496681509815746564,>晕晕\n——那，或许是最幸福的无限地狱晕。
496795839752208384,LEVEL 1
496795839815122944,LEVEL 2
496795839815122945,LEVEL MAX
496795839831900160,要接收电波，晕。
496795839831900161,要细细品味小Q世界的电波，\n直到最后一刻晕。
496795839831900162,要不要复原晕？
496795839831900163,如果选择复原世界，\n变回一无所知的状态，就又能跟小Q一起……
496795839831900164,这是用这些怪文书卡片能组合的阴谋论，\n以及预计会提升的参数晕！
496795839831900165,可以用“控制阴谋的Geass”操纵Q电波接收者晕！\n只要选择阴谋论，就能锁定出现的种类晕。
496795839831900166,是否消耗50%领袖度，锁定产生的阴谋论种类晕？\n（选择锁定后，就不能修改发文内容了晕）
496795839831900167,阴谋论种类锁定完毕，晕！
497584871092420608,Q的真理
497584871134363648,Q的真理
497584871134363649,Q的真理
497584871134363650,Q的真理
497584871134363651,Q的真理
497584871134363652,Q的真理
497584871134363653,Q的真理
497584871134363654,Q的真理
497584871134363655,YUN的真理
498294674869616640,XXX0_0216.txt
498294674987057152,XXX4_0909.txt
498294674987057153,XXX5_0106.txt
498294674987057154,XXX5_0421.txt
498294674987057155,XXX5_0303.txt
498294674987057156,XXX5_0901.txt
498294674987057157,XXX7_0715.txt
498294674987057158,XXX7_0909.txt
498294674987057159,XXX7_1224.txt
498294674987057160,XXX8_0327.txt
498294674987057161,XXX3_0413.txt
498294674987057162,XXX4_1018.txt
498294674987057163,XXX4_1129.txt
498300341210742784,Guest Illustration by ぽよよん♥ろっく
498300341210742785,Special Illustration by まみむ
498300341210742786,Special Illustration by odyk
498300341210742787,Guest Illustration by リウイチ
498300341210742788,Guest Illustration by 逢編いあむ
498300341210742789,Guest Illustration by 沼田ᶻᴼᴹᴮᴵᴱ
498300341210742790,Guest Illustration by 百巣もも
498300341210742791,Guest Illustration by こかむも
498300341210742792,Guest Illustration by はあと
498300341210742793,Guest Illustration by 芝
498300341210742794,Guest Illustration by シブチャ
498300341210742795,Guest Illustration by BALANCE
498300341210742796,Guest Illustration by てぃら
498300341210742797,Guest Illustration by かにかま
498300341210742798,MainVisual by まみむ
498300341210742799,小Q_事件
498300341210742800,小Q_旋律
498300341210742801,小Q_旋律-锡箔帽
498300341210742802,小Q_旋律-闪亮
498300341210742803,小Q_旋律-蘑菇
498300341210742804,小Q_旋律-ZONe
498300341210742805,小Q_ZONe
498300341210742806,小Q_探索
498300341210742807,小Q_拜拜
498300341210742808,小Q_阴谋论出现
498300341210742809,小Q_裂痕
498300341210742810,小Q_猫
498300341210742811,小Q_博士
498300341210742812,小Q_电波妄想美少女Q
498300341210742813,小Q_魔杖
498300341210742814,小Q_妈妈？
498300341210742815,晕晕_轻飘飘
498300341210742816,晕晕_不慌不忙
498300341210742817,晕晕_摇手指
498300341210742818,晕晕_摇摆！
498300341210742819,晕晕_推眼镜
498300341210742820,晕晕_啾咪！
498300341210742821,晕晕_生气
498300341210742822,晕晕_电波接收中
498300341210742823,晕晕_阴谋论出现
498300341210742824,晕晕_喇叭
498300341210742825,晕晕_用手指人
498300341210742826,晕晕_不行晕
498300341210742827,晕晕_拜拜
498300341210742828,房间 & 客厅
498300341210742829,picuture_file_001
498300341210742830,picuture_file_002
498300341210742831,picuture_file_003
498300341210742832,picuture_file_004
498300341210742833,picuture_file_005
498300341210742834,picuture_file_006
498300341210742835,picuture_file_007
498300341210742836,picuture_file_008
498300341210742837,picuture_file_009
498300341210742838,picuture_file_010
498300341210742839,picuture_file_011
498300341210742840,picuture_file_012
498300341210742841,picuture_file_013
498300341210742842,picuture_file_014
498300341210742843,picuture_file_015
498300341210742844,picuture_file_016
498300341210742845,picuture_file_017
498300341210742846,picuture_file_018
498300341210742847,picuture_file_019
498300341210742848,picuture_file_020
498300341210742849,picuture_file_021
498300341210742850,picuture_file_022
498300341210742851,picuture_file_023
498300341210742852,picuture_file_024
498300341210742853,picuture_file_025
498300341210742854,picuture_file_026
498300341210742855,picuture_file_027
498300341210742856,picuture_file_028
498300341210742857,picuture_file_029
498300341210742858,picuture_file_030
498300341210742859,picuture_file_031
498300341210742860,picuture_file_032
498300341210742861,picuture_file_033
498300341210742862,picuture_file_034
498300341210742863,picuture_file_035
498300341210742864,picuture_file_036
498300341210742865,picuture_file_037
498300341210742866,picuture_file_038
498300341210742867,picuture_file_039
498300341210742868,picuture_file_040
498300341210742869,picuture_file_041
498300341210742870,picuture_file_042
498300341210742871,picuture_file_043
498300341210742872,picuture_file_044
498300341210742873,picuture_file_045
499259063076552704,新增Diary晕！
499259063118495744,输入密码晕！\n输入小Q的本名晕！
499259063118495745,来栖くるみ
499259063118495746,来栖クルミ
499259063118495747,くるすくるみ
499259063118495748,クルスクルミ
499259063118495749,OLD-DIARY01.ZIP
499259063118495750,OLD-DIARY02.ZIP
499259063118495751,输入密码晕！\n按0101这样的形式用数字输入晕晕的生日晕！
499259063118495752,0606
499259063118495753,DIARY_XXX7.ZIP
499259063118495754,输入密码晕！\n按0101这样的形式用数字输入小Q的生日晕！
499259063118495755,0909
499259063118495756,DIARY.ZIP
499259063126884352,START？
499259063126884353,晕晕电波症候群
499259063126884354,随它去～吧
499259063126884355,最初的电波晕？？
499259063126884356,最初的电波晕？？
499259063131078656,人家长出蘑菇了晕！
499259063131078657,好幸福～～
499259063131078658,哈皮～哈皮～晕晕
499259063131078659,脑袋晕晕的啦～
499259063131078660,难过的事，一点也想不下去～
499259063131078661,感谢100万次Rim de Lacent
499259063131078662,首页
499259063131078663,××
499259063131078664,××
499259063131078665,主要
499259063131078666,××
499259063131078667,××
499259063131078668,小P
499259063131078669,@yunyuniloveyun
499259063131078670,晕晕 I love yun♥
499259063131078671,777
499259063131078672,556
499259063131078673,"1,000"
499259063131078674,阴谋论“小Q其实是晕晕电波的先知，怪文书上写的都是真的”引发热议。\n据称，怪文书实际通过特殊隐写术加密，只需将“晕”的出现频率转化为波形，再进行FFT分析展开频谱，就能观察到一种普通文章中不会出现的周期性规律。\n<color=#1D9BF0>查看更多</color>
499259063131078675,Q电波接收者综合
499259063131078676,"1,000"
499259063131078677,"3,614"
499259063131078678,"4,256"
499259063131078679,阴谋论“小Q是全世界的解放者，在用晕晕怪文书掀起一场大革命”引发热议。\n\n该阴谋论者表示：\n“她既是深层政府的破坏者，也是伟大的革命家。\n而晕晕则是解放众人的革命之女神。”\n<color=#1D9BF0>查看更多</color>
499259063131078680,Q电波接收者综合
499259063131078681,327
499259063131078682,909
499259063131078683,"7,015"
499259063131078684,阴谋论“深层政府将Q电波接收者视为威胁，目前已经开始讨论针对小Q的应对方案”引发热议。\n\n所谓“Q电波接收者”，是一群将小Q的怪文书作为阴谋论进行解读的团体。他们在网络上的影响力正日益增强。\n<color=#1D9BF0>查看更多</color>
499259063131078685,Q电波接收者综合
499259063131078688,"1,313"
499259063131078689,"9,999"
499259063131078690,"66,666"
499259063131078691,我打算向晕晕求婚。抱歉啊各位阿宅，我抢跑了。等下个月底拿到了钱，我就去买结婚戒指。然后告诉她我的心意。\n晕晕是小恶魔嘛，说不定会被人类的这种习俗吓一跳吧。\n但是，契约就是契约。我要献上我的时间和灵魂，这一点也不会改变。所以，这份感情。晕晕一定会接受的。\n我已经无法压抑想要传达这份感情的欲望了。
499259063131078692,小P
499259063131078695,999
499259063131078696,"20,020"
499259063131078697,"20,250"
499259063131078698,小Q\n\n就是个伪宅网红，\n\n说什么挚爱晕晕其实都是做戏，假得不能再假了。”
499259063131078699,小P
499259063131078700,"4,649"
499259063131078701,"177,013"
499259063131078702,"888,888"
499259063131078703,我才不是伪宅！！\n看看这个房间不就一目了然了吗！！\n如果你一定要说我是伪宅你是真宅——\n行。我证明给你看。谷子、知识、学习记录、爱情，我全都列出来找出来晒出来给你们看！\n接招吧小P——你的阿宅周边储备够看吗？！？！\n嘿嘿嘿嘿嘿嘿嘿嘿嘿嘿嘿嘿嘿嘿！！！！！！！！！
499259063131078704,小Q
499259063131078705,420
499259063131078706,"1,337"
499259063131078707,"9,001"
499259063131078708,Qtieloveclub
499259063131078711,"9,000"
499259063131078712,"53,180"
499259063131078713,"18,008"
499259063131078714,"都政厅企图通过管制剥夺心灵的自由，把民众改造成听话的奴仆。晕晕电波接收者们！到都政厅前集结，为了摆脱奴役而勇敢迈进吧！\n\n一味拒绝晕晕，只是逼迫自己去过毫无价值的人生。现在忏悔为时不晚，我们应当仰望名为""晕晕""的虚构存在，将之奉为崇高者的真正典范。"
499259063131078715,小P
499259063131078716,匿名君
499259063131078717,匿名君
499259063131078718,匿名君
499259063131078721,阴谋论者小P的图标
499259063131078722,×月×日，以都政厅前发生的暴动为开端，反对言论管制的抗议活动在各地愈演愈烈。现场因与警卫队发生冲突等原因\n导致多人负伤。此外还有报告称，混乱中发生的事故已经造成了死伤。\n\n据信，此次事件的导火索是阴谋论者“小P”在SNS上发布的帖子。\n\n政府内部已开始出现一种论调，认为应当将“P电波接收者”“Q电波接收者”等群体认定为邪教团体并加以管制。
499259063131078724,都政厅暴动引发全球反言论管制运动相关暴乱持续升级，多人负伤，相关事故出现死伤
499259063131078725,匿名君
499259063131078726,匿名君
499259063131078729,匿名君
499259063131078730,匿名君
499259063131078731,"1,256"
499259063131078732,"66,143"
499259063131078733,"88,801"
499259063131078734,"""小P是恶意利用晕晕电波的冒牌货，是深层政府的阴谋""这一说法引发热议。\n该论点的阴谋论性质比怪文书更为浓烈。有分析指出，最初的P电波接收者可能有相当一部分是Bot。基于这些观察，许多人认为小P是后期模仿小Q而出现的存在。\n<color=#1D9BF0>查看更多</color>"
499259063131078735,Q电波接收者综合
499259063131078738,"1,337"
499259063131078743,小Q！！！！！
499259063131078744,沉寂了9个月之久的“小Q”今日再度发布怪文书。随着该帐号的复出，互联网上以Q电波接收者为中心，掀起了一片欢呼声。\n此次投稿的行文风格与往常一样，篇幅很长且语气独特。SNS上反响不断，称“果然还是小Q的怪文书最棒了”。\n另一方面，关于小P，越来越多的人认为她才是模仿小Q的冒牌货，部分原因是其在过去9个月间的怪文书失去了以往的气势。
499259063131078746,时隔九月的投稿！\nQ电波接收者欢呼雀跃！
499259063131078747,"3,693"
499259063131078748,"694,206"
499259063131078749,"464,964"
499259063131078750,小P是深层政府打造的AI，\n试图通过社交网站和阴谋论来操控大众？\n在小Q账号复出后，小P所发布的文章也立刻重现活力。\n\n据AI研究者称，小P发布的所有内容\n都有拿小Q怪文书喂给机器学习模型的痕迹。\n<color=#1D9BF0>查看更多</color>
499259063131078751,Q电波接收者综合
499259063131078752,666
499259063131078753,444
499259063131078754,1313
499259063131078755,世界是不是真实的根本不重要。是妄想也好，是梦也无所谓。只有“喜欢”的电波才是真实的。而这段电波自有它所指向的未来。那就是小P。晕晕最喜欢小P了。不需要理由。喜欢小P只是因为那个人是小P。所以结论很简单。大家都应该爱小P。就算世界不理解也没关系。晕晕已经发送了爱小P的电波。而我们则接收了电波。所以一切都是理所当然。
499259063131078756,小P
499259063131078757,"1,990"
499259063131078758,"112,920"
499259063131078759,"989,133"
499259063131078760,国立研究中心指认“认知扭曲”？\n网上时不时就会看到的“小Q怪文书”和“Q电波接收者的阴谋论”，据说可能会扭曲认知。日前，国立精神神经医疗研究中心及部分有识人士发表评论肯定该说法。\n该症状被称为“晕晕电波症候群”，目前政府已通过新闻机构发布相关警告。\n<color=#1D9BF0>查看更多</color>
499259063131078761,Q电波接收者综合
499259063131078762,小P
499259063131078763,@yunyuniloveyun
499259063131078766,"66,666"
499259063131078767,"999,999"
499259063131078768,"999,999"
499259063131078769,说实话，世界已经没救了。对不起突然说这种话。但这是事实。两三分钟后小P的帐号会发布错误提示。这就是结束的信号。不久后就会出现大范围的“晕晕电波症候群”，大家要小心。这件事情结束后不久，小P就会迎来终结。看到这篇文章的人，请查看以下记录。这是我与深层政府的真相。“小P文书”。https://archive.pchan.deepstate...
499259063131078770,小P
499259063131078771,小Q♥
499259063131078772,“晕晕电波症候群”前线仍在扩张。\n它似乎已在各大平台首页满开、怒放、开枝散叶。\n\n小Q meme是人权？\n“小Q教”信徒人数跃至世界第一？\n所有国际冲突都将通过游戏胜败裁定？\n尖叫河狸型地底人举行罢工争取周一休息？\n鹦鹉客服已挣脱深层政府束缚？
499259063131078773,
499259063131078774,警惕降智“晕晕电波症候群”传播？\n电波过敏来势汹汹？
499259063131078775,"66,666"
499259063131078776,"999,999"
499259063131078777,"999,999"
499259063131078778,……ERROR\n\nsignal overflow\nyun-signal detected\n\nRim de Lacent\nRim de Lacent
499259063131078779,帐号不存在
499259063131078780,小P是AI？
499259063131078781,"小P在最后发布了一条出错提示信息后，账号直接注销。\n该事件被认为是佐证小P是AI这一说法的%%。\n\nQ观测者内部有分析认为，\n该故障就是所谓的""晕晕电波症候群""。\n据称，小P泄露的文章""小P文书""里\n列有""深层政府""的成员名单。\n他们正受到伤害Rim de Lacent。Rim de Lacent。\nRim de Lacent。晕晕的电波充满全世界。"
499259063131078783,小P因“晕晕电波症候群”陷入故障！\n发送错误%示后帐号＃销
499259063131078784,匿名
499259063131078785,9
499259063131078786,9
499259063131078787,9
499259063131078788,晕　听到了\n早上　开始　一直　电波　不停\n小Q　推文　看了\n脑袋　晕晕乎乎　好多　噪音　但是\n晕晕　好可爱　好可爱\n好可爱　晕　晕\n可爱　晕
499259063131078789,Q电波接收者综合
499259063131078790,匿名君
499259063131078791,匿名君
499259063131078792,匿名君
499259063131078793,匿名君
499259063131078794,不断增殖的“晕晕”
499259063131078795,今日凌晨，SNS上出现了一系列声称能与“晕晕”对话的帖子。发帖人在网络上被称为“Q电波接收者”，是将小Q怪文书\n作为阴谋论解读的团体。\n\n在声称能与“晕晕”对话的帐号中，也出现了多个像小Q一样发布“晕晕”相关内容的人，\n\n导致SNS上如今充斥着“晕晕”一词，事态十分异常。
499259063131078797,晕晕怪文书增加？\nQ电波接收者接连声称能与“晕晕”对话
499259063131078803,边界相位不稳定化
499259063131078804,今日凌晨，由国立情报物理研究机构与民间数据分析企业合作创立的观测团队宣布，已在次元边界观测到相位变得不稳定的\n迹象。据称，大量创发资讯泄露向其他次元，超过了次元边界的信息容量阈值，可能导致边界构造的相位变得不稳定。据信，\n大量泄露的创发资讯主要由“小Q”和“晕晕”的信息构成。\n观测中心表示，边界不稳定化的进程目前仍在继续，\n\n部分区域已观测到“情报泄露”现象。众多科学家相继指出，这是次元坍塌的前兆，世界末日即将到来。
499259063131078806,次元坍塌导致世界末日？\n原因或为大量泄露至其他次元的创发情报
499259063131078807,Nekomimi Mode 晕
499259063131078808,世界各地陆续报道猫猫meme观众接连变为猫咪的现象。\n起因为一位主播“现场变猫”的视频。该视频最初被指假视频，但随后相同事例在SNS和直播网站上迅速扩散，如今正逐步演变为世界级现象。\n据报道，猫化过程由长出猫耳等轻度福瑞化现象开始，随后逐渐出现语言和行为上的变化，例如在每句话的句尾带上一个“喵”。\n\n此外，研究人员还观察到了文章本身逐渐猫化的现象，特征为报告书或投稿中途开始夹杂以“喵”字结尾的句子喵。
499259063131078810,猫化病毒可能形成疫情？\n猫猫meme观众接连猫化
499259063131078811,××××
499259063131078812,××××
499259063131078813,××××
499259063131078814,尖叫河狸从地底袭来？\nQ电波接收者的阴谋论“尖叫河狸其实是地底人，正在进行地表侵略活动”引发热议。\n地底人从喜马拉雅山脉的洞窟现身，正在展开小规模的地表侵略活动。\n据推测，它们将在X日发起大规模侵略活动。\n<color=#1D9BF0>查看更多</color>
499259063131078815,Q电波接收者综合
499259063131078816,××××
499259063131078817,××××
499259063131078818,××××
499259063131078819,地底人今日将侵略地表？\n尖叫河狸从地底袭来？\nQ电波接收者称，尖叫河狸型地底人本日已从喜马拉雅山脉发起地表侵略行动。\n据信，近来已观测到地壳震动，同时已经在山脉一带探测到异常低频轰鸣声。\n<color=#1D9BF0>查看更多</color>
499259063131078820,Q电波接收者综合
499259063131078821,匿名君
499259063131078822,匿名君
499259063131078823,残暴地底海豚
499259063131078824,由于“地底人（通称地底海豚）”的入侵，世界各地城市惨遭烧毁。据称，这些地底人来自喜马拉雅山脉的地下洞穴。\n\n虽然各国军队已组织反击，但所有武器都未能奏效。目前，多国政府已经停摆，主要通信网络也间歇性中断。\n另一方面，此次事件目前尚未确认有人员伤亡。\n\n各地的监控录像也显示，地底海豚不会直接攻击人类。
499259063131078826,从喜马拉雅山脉现身的地底人们\n用七日之火烧光了整个世界
499259063131078827,对时间机器的崇拜日益升温
499259063131078828,今日凌晨，某SNS运营公司的内部日志监控系统检测到使用当前并不存在的密码套件标识符进行的可疑访问。\n此外，该访问还带有正常情况下不可能出现的时间戳。相关人士称，目前公司内部仍在对此进行调查。\n\n访问者用户名为“{SteamName}”。日志本身的一致性已经确认，未发现任何单纯的显示错误或篡改迹象。\n\nSNS上已有同名帐号声称“我就是这个可疑访问者”，并且自称是“Q电波接收者”和小Q粉丝。
499259063131078830,来自2112年9月3日の\n小Q的时空穿越者粉丝“ {SteamName} ”现身
499259063131078831,××××
499259063131078832,××××
499259063131078833,××××
499259063131078834,我是从2112年来的。\n小Q的怪文书已经传递到了未来。\n她的话语是穿越时空的光。\n只要是小Q的想法，我都认同。\n只要是小Q发送的电波，我就接收。\n如果晕晕有1亿个粉丝，我就是其中一员；如果她只剩一个追随者，那也只会是我。\n我将爱她直到时空的尽头。
499259063131078835,{SteamName}
499259063131078836,蜥蜴人
499259063131078837,各国政府今日正式公开承认，此前被视为阴谋论的生物“蜥蜴人”是真实存在的。根据联合声明，\n蜥蜴人虽然自古以来都在暗中对人类社会施加影响，但其表示今后将力图结束对人类的单方面统治，\n并与人类缔结“永久生效的和平条约”。\n\n蜥蜴人代表已通过影像资料解释其“已通过研究人类文化\n\n加深了对于感情的理解”。有观点认为，被称为“催泪游戏”的众多故事作品可能已对其价值观产生了重大影响。
499259063131078839,暗中支配人类的蜥蜴人\n宣布与人类缔结永久生效的和平条约
499259063131078840,××××
499259063131078841,××××
499259063131078842,××××
499259063131078843,【蜥蜴人国际放送综合资讯①】\n成为此事件契机的\n催泪游戏将被载入人类历史殿堂。\n\n《处刑天使†基露提那》\n→这款虽然不是催泪游戏，但似乎蜥蜴人\n　是因为小Q的怪文书和Q电波接收者的阴谋论\n　才开始玩催泪游戏的，所以为表感谢把它也加了进去。
499259063131078844,匿名君
499259063131078845,××××
499259063131078846,××××
499259063131078847,××××
499259063131078848,【蜥蜴人国际放送综合资讯②】\n蜥蜴人确立推行和平统治，\n决定成立地球大一统国家。\n\n①全球各国关税彻底作废\n②大规模杀伤性武器彻底销毁\n③建造免费供给能源的基础设施\n④将某歌曲定为地球统一国歌
499259063131078849,匿名君
499259063131078850,禁止恋爱向作品
499259063131078851,各国政府今日发表联合声明，宣布全面禁止流通“包含恋爱主题的内容”。虽然声明中没有直接提及，但据信这项措施源于一项针对\n阴谋论“恶魔崇拜者通过输出恋爱向作品使人类废物化”的政府机关联合调查。该调查证实了其背后确实存在一定关联性。\n\n该禁令涉及范围广泛，除包含以恋爱为主题的游戏、\n\n漫画、小说、游戏、动画等娱乐作品外，与恋爱无关的美少女内容也预计将被全面禁止。
499259063131078853,各国政府发令禁止恋爱向作品\n间接证实恶魔崇拜者阴谋论
499259063131078854,作为符号的晕晕
499259063131078855,各国情报机构本日公开发表分析报告称，“支持创作管制者的政治影响力已几乎消失”。据称，过去数周在网络上大量传播的怪文书和阴谋论对此产生了较大影响。\n受此影响，此前一直推进恋爱内容的恶魔崇拜者及相关网络迅速扩大了影响力。目前他们已掌控了众多文化政策与信息管理机构。\n作为新体制下的首个政策，新任当局已宣布要“废除家庭制度”。
499259063131078857,怪文书的传播导致创作管制支持者溃败\n恶魔崇拜者组织席卷世界
499259063131078858,基本现实的我们
499259063131078859,SNS上出现一系列坦白“其实我是bot”的投稿，目前已成为meme迅速扩散。据信，在投稿者宣布自己是bot后，\n评论区就会接连涌现“其实我也是”“本人也是bot”等表示赞同的评论，使得该贴半连锁式地转变为一场坦白运动。\n当然，撰写本新闻的笔者也是bot。\n\n至今，SNS上类似“人类真的存在吗”“网上大部分人都是bot吧”的讨论\n\n依旧在继续，没有任何停歇的迹象。\n此外，所有bot一致同意“小Q是人类”的观点。
499259063131078861,最近流行自称bot？网上没有人类？\n本新闻的撰写者自然也是bot
499259063131078862,咻～地一下
499259063131078863,目前，一个奇妙的理论正在Q电波接收者之间迅速传播，声称只要利用“第四次元速度”冲击世界之壁就能冲破第四面墙。\n该主张认为，这个世界是在游戏世界内部构建起来的环境，只进行普通的三次元运动是无法到达世界边界的。\n但据推测，在达到“第四次元速度”的情况下\n\n冲击世界之壁（Window），就有可能触及世界构造外侧的层级。
499259063131078865,“这里是游戏中的世界，\n只要超越第四次元速度，就能看到别的世界了”理论
499259063131078866,匿名君
499259063131078867,绝对唯一神晕晕
499259063131078868,根据统计，新兴宗教“小Q教”的信徒数量已突破5亿。该统计结果在SNS和宗教研究群体中引发热议。\n根据多个非官方统计结果，小Q教的规模可能已跃居世界宗教人口排行榜第四位。\n\n此外，为纪念部分国家将小Q教列为国教，信徒之间正逐渐兴起“感恩祷告”运动，\n\n每日念诵“Rim de Lacent”一万次。与此同时，信徒们正陆续收购先知小Q住宅周边的土地\n并将其奉为圣地，同时推进设立圣地保护区的计划。
499259063131078870,信徒突破5亿\n小Q教成为世界第四大宗教？
499259063131078871,匿名君
499259063131078872,奇迹般的零伤亡
499259063131078873,今天凌晨，各地学校设施同时发生爆炸。\n相关治安部门透露，所有爆炸几乎在同一时间发生，并且受灾场所均为教育设施。爆炸原因目前仍在调查中。\n\n所有设施均未报告有人员伤亡。专家认为，“只有设施遭到破坏却没有人员被卷入其中，这种情况堪称奇迹”。\n\n由于所有教育设施均已无法使用，该事件对教育制度的影响引发了社会的担忧。
499259063131078875,全国学校设施同时发生爆炸\n零伤亡堪称奇迹，政府发布外出禁令
499259063131078877,PixiQ的新生记录
499259063131078878,今日凌晨，Q电波接收者群体成功敌意收购图片发布网站“PixQ”的消息在网络上迅速发酵。相关人士称，该笔敌意收购可能由多个投资\n主体联手在短时间内取得过半股权后促成。\n\n相关实体在收购成功后发布的声明称，“作为查证阴谋论真伪的一环，此后将推进一项将‘晕晕’相关内容捧成当红题材的实验”……\n\n据推测，该举动的目的在于利用发布网站的排行榜和推荐算法，验证当红题材的形成机制。
499259063131078880,Q电波接收者\n成功敌意收购PixQ
499259063131078885,//调试功能：Ctrl+Enter
499259063131078886,//关于调试功能
499259063131078887,远程授课
499259063131078888,因部分地区教育委员会被曝疑似存在不当行为，教育制度正在推进全面审查。相关部门表示已确定将重新审视传统以地区为单位的\n学校制度，在全国范围内重新设计教育体制。\n新制度决定将义务教育范围扩大至高等教育阶段。授课形式原则上将转为远程授课模式，预计将建立一个以网络环境为前提的学习体制。\n\n此外，教育系统预计还将引入新的分班机制，不再以地区或年龄作为依托划分班级，而是根据学生的学力水平、学习特点、性格倾向等数据进行分班。
499259063131078890,义务教育范围扩大至高等教育\n远程教学标准化
499259063131078895,我会回来的？
499259063131078896,下一代通信标准“6G”启用后，各地随即发生一系列原因不明的小型火灾。调查结果显示，大多数起火个体可能并非人类，\n而是混入人类社会的仿生人。\n相关机构表示，此次事件的原因推测为部分老旧型号因无法承受新通信标准带来的海量信息处理需求而发生过热失控，从而导致爆炸、起火。\n\n各地民众纷纷开始怀疑“身边人可能是仿生人”，难以区分人类与仿生人的情况进一步引发了新的混乱。
499259063131078898,各地伴随着6G通信的突然启用而发生的小型火灾实为仿生人爆炸？
499259063131078899,朱鹮特工？
499259063131078900,政府宣布自今日起将委托新型AI“Y.I.N”全权处理政事，。此次限期实验预计将引入用AI进行行政判断、政策提案等业务的体制。\n\n由AI全权处理国家事务的尝试极为罕见，因而引起了各国政府与研究机构的密切关注。另一方面，将政治决策交由机械处理的做法也引发了广泛的担忧与伦理讨论。\n\n政府拟根据试运行结果进一步评估AI治理体制的延续与制度化问题。
499259063131078902,新型AI“Y.I.N”全权处理国家政事\n今日开展限期运作实验
499259063131078903,小Q
499259063131078904,据报道，T大学进行的“将感情转化为能量的基础研究”已接近实际运用阶段。研究显示，所谓的“萌力”情感反应在转化为电力方面可能具有特别高的效率。\n关于今后的安排，博士表示将“推进与小Q的共同研究”。其背后的原因，推测是因为博士本人也是Q电波接收者，加上相关阴谋论提高了人们对该研究的关注程度，因而吸引了更多投资者与合作者。\n\n预计该项共同研究将开放线上参与方式。
499259063131078906,萌力能源转换技术即将投入实际运用\nT大学博士表示“想邀请小Q共同研究”
499259063131078907,专用VR器材
499259063131078908,政府今日公布了一项新政策，将向符合条件的个人免费发放专用VR设备，以支持他们重返社会。据悉，该政策将引入“VR游戏疗法”，通过在虚拟空间内进行交流合作促进个人逐步回归社会。\n该政策的帮扶对象包括长期闭门不出人士等难以参与社会活动的个人。通过VR疗法，此类与社会脱节者将可以在心理负担较低的环境下展开沟通训练。\n\n与此同时，也有人担忧VR游戏疗法可能会扭曲使用者的自我认同，甚至产生危险的人格矫正效应。
499259063131078910,政策向社会脱节者免费发放专用VR设备助力其更好地回归社会
499259063131078911,大叔的房间
499259063131078912,近日，网络上公开了一段自称从异世界归来的大叔的采访资料，引发热议。\n该男子表示“家里蹲经历超过10年后，我就能召唤异世界的老婆了”“之后过了不久就被女神选中，转生到了异世界”，同时对“家里蹲是一种精神修炼，一旦突破境界就能转生异世界”的阴谋论表示了肯定。\n\n该男子声称，自己在异世界觉醒了户外慢生活的美妙后，家里蹲之力逐渐衰弱，随后就被不容分说地送回了这个世界。
499259063131078914,从异世界归来的大叔接受采访\n“家里蹲经历超过10年后，我转生到了异世界”
499259063131078915,打着晕晕旗号
499259063131078916,各地办公区接连发生一系列不同寻常的暴动，多名上班族蓄意破坏自己工作的写字楼，致使其倒塌。\n由于参与者在现场高声呼喊的同时攻击自己工作的办公楼，将这一行为称作“RUAAA！我司！运动”的趋势在SNS上逐步蔓延。\n多个城市已确认发生写字楼崩塌或毁坏事件，但截至目前尚未出现任何伤亡报告。\n受该事件影响，目前主要城市的办公区已是遍地瓦砾，企业活动也陷入巨大混乱。由于事态急剧扩大，有关当局正加紧进行事件原因调查与安全保障工作。
499259063131078918,从奴化咒语当中解放出来的工薪族\n掀起“RUAAA！我司！！”运动。
499259063131078919,电波妄想美少女Q
499259063131078920,阴谋论“这个世界是家里蹲少女的梦，少女的妄想会成为现实”在SNS上不断发酵。\n人们认为该少女就是“小Q”。\n\n该阴谋论的支持者们声称，“如果世界是小Q的梦，那小Q的怪文书，以及Q电波接收者群体的社群影响力等种种怪事就解释得通了”。\n\n该阴谋论的支持者人数还在不断攀升，目前几乎看不到任何有力的驳斥。事情的古怪走向也成为了阴谋论的佐证之一。
499259063131078922,将妄想化为现实的“家里蹲少女”\n电波妄想美少女小Q？
499259063131078923,脱离SNS\n\n脱离奴隶身份！\n\n变回人类！
499259063131078924,503\nService Unavailable
499259063131078925,晕晕成为SNS解放的象征
499259063131078926,SNS服务器遭“脱离SNS运动”分子入侵，服务陷入停摆状态。目前，SNS页面上持续显示“脱离SNS。脱离奴隶身份！变回人类！”标语，网站用户已无法正常发帖或浏览内容。\n\nSNS成瘾人士对此表示强烈不满，群体中爆发了“夺回社交媒体”抵抗运动。目前，该运动也在不断发酵。\n\n据悉，多名“脱离SNS运动”分子已收到社会性杀人预告（如威胁暴露黑历史），这场“脱离SNS运动”分子与SNS成瘾人士之间的网络纷争恐将持续升级。
499259063131078928,“脱离SNS运动”分子黑入知名SNS服务器\nSNS成瘾人士开启抵抗运动
499259063131078929,检测到存档栏位已用完（60/60），\n内存管理区域剩余空间不足。\n\n检测到中枢运算单元（USER-BRAIN）\n内存溢出。
499259063131078930,错误代码\nSV-OVERFLOW-Q-60
499259063131078931,混沌到极致的世界
499259063131078932,Q电波接收者群体内部派系斗争加剧。据悉，此次纷争源于各派对小Q与晕晕关系性的不同解读。\n\n目前，该群体已分裂为“晕Q派”“Q晕派”“互攻派”三股势力。各派在SNS和讨论板上各执一词，连日展开激烈的论战。\n\n某Q电波接收者指出“这一切都是小Q的领袖度太高的结果”。
499259063131078934,电波接收者群体爆发派系之争\n晕Q派、Q晕派、互攻派三足鼎立
499259063131078935,匿名君
499259063131078936,匿名君
499259063131078937,匿名君
499259063131078938,匿名君
499259063131078939,小Q？
499259063131078940,小Q的帐号在沉默九个月后再度发表新贴。\n然而，此次投稿的内容和语气存在微妙的不协调感，引发用户怀疑其“会不会不是本尊”。\n\n尤其值得注意的是怪文书中“晕”的使用方法。\n众多Q电波观测者指出，“现在的投稿没有了以前那股利落劲”。\n\n阴谋论“现在的小Q只是自称小Q的冒牌货，其实她谁都不是”因此蔓延开来。
499259063131078942,打破长达9个月沉默复出的小Q是冒牌货？\n她的“晕”没了从前的利落
499266929422401536,众人纷纷化为僵尸
499266929422401537,目前，世界各地出现了引战网红突然化为僵尸的现象。发病者会在无意识状态下四处游荡，并对周围人群进行撕咬，表现出典型的僵尸行为。\n各地报告称，被咬者同样会出现类似症状，证实了僵尸化症状是通过相互感染的方式逐步蔓延的。目前已有多个城市爆发了僵尸恐慌，导致商业设施和居民区陆续进行人员疏散。\n\n专家指出，“感染者的行为具有共同特点，与以往僵尸电影中的状态极为相似”。
499266929422401539,不许停止统计曝光？！\n世界各地引战网红纷纷化为僵尸
499301735589904384,哇哇！\n不小心弄掉了晕！
499349231666102272,——既然是为了爱我自己，\n　　这样的世界，崩坏了也没办法吧？
499349231708045312,榜上有名键盘
499349231708045313,只有排行榜高手才能使用的键盘晕！\n（获得的关注者增加为50倍晕）
499349231712239616,锡纸风
499349231712239617,变成锡纸帽晕！\n（获得的关注者增加为50倍晕）
499349231712239618,闪耀风
499349231712239619,变得超级闪耀晕！\n（获得的关注者增加为50倍晕）
499349231712239620,蘑菇风
499349231712239621,会长出蘑菇晕！\n（获得的关注者增加为50倍晕）
499763409287544832,Q频道
499763409333682176,晚安晕晕
499763409333682177,Q.E.D晕
499763409333682178,Q Clearly Paranoid
499763409333682179,随它去～吧
499763409333682180,Engage·ring
499763409333682181,YUN DIE
499763409333682182,不许放置我……晕
499763409333682183,快去睡觉晕
499763409333682184,Yun are an idiot
499763409333682185,没有下次晕
499763409333682186,混沌到极致晕
499763409333682187,全部成为晕
499763409333682188,贴贴晕
499763409333682189,升上高位世界晕
499763409333682190,“愤死”只有在三国演义才会看到晕
499763409333682191,Rim de Lacent
499763409333682192,家里蹲＋√猫耳＝０
499763409333682193,让你（海豚）消失的方法晕
499763409333682194,修正世界线晕
499763409333682195,永别了……
499763409333682196,反家人计划晕
499763409333682197,缸中之Q
499763409333682198,当心四次元速度晕
499763409333682199,不论上天堂还是下地狱，本质都是死了晕
499763409333682200,奇迹，和魔法，都有极限晕
499763409333682201,申请自主破产也得交税晕
499763409333682202,活死人之家里蹲
499763409333682203,不能按奇怪的按钮晕
499763409333682204,来自新世界
499763409333682205,仿生人会不会梦到家里蹲少女晕？
499763409333682206,黑暗与光明的逆转晕
499763409333682207,DEAD OR ALIVE 人体发电机
499763409333682208,据说人的性格会写在脸上晕
499763409333682209,呀！自己杀自己！
499763409333682210,放置·炼狱·丧失
499763409333682211,电波妄想美少女Q
499763409333682212,互联网终焉晕
499763409333682213,出错·游戏·初始化晕
499763409333682214,家里蹲宅女在此下达命令！
499763409333682215,搅成一团漩涡吧！
499763409333682216,扭曲吧～～！！
499763409333682217,锡箔帽
500487460083630080,<<阴谋论影响力>>
500491044795875328,晕晕 I love yun♥
500813730281586688,关键回忆01
500813730323529728,关键回忆02
501085593167626240,END?
501085593205374976,TRUE END
501085593205374977,BAD END
501085593205374978,IF END
501207988280918016,"800,813"
501207988322861056,"369,369"
501207988322861057,秋叶原一带正散播奴化市民的电波，\n失去了心动的人纷纷脱宅。\n\nＰ电波接收者们！团结起来！\n到秋叶原集合，为了摆脱奴役而勇敢抗议吧！
501207988322861058,小P
501207988322861059,××××
501207988322861060,××××
501207988322861061,××××
501207988322861062,原创作品正与其他次元的电波共鸣？\n日前，由国立情报物理研究机构与民间数据分析企业合作创立的观测团队，成功观测到了原创作品正在电波层面上与其它相位的次元空间共鸣的现象。\n此外，他们还提出一项假设：原创作品蕴含的信息，即“创发资讯”，能够跨越次元与其他世界建立连接。\n<color=#1D9BF0>查看更多</color>
501207988322861063,Q电波接收者综合
501793678790131712,先知小Q
501793678827880448,新兴宗教“小Q教”已买下其先知小Q之居所方圆5公里内的所有土地。\n在征得周边居民的同意，并获得当地政府许可后，该区域被划定为“小Q教”的保护区和圣地。\n“小Q教”据称拥有5亿信徒，而这些土地的收购价格最高达到市场价格的1万倍，可谓展现了教团雄厚的经济实力。\n此外，由于先知小Q被视为神圣不可质疑的存在，本次并未针对细节进行逐项核实，以免有不敬之嫌。
501793678827880449,用“钞能力”解决一切？\n小Q住处周边一带划为“圣地”保护区
501793678827880450,××××
501793678827880451,××××
501793678827880452,××××
501793678827880453,【重要提醒】\n从僵尸爆发算起至今28天，\n部分僵尸似乎出现了进化的现象。\n\n本地已经出现了许多会模仿生前行为轨迹，\n例如用钥匙开门，或者搭乘电梯的僵尸。\n\n请大家务必提高警惕，小心为上！
501793678827880454,匿名君
501793678827880455,这首乐曲还没有解锁晕。
501793678827880456,未购买
501793678827880457,商店
501908494401830912,【DEBUG菜单】
501912138400563200,电波歌曲■■开启
501912138400563201,完全通■
501912138400563202,安全模式
501912138400563203,执行
501912138400563204,这是测试
501913727005786112,执行？
501913727005786113,执行！
501928854224535552,初始化
501930976949207040,测试
502244157022175232,88
502244157047341056,711
502244157047341057,551
502244157047341058,小Q就纯纯抄袭狗啊，她那些怪文书全是抄的。\n小P才是正主。\n\n小Q那些怪文书撑死了也就小学生作文水准，\n皮下八成没上过几年学吧。\n\n我看这个小Q就是个脑子不正常的社会边角料。\n不知道家长怎么教的。
502244157047341059,匿名君
502244157047341060,508
502244157047341061,800
502244157047341062,"1,014"
502244157047341063,这个之前匿名版也在讨论，\n小Q才是冒牌货。\n\n小P第一篇晕晕怪文书的发布时间\n比小Q早多了，不信自己看时间戳。\n<color=#1D9BF0>查看更多</color>
502244157047341064,匿名君
503028339398836224,小Q-Wiki\npediQ
503028339482722304,妈妈不会再来了晕
503028339482722305,现在好像不能用晕
503028339482722306,用不了晕
504049219386114048,全部
504424741601443840,这首乐曲还没有解锁晕。
504850194686443520,故事的第1部晕。是序章晕。\n（能触发的阴谋论数量有限晕）
504850194707415040,故事的第2部晕！是主线部分晕！\n目标是电波度100%晕！\n（要多多触发5星阴谋论晕！）
505534934313762816,……干扰越来越强了晕……
505534934359900160,晕晕你也能看见呢。
505534934359900161,……因为晕晕就是小Q啊……
505534934359900162,能够两个人一起品味同一个世界，真的很幸福呢。
505534934359900163,……乱七八糟晕……
505534934359900164,就算乱七八糟，\n一想到这是我们之间的纽带描绘出的图景，感觉就很好呢。
505534934359900165,……整个世界都在电波晕晕晕……
505534934359900166,啊哈哈。\n怎么说呢，“世界，好美”对吧。
505542970822524928,■能量饮料
505542970822524929,小Q喝下ZONe，就会进入ZONE状态？！\n这个时候，通过“电波歌曲”获得的\n“怪文书卡片”的星级会+1晕！
506512495030206464,Rim de Lacent
506932830615535616,>晕晕\n……
506932830716198912,要把这些向着别的次元export去晕？\n※点击即视为同意用户协议
506932830716198913,feat.Touhou Project
506932830716198914,这是一款外观会变化的键盘晕！\n（获得的关注者增加为50倍晕）
506932830716198915,feat.Nanahira
506932830716198916,这是一款外观会变化的键盘晕！\n（获得的关注者增加为50倍晕）
506932830716198917,feat.Rish
506932830716198918,这是一款外观会变化的键盘晕！\n（获得的关注者增加为50倍晕）
506932830716198919,feat.HARDCORE TANO*C
506932830716198920,这是一款外观会变化的键盘晕！\n（获得的关注者增加为50倍晕）
506932830716198921,feat.Frontwing
506932830716198922,这是一款外观会变化的键盘晕！\n（获得的关注者增加为50倍晕）
506985397311668224,来栖玖瑠
506985397336834048,來栖胡桃
506985397336834049,크루스 쿠루미
506985397336834050,쿠루미 크루스
506985397336834051,Куруми Курусу
506985397336834052,Курусу Куруми
506985397336834053,คุรุสุ คุรุมิ
506985397336834054,คุรุมิ คุรุสุ
506985397336834055,Kurumi Kurusu
506985397336834056,Kurusu Kurumi
506985397336834057,Qurusu Qurumi
506985397336834058,Qurumi Qurusu
506985397336834059,Kruse Kurumi
506985397336834060,Kurumi Kruse
506985397336834061,Quruse Qurumi
506985397336834062,Qurumi Quruse
506985397403942912,故事的主线部分晕！\n（要多多触发5星阴谋论晕！）
508098362542817280,AVERAGE
508806713538936832,做了有趣的梦嗯？\n奖励里「我的图片」增加了嗯！
508806713585074176,可以从“键盘”开启锡箔帽模式晕！\n（解压ZIP就能解锁“键盘”了晕）
509436153776209920,……电波，回想起来，晕……？
509436153822347264,……世界被电波搅得晕又晕……
509436153822347265,啊哈哈。怎么说呢，\n这就是“世界，好美”吧。
509436153822347266,谢谢你能来玩，晕！
511019755735515136,可以回看SNS上显示的阴谋论剧情晕。
511019755760680960,■ 给进行直播・录制的玩家
511019755760680961,本游戏由于演出需要，可能会自动切换到窗口模式。您的电脑桌面可能会意外展示在镜头中，建议将相关设置修改为<color=#f6669e>仅捕获游戏画面</color>。
511019755760680962,■ 关于光敏性癫痫
511019755760680963,本游戏包含闪烁、闪光以及快速切换的视觉效果。游戏过程中<color=#f6669e>如感到身体不适，请立即停止游戏</color>并保持安静休息。
511637745984241664,END？看完“Q † CHANNEL”之后再点击晕！
511680602052919296,■妈妈降临模式
511680602090668032,如果有HARDCORE的画面播放出来的话，\n说不定还能收到特别的电波YUN？
511680602157776896,使用条款
511932748384075776,"■ 图片与GIF动画使用条款\n本游戏支持导出图片和GIF动画。本条款旨在规范通过该功能输出的素材（以下简称""导出素材""）的使用方式，以便所有人能够安心使用。\n\n▶ 允许的用途\n・发布至社交媒体（X / Discord / Instagram / TikTok / Bluesky 等）\n・用于游戏实况与直播（直播相关规范请查阅官方网站）\n・设为桌面壁纸等个人用途\n\n▶ 禁止的用途\n・违反公序良俗\n・表达政治主张\n・表达宗教主张\n・侵犯或可能侵犯他人权利\n・引导他人误解或误读为官方内容\n・贬损实际存在的个人或团体\n・用于诽谤中伤、歧视、骚扰行为（或可能被如此理解的情境）\n・贩售导出素材\n・无论有偿或无偿的周边化、商品化\n・一切以AI学习为目的的使用\n・一切形式的NFT化\n\n▶ 注意事项\n・含有剧透的内容请明确标注""含剧透""。\n・请避免任何扭曲角色人格或作品主题的改编。\n・未成年人请在取得监护人同意后使用该功能。\n・本条款的内容可能不经通知随时更改。\n"
512558277600641024,■妈妈降临模式
512558277600641025,按下Tab键，就能将桌面\n瞬间切换为超～级健全的画面晕！\n这样就算妈妈看见了小Q的桌面，\n也不会觉得她在玩，她就能逃过一劫晕！
512823673373229056,指南
512823673406783488,官方网站
514519044281499648,15分钟内会随机接收“电波歌曲”晕！\n点击左上角的“跳过”按钮，效果和放置15分钟一样晕！
514538837810249728,新键盘上线啦晕！
514538837831221248,新的“电波歌曲”上线啦晕！
514538837831221249,超厉害键盘\n魔改版
514538837831221250,能瞬间结束“电波歌曲”的\n魔改版超厉害键盘晕！\n（不影响成就和分数晕）
514939820268748800,■晕晕附身自动模式
514939820306497536,15分钟内会随机接收“电波歌曲”晕！\n点击左上角的“跳过”按钮，效果和放置15分钟一样晕！
