359374716964864,ГЛАВНОЕ МЕНЮ
359790565429248,НОВЫЙ СОН
697230144606208,Меню
697443559182336,Главный экран
697599742480384,Играть
699032378314752,Вне игры
701075566399488,Меню
701508766699520,Новелла
701581047140352,Правка
701656469114880,Язык
701778028433408,Закрыть
702720903778304,Список треков
702949178773504,Закрыть
703432719110144,Соединение…
706156462379008,Язык
706397228011520,Закрыть
372908906425516032,Соцсети
372908906425516033,Дневник
372908906425516034,Осмотр комнаты
372908906425516035,Здоровье
372908906425516036,TODO
372908906425516037,Мои фото
372908906429710336,Настройки
372908906429710337,ZIP
372908906429710338,Корзина
372910093082198016,Песни
372922115467411456,Q-чан
372922115467411457,Юн-юн
372922115467411458,ВОЛНЕНИЕ
372922115467411459,ЮН-ЮН
372922115467411460,ХАРИЗМА
372929733636292608,ОБЫЧНЫЙ
372929733636292609,ЭНЕРГИЧНО
372929733640486912,ЗАДРОТ
372929733640486913,С 1-й попытки
372929733640486914,Ранг A и выше
372929733640486915,ФУЛЛ КОМБО
372929733640486916,Рейтинг 95%+
372929733640486917,⇅Сортировка
372929733640486918,Вокал: {name}
372929733640486919,Музыка: {name}
372929733640486920,Слова: {name}
372936789667774464,⇅Сортировка
372936789697134592,{name} UP
375435576814501888,Q-чан
375435576835473408,@yunyuniloveyou
375435576835473409,Юн-юн I Love you.
375435576835473410,Подписчики
375435576835473411,Подписки
384731644312059904,boot sequence:::START
384731644341420032,[RECEIVING SIGNAL YUNYUN ENTITY]
384731644341420033,....................
384731644341420034,ERROR: IDENTITY OVERLAY DETECTED
384731644341420035,merging user with entity
384731644341420037,Синхронизация завершена
384731644341420038,Добро пожаловать в Синдром Юн-юн
384732430026833920,Q SYSTEM версия 0.88\n©Alliance Arts Inc. / Разработано WHO YOU
384744829031186432,ВЫХОД
384746919015120896,ЗАГРУЗИТЬ СОН
384746919073841152,БОНУСЫ
385428742204456960,РЕКОРД
385428742242205696,РАНГ
385439829188575232,Аранж. : {name}
385849607983366144,ОШ#БК@
385849608025309184,"> Юн-юн\nА-а-а! НУЖНО БОЛЬШЕ СИГНАЛА, ЮН!"
385849608025309185,"> Юн-юн\nОй-ой! Всё сломалось!\nПроверь «ЗАГРУЗИТЬ СОН», юн!"
385884829454073856,ОШ#БК@
385903467410128896,ВСТУПИТЕЛЬНЫЙ РОЛИК
385903467410128897,ГАЛЕРЕЯ ФОНОВОЙ МУЗЫКИ
385903467410128898,АВТОРЫ
385903467410128899,"> Юн-юн\nЭто особая страничка, юн!"
385903467426906112,АВТОСОХРАНЕНИЕ
385903467426906113,ВОСПОМИНАНИЕ {num}
385903467426906114,▼ДАТА\n{MM}/{dd}{yyyy}\n{time}
385930878222761984,Эпизод: {text}
387668255198838784,Битмап : {name}
391392601318785024,Вики Юн-юн\n
400535952903274496,"> Юн-юн\nНужно поднять уровень сигнала, юн!"
400535952945217536,> Юн-юн\nЯ должна передать эти чувства Q-чан...!
400535952945217537,> Юн-юн\nЮн-ю-юн!
402137850064306176,НАЗАД
402152904314748928,Настройки
402152904352497664,Ритм-игра
402152904352497665,Управление
402152904352497666,Язык
402250472981954560,"> Юн-юн\nПоковыряемся в настройках, юн!"
402250473019703296,"> Юн-юн\nПоковыряемся в настройках!\nЗдесь можно проверить скорость текста, юн."
402250473019703297,"> Юн-юн\nЛови ритм, юн!"
402250473019703298,"> Юн-юн\nНастройка клавиш, юн!"
402250473019703299,"> Юн-юн\nТеперь всё на русском, юн!"
402250473019703300,СИСТЕМА
402250473019703301,Графика
402250473019703302,В окне
402250473019703303,Полный экран
402250473019703304,В окне без рамки
402250473019703305,Разрешение экрана
402250473019703306,3840×2160
402250473019703307,2560×1440
402250473019703308,1920×1080
402250473019703309,1600×900
402250473019703310,1440×900
402250473019703311,1280×720
402250473019703312,Частота кадров
402250473019703313,V-Sync
402250473019703314,60FPS
402250473019703315,120FPS
402250473019703316,Без ограничений
402250473019703317,Скорость текста
402250473019703318,Медленно
402250473019703319,Нормально
402250473019703320,Быстро
402250473019703321,MAX
402250473019703322,Общая громкость
402250473019703323,Песни
402250473019703324,Системные звуки
402250473019703325,Голос
402250473019703326,Фоновая музыка
402250473019703327,Звуки событий
402250473019703328,Ритм-игра
402250473019703329,ВКЛ
402250473019703330,ВЫКЛ
402250473019703331,Тип дорожек
402250473019703332,Широкие
402250473019703333,Узкие
402250473019703334,Калибровка тайминга
402250473019703335,Зеркальный режим
402250473019703336,Линии аккордов
402250473019703337,Отображение персонажа
402250473019703338,Эффект шизопостов!
402250473019703339,Яркость фона
402250473019703340,Управление
402250473019703341,Дорожка 1
402250473019703342,Дорожка 2
402250473019703343,Дорожка 3
402250473019703344,Дорожка 4
402250473019703345,Пост
402250473019703346,"Введи клавишу для «{lane}», юн!"
402250473019703347,日本語
402250473019703348,English
402250473019703349,简体中文
402250473019703350,繁體中文
402250473019703351,한국어
402254292080295936,По умолчанию
402257783737712640,ГРОМКОСТЬ
402258653271457792,0
402258653275652096,МАКС
402259728498065408,Обучение и предпросмотр настроек
402260409682395136,Скорость нот
402262408679292928,Язык
402503633244160000,> Юн-юн
405441114889420800,Сложность
405862380557467648,Волнение
405862380599410688,Юн-юн
405862380599410689,Харизма
408050705066262528,Предметы
408094764975685632,Трек
408795089361600512,ПОВТОР
408795089390960640,СДАТЬСЯ
408795089390960641,ПРОДОЛЖИТЬ
408810702364639232,1 ★☆☆☆☆
408810702402387968,2 ★★☆☆☆
408810702402387969,3 ★★★☆☆
408810702402387970,4 ★★★★☆
408810702402387971,5 ★★★★★
410592432146776064,Трек
410592432239050752,По умолчанию
415542925398802432,Трек: {title}\nВокал: {singer}\nТекст: {lyricist}\nМузыка: {composer}\nАранжировка: {arran}\nЧарт: {score_editor}
415579311279603712,Yunyun Syndrome!? Rhythm Psychosis Version {version}
415610741573451776,Сообщить об ошибке
415610741594423296,Контакты
415610741594423297,СИГНАЛ ЮН-ЮН
415610741594423298,НАЗАД
417729278052040704,Ахахах
417806557235019776,СЛОТЫ
417806557264379904,РЕКОМЕНД.
420771583285690368,> Юн-юн
420771583327633408,"Восстановить данные из корзины, юн?"
420776507809628160,> Юн-юн
420776507843182592,"Введи пароль, юн!\nВведи коронную фразочку Юн-юн латиницей!"
420947398027804672,Трек {id}
421834168009392128,Скипнуть видео?
423178542169358336,1024×576
423178542207107072,854×480
424005319653490688,Discord
424005319695433728,"Уровня сигнала не хватает, юн!\nПохоже, отправить можно только при 100%, юн."
424005319695433729,"Загрузить сохранение, юн?"
424005319695433730,"Перезаписать сохранение, юн?"
424005319695433731,01 Первый сигнал
424008151483973632,"Ууупс, это сохранение нельзя перезаписать, юн!"
424031540604993536,Погрешность тайминга ±
424352715050745856,НАСТРОЙКИ
424762825073917952,Клавиатура
425459214246379520,Как читатели трактуют текст Q-чан...?
425459214279933952,Трактовка подписчиков...?
425459214279933953,Реакция интернета...?
425459214279933954,Таков выбор этого мира...!
425459214279933955,"Что же выпадет, юн?! Что же выпадет?!"
425459214279933956,"Жду не дождусь, юн!"
426159465076785152,"Нажми «Песни», юн!"
426159465114533888,Юн-юн! Юн-юн!
426159465114533891,"Цель: Уровень волнения 20%, юн!"
426159465114533892,"Лови кучу сигналов,\nверни сердцу волнение, юн!"
426159465114533893,"Цель: Уровень волнения 40%, юн!"
426159465114533894,"Лови кучу сигналов, верни сердцу волнение, юн!"
426159465114533895,"Цель: Уровень волнения 50%, юн!"
426159465114533896,"Лови кучу сигналов,\nверни сердцу волнение, юн!"
426159465114533897,"Цель: Юн-уровень 50%, юн!"
426159465114533898,"Шли милые словечки через сигналы!\nДавай Юн-юнить, юн!"
426159465114533899,"Цель: Харизма 50%, юн!"
426159465114533900,"С помощью сигналов Q-чан мы очаруем мир во имя Юн-юн, юн!"
426204373489713152,"Кажется, я так устала, что даже шевельнуться не могу... юн"
426943935656656896,Одиночные ноты
426943935690211328,"Жми клавишу в момент пересечения линии, юн."
426943935690211329,Длинные ноты
426943935690211330,"Удерживай клавишу, когда нота достигнет линии нажатия, юн!"
426943935690211331,СЕРИЯ НОТ
426943935690211332,"Бей по клавишам определённое количество раз, юн!!"
426950895399501824,"Завершить обучение, юн?"
426950895433056256,ДАЛЕЕ
427623371884363777,Tutorial/Screenshot1
427623371884363778,■Песни
427623371884363779,"Кликай на песни,\nпоймай ритм, принимай сигналы,\nи почувствуй волнение, юн!"
427623371884363780,Tutorial/Screenshot2
427623371884363781,■Повышение уровня сигнала
427623371884363782,"Песни, достижения, Теории заговора, концовки — всё это поднимает Уровень сигнала, юн!\nДавай стремиться к 100%, юн!"
427623371884363783,Tutorial/Screenshot1
427623371884363784,■Повышение Здоровья
427623371884363785,"Играй музыку, и уровень волнения вырастет, юн! Про другие параметры... расскажу позже, юн!"
427623371884363786,Tutorial/Screenshot2
427623371884363787,■Карты шизопостов
427623371884363788,"Это карточки с текстами, которые написала Q-чан, юн! Комбинируй 3 штуки и пости в интернет, юн!"
427623371884363789,Tutorial/Screenshot2
428239508699512832,ОБУЧЕНИЕ ЗАВЕРШЕНО
428239508741455872,Enter
428254632835448832,"Завершить обучение, юн?"
430364152730648576,ЛОГ
430364152835506176,АВТО
430364152835506177,ПРОПУСК
430364152835506178,ГОЛОС
430514124142837760,Загрузка…
430531574318137344,Время демо-версии истекло.
430754866958336000,"Неверный пароль, юн!"
430899870125162496,■ЗАДАЧИ
430899870192271360,"Здесь отображаются текущие цели, юн!"
430899870192271361,Tutorial/Screenshot3
430899870192271362,■Здоровье
430899870192271363,"Показывает состояние Q-чан, юн!"
430899870192271364,Tutorial/Screenshot4
430899870192271365,■Осмотр комнаты
430899870192271366,"Наверное станет доступно, когда сердце Q-чан наполнится волнением и оживёт, юн"
430899870192271367,Tutorial/Screenshot4
430899870192271368,■Песни
430899870192271369,"Лови ритм музыки, чтобы начать приём сигналов, юн!"
430899870192271370,Tutorial/Screenshot1
430899870192271404,■Поиск
430899870192271405,"При уровне волнения выше 20% откроется режим поиска! Исследуй всё вокруг и кликай, юн!"
430899870192271406,Tutorial/Screenshot3
430899870192271407,■Карты шизопостов
430899870196465664,"Уровень здоровья меняется в зависимости от типа карт, юн!\n・Волнение: +2% к Уровню волнения за звезду\n・Юн-юн: +2% к Уровню Юн-юн за звезду\n・Харизма: +2% к Уровню харизмы за звезду"
430899870196465665,Tutorial/Screenshot2
430899870196465666,■Звёзды карт шизопостов
430899870196465667,"У карточек есть редкость от 1 до 5 звёзд, юн!\nЧем больше звёзд, тем круче результат, юн!"
430899870196465668,Tutorial/Screenshot2
430899870196465669,■Теория заговора
430899870196465670,"Когда активируется теория заговора, Уровень сигнала растёт, юн!\nЦель — уровень сигнала 100%, юн!"
430899870196465671,Tutorial/Screenshot2
430899870196465672,■Уровень теорий заговора
430899870196465673,"Одну и ту же теорию заговора можно прокачать дважды, юн!\nЕсли повысить уровень теории заговора до 5★... может произойдёт что-то интересное, юн?"
430899870196465674,Tutorial/Screenshot2
430899870196465675,"К тебе, в тот день"
430899870196465676,Первый сигнал
430899870196465677,"Сердечко тук-тук, юн!"
430899870196465678,"Rim de Lacent, юн!"
430899870196465679,"Время поиска, юн!"
430899870196465680,"РЕЖИМ «МАМА ИДЁТ», юн!"
430899870196465681,"Мама не спалила, юн!"
430899870196465682,"Мама спалила, юн!"
430899870196465683,"Зарядка энергией, юн!"
430899870196465684,"Постим, юн!"
430899870196465685,"Новая теория заговора, юн!"
430899870196465686,"Чудо любви, юн!"
430899870196465687,Революция шизопостингом Юн-юн!
430899870196465688,"Адепты сигналов Юн-юн, юн!"
430899870196465689,"Любовь фанатов непобедима, юн!"
430899870196465690,"Новый лор раскрыт, юн!"
430899870196465691,"Появление Пи-чан, юн!"
430899870196465692,"Время фактчека, юн!"
430899870196465693,"Личные данные — секрет, юн!"
430899870196465694,"Шизокрасавица-воин Q, юн!"
430899870196465695,"Токсичные волны Пи-чан, юн!"
430899870196465696,Печалька...юн
430899870196465697,"Рано ещё финишировать, юн"
430899870196465698,"Курусу-чан идёт спать, юн"
430899870196465699,"Первый сигнал, юн?"
430899870196465700,"Это первый сигнал, юн?"
431218986526605312,"Хочешь пройти туториал по ритм-игре, юн?"
432448074771759104,МАМОЧКА
432475509521285120,"(...Ранец, который мы выбрали с папой. Я была так рада, когда он сказал, что я в нём милашка...)"
432475509538062336,"(Фанатская фигурка с ивента. Хочу, чтобы когда-нибудь вышла и официальная.)"
432475509538062337,(Буду проявлять инициативу. Буду проявлять инициативу. Буду проявлять инициативу. Обещание Маме. Письмо раскаяния.)
432475509538062338,"(Огромный телик из папиной комнаты. Ретро — это же круто, да?)"
432475509538062339,"(Фото с лыжной поездки с Мамой, уже после того, как папы не стало.)"
432475509538062340,"(Школьная сумка. Мусорка. Много вещей украли, многое испачкали...)"
432475509538062341,(Бонус-постер из журнала к выходу 2-го тома OVA «Ангел-палач † Гильотина». Порванное мамой заклеено.)
432475509538062342,(Плюшевая игрушка с барахолки. Среди официального мерча такой нет. Фанатская?)
432475509538062343,"(Лимитированная Наволочка дакимакуры с Юн-юн, всего 30 штук в мире. Повезло урвать на аукционе.)"
432475509538062344,"(...Мусор. Если насвинячу в гостиной, Мама будет ругаться. А утром встать не могу, вот он и копится...)"
432475509538062345,(Старый ноут. Пытаюсь писать роман. Лор получается просто супер!)
432475509538062346,(Призовые фигурки! Люблю ловить их в игровом автомате — вот и скопилось немало!)
432475509538062347,"(...Снаружи переулок торгового квартала. Не поймёшь, то ли солнце светит, то ли фонари...)"
432475509538062348,(...Я люблю лапшу с морепродуктами...!)
432475509538062349,"(Волшебный ящик, чтобы поесть горячего, даже когда мамы нет. У Юн-юн по канону тоже любовь к микроволновкам.)"
432475509538062350,"(Следы пребывания мамы. Бывает, проснусь, а вещи переставлены.)"
432475509538062351,"(Оставь надежду, всяк сюда входящий.)"
432475509538062352,(...Чьё же это пальто?...)
432475509538062353,(...Остановись. Не прикасайся к Морю Порчи...)
432961279398936576,■Энергетический напиток
432961279428296704,"Выпей ZONe, и Q-чан войдёт в состояние «В потоке»?! Все карты «Безумных записок», полученные в   «Песни», получат +1 звезду, юн!"
432961279436685312,Tutorial/Screenshot2
432961279436685313,ZONe
432987649965457408,rimdelacent
432988311977623552,"Клавиатура разблокирована, юн!"
432992895437537280,"(Надо перестать быть дурой... Обещание маме. Жутко вспоминать, как меня заставили поставить печать кровью.)"
432998098089967616,"Похоже, песни восстановлены, юн!"
432998098089967617,"Кажется, какое-то изображение восстановлено, юн!"
432998098089967618,"Корзина пуста, юн!"
433074816867794944,Обычная клава
433074816901349376,"Похоже, это папина клавиатура, юн!"
433074816901349377,Крутая клава
433074816901349378,На ней можно играть песни в авторежиме! (Не влияет на достижения и счёт)
433303487230672896,"(...Сил шевелиться нет. Может, сердечку не хватает волнения?...)"
433427943441727488,#？？？
433702239711952896,Принять
433702239821004800,Оборудование
435459201915060224,"Не хватает уровня волнения, чтобы связаться с Мамой, юн!"
435459201957003264,"Попросить Маму вернуться домой, юн?"
435459201957003265,Я расстроила Мамочку...?
435459201957003266,А! Мамочка...
435459201957003267,...а-а она в бешенстве...!!
435459201957003268,ГЯ-Я! Прости! Прости-и!\nЯ буду стараться стать нормальной взрослой!!
435459201957003269,ГЯ-Я-Я-Я!!
435459201957003270,"Холодильник полон, но уровень волнения упал... юн"
435459201957003271,"Хе-хе. Но...\nВообще-то, я хочу увидеть Мамочку."
435459201957003272,"Прости, мамочка... Знаю, ты занята, а я вот так врываюсь. Просто... как сказать... вдруг захотелось тебя увидеть. Мы так давно не виделись. Ты там вообще норм? Хотя это же ты — наверняка держишься.\nТы хоть ешь нормально? Я-то в порядке. Пока есть энергос — я живая. Ой... кстати, в холодильнике он, кажется, закончился... Прости, что опять питаюсь как попало. Ты столько раз ругала, а я всё никак не исправлюсь... Да, знаю, я безнадёжная. Я правда стараюсь. Честно. Ой, опять меня понесло...\nЯ понимаю, что тебе тяжело возвращаться домой. И что работа (или что там у тебя...) далеко. И что ты занята. Я всё понимаю. Но я хочу тебя увидеть. С учёбой у меня, если честно, так себе. И не факт, что я веду себя как “хорошая девочка”... Но если бы ты приехала, я была бы счастлива.\nМожно...? Пожалуйста."
435459201957003273,"Мамочка, как ты? Я в порядке благодаря Юн-юн. Но в реальности я одна, и хочу видеть только тебя. Вот и написала. Я приставучая, да? Но правда хочу, чтобы ты вернулась, хоть иногда. Если ты меня обнимешь, мой Уровень волнения взлетит! Прости за эгоизм. Ответь, пожалуйста.\nИ если придешь... прости, купишь лапши и энергетиков? Было бы здорово. Я не учусь и не работаю, прости. Я просто дармоедка."
435459201957003274,"Юн-ю-юн! Rim de Lacent! Сердце Q-чан колотится от сигналов любви Юн-юн! Как ты, Мамочка? На работе? Сердечко бьётся? Не устала? Шлю сигнал любви моей трудяге-Мамочке! Ты такая умная, красивая и надежная, я горжусь тобой. Люблю! Очень люблю! Обожаю! Не перетруждайся и отдыхай иногда, ладно? Можно не где-то, а дома!\nЯ ведь тоже дома!\n(Твоя дочь голодна и ждёт тебя!)"
435459201957003275,"Мамочка! ( ´∀｀)σ)∀)\nГде ты и что делаешь? (´・ω・)\nА я вот...\nПросто валяюсь за компиком (；´Д｀)\n\nСлушай, Мамочка...\nТы, может, на свидании с парнем? ( ﾟдﾟ )\nЕсли да, то весело, наверное, но я чувствую себя брошенной, плак-плак (´・ω・｀) Вот и строчу сообщения m9(Д)\n\nНа самом деле, хочу, чтобы ты сказала «Я дома», а я ответила «С возвращением» (〃▽〃)\nЗнаю, я эгоистка,\nно прошу ответь мне (´・∀・｀)\n\nЕсли придешь, у меня просьба (；´∀｀)\nКупи в магазине пару булочек или лапши.\nНо главное — энергосы! (ﾟ∀ﾟ)\nЯ не учусь и не работаю, знаю, что я никчемная (ヽ´ω`)\n\nНо я не хочу, чтобы и ты меня бросала..."
435459201957003276,"Скажи... Матушка (Мамуля), какие цветы продают у тебя на работе?\nСкажи... Матушка (Мамуля), какое вино пьют у тебя на работе?\nСкажи... Матушка (Мамуля), на работе тело больше не болит?\nСкажи... Матушка (Мамуля), на работе мы не можем быть вместе?\nСкажи... Матушка (Мамуля)...\n(Мамуля, твое поколение ведь слушало этого исполнителя? Лол)"
435459201957003277,Мамочка-а-а!\nМожет ты вёрнешься домой?        
435459201957003278,"Прости, что внезапно. Просто захотелось написать.\nЯ в порядке. Как ты и говорила, сижу тихо, никому не мешаю. Живу. Думаю взяться за учебу. Если останусь хикканшой, буду тебе обузой, так что хочу исправиться."
435459201957003279,"Мама, я стараюсь сама."
435459201957003280,"Удачи на работе!\nОй... я не хотела давить на тебя. Просто хочу, чтобы у тебя всё было хорошо..."
435459201957003281,"Мама, не переживай.\nЯ в порядке."
435459201957003282,Люблю тебя.
435469093350572032,Х\nО\nЧ\nУ\n\nК\n\nМ\nА\nМ\nЕ\n! Мне одиноко и ещё кушать хочется!!
435543370896670720,✓✓
435902026695737344,"Жми Tab, чтобы сменить экран!"
436301150398087168,■Смена режима
436301150431641600,"Выбор режима не влияет на прогресс!\n 【ОБЫЧНЫЙ】 Рекомендую, юн!\n 【ЭНЕРГИЧНО】 Для тех, кто хочет посложнее, юн\n 【ХАРДКОР】 Для тех, кто хочет ещё сложнее, юн\n 【ЗАДРОТ】 Только для задротов-хиканов, юн"
436301150431641601,■ОБЫЧНЫЙ
436301150431641602,"Тайминги в режиме ОБЫЧНЫЙ, юн!\n ・ИДЕАЛЬНО: ±50\n ・ОТЛИЧНО: ±101\n ・ХОРОШО: ±191"
436301150431641603,■ЭНЕРГИЧНО
436301150431641604,"Тайминги в режиме ЭНЕРГИЧНО, юн!\n ・ИДЕАЛЬНО：±33\n ・ОТЛИЧНО：±66\n ・ХОРОШО：±151"
436301150431641605,■ХАРДКОР
436301150431641606,"Тайминги в режиме ХАРДКОР, юн!\n ・ИДЕАЛЬНО：±33\n ・ОТЛИЧНО：±66\n ・ХОРОШО：±101"
436313355180998656,■Тип дорожек
436313355214553088,"Выбирай широкий или узкий режим, юн!"
436313355214553089,■Скорость нот
436313355214553090,"Настрой скорость нот, юн!"
436313355214553091,■Погрешность тайминга ±
436313355214553092,Показывает точность твоего тайминга
436313355214553093,■Калибровка тайминга
436313355214553094,"Настрой задержку, юн!\n\nНапример, если отклонение часто показывает +5.0,\nвыставь тайминг на -5.0, чтобы свести его к нулю, юн!"
436313355214553095,■Зеркальный режим
436313355214553096,"Падающие ноты меняются местами (зеркально), юн!!"
436313355214553097,■Линии аккордов
436313355214553098,"Показывает ноты для одновременного нажатия, юн!"
436313355214553099,■Эффект шизопостов!
436313355214553100,"Эффект карточек шизопостов отключается, юн!"
436322615243735040,■Отображение персонажа
436322615264706560,"Люди... исчезнут, юн!"
436322615264706561,■Эффект шизопостов!
436322615264706562,"Эффект шизопостов исчезнет, юн!\nНе понимаешь, о чём я?\nПопробуй пройти этот сон чуть дальше, юн!"
436322615264706563,■Яркость фона
436322615264706564,"Можно делать темнее или светлее! Настрой так, чтобы ноты было хорошо видно, юн!"
436322615264706565,■Управление
436322615264706566,"Можно делать темнее или светлее! Настрой так, чтобы ноты было хорошо видно, юн!"
436322615264706567,■ДОСТИЖЕНИЯ
436322615264706568,"Получай их, и уровень сигнала вырастет, юн! Они общие для всех снов, юн. Новые песни дают больше прогресса, юн!"
436489289930539008,■МАМОЧКА
436489289964093440,Q-чан позвонит маме. Уровень волнения снизится на 50% и холодильник пополнится
436557321067462656,■Уровень сигнала
436557321121988608,"Цель «Синдрома Юн-юн» —\nнабрать 100%, юн!\n\nВсё ради того, чтобы отправить Q-чан «СИГНАЛ Юн-юн»!"
436636402375098368,■РЕЖИМ «МАМА ИДЕТ»
436636402400264192,"Жми Tab, и экран станет ну о-о-очень приличным, юн! Даже если Мама увидит, она не спалит, что ты играешь. Полная безопасность, юн!"
437990325392408576,"Запустить режим автоматического единения с Юн-юн?\n(Юн-уровень: -50%. Песни играют 15 минут в случайном порядке, создаются карты уровня до 4 звёзд)"
437990325430157312,Оставшееся время
437990325430157313,Созданные Теории заговора
437990325430157314,Отключить Режим единения с Юн-юн?
438030621417308160,Вероятность появления теории заговора (%)
438030621417308161,■Автоматический режим единения с Юн-юн
438030621417308162,"Перетащи Юн-юн к Q-чан, юн!\nРежим активируется, расходуя 50% юн-юн-энергии.\nВ течение 15 минут будут проигрываться случайные песни и появляться теории заговора до ★4, юн!\n"
438203185234083840,"Не хватает Юн-уровня, юн!"
439051954611716096,Синхронизация звука
439051954645270528,■Синхронизация звука
439051954645270529,"Настрой тайминг между песней и нотами, юн! Удобно, если юзаешь Bluetooth-наушники, юн."
439204674949775360,Опубликовать
440239443036766208,"Выберу три поста из текстов, написанных Q-чан!"
440239443074514944,БАФ ПАРАМЕТРОВ
440310121102475264,Завершить
440355190618619904,"Я так рада, что ты играешь со мной, юн!!"
440953566032723968,Звук клавиш
440953566074667008,Звуковые эффекты
440953566074667009,Голос
442048202323165184,Это ж щитпосты
442048202352525312,"Лол, приняли за теорию заговора"
442048202352525313,Предсказание землетрясения Юн-юн
442048202352525314,У Юн-юн\nдебильная рожа
442048202352525315,Юн-юн — вчерашний день
442048202352525316,Че за движ? лол
442048202352525317,Крипово
442048202352525318,Q-чан реально настоящая?
442048202352525319,Мерзость
442048202352525320,Фактчек
442048202352525321,"Юн-юн, лол"
442048202352525322,Юн-юн разве\nтакая?
442048202352525323,Кинул репорт
442048202352525324,Хи-и
442048202352525325,Лол
442048202352525326,Она правда Пророк?
442048202352525327,Богиня Q-чан
442048202352525328,"Я люблю Юн-юн. Правда, очень сильно. Правда. Вам даже не представить насколько. Люблю так, что словами не описать, и с вероятностью 99% это болезненная одержимость. Поэтому не надо искажать мои чувства. Юн-юн..."
442048202356719616,Q-адепт
442048202356719617,Я всерьез проанализировал безумные посты из соцсетей.\n\n【Загадка постов Q-чан】Это шифр? Она предсказывает землетрясения по частоте «Юн»?!\nДоказательства шифра в записках Q-чан и даты землетрясений?\n<color=#1D9BF0>qtube.be/fgjhk...</color>
442050459194261504,⚠ Срочно: землетрясение 5 баллов в г. ХХ (Токио). Угрозы цунами нет
442050459194261505,"По данным метеослужбы, сегодня около ХХ:ХХ в районе ****** (Токио) произошло землетрясение силой 5 баллов.\nИнформация о пострадавших и разрушениях проверяется."
443938154648600576,Yunyun Syndrome!? Rhythm Psychosis  Демо-версия {version}
446052779343118336,30FPS
446082796936658944,Яркость фона дорожки
446082796974407680,Яркость вращающегося\nфона
446086295816667136,■Яркость фона дорожки
446086295850221568,"Можно делать темнее или светлее! Настрой так, чтобы ноты было хорошо видно, юн!"
446086295850221569,■Яркость вращающегося фона
446086295850221570,"Можно делать темнее или светлее! Для тех, кому мешает мелькание, юн!"
450611467881971712,Авто
450624822927589376,Калибр. звука
450624822956949504,"Жми Enter в ритм, юн!\nЯ подберу значение\nпо 4 последним нажатиям, юн!\n(Удерживай, чтобы подтвердить, юн!)"
450624822956949505,ПОДТВЕРДИТЬ
450624822956949506,Задержка синхронизации (среднее значение) ：{time}
450624822956949507,Завершить автокалибровку синхронизации?
451505832514977792,ХАРДКОР
451505832586280960,【MONTHLY RANKING】
451505832586280961,ОБНОВИТЬ
451505832586280963,СЛОЖНОСТЬ
451505832586280964,МЕСТО
451505832586280965,НИКНЕЙМ
451505832586280966,ПРОГРЕСС
451505832586280967,СЧЁТ
451505832586280968,Observing Glitch “YUN-YUN” -Fragment-
451505832586280969,Observing Glitch “YUN-YUN” -Shape-
451505832586280970,Observing Glitch “YUN-YUN” -Entity-
451505832586280971,Desktop Society
451505832586280972,Glittering Trap
451505832586280973,3NCRYP7ED_H4Z3
451505832586280974,Collapsed Ordinary
451505832586280975,KAKUSEI☆SYNDROME
451505832586280976,Thanks for playing
451505832586280977,EXC3PT!ON_H4NDL1NG
451505832586280978,NOISYVERSE
451505832586280979,EMERGENCY
451505832586280980,Disconnected
451505832586280981,Wail
451505832586280982,P1XEL_HE4RT_MEM0RY_DVMP
451505832586280983,My Heart
451505832586280984,Hollow
451505832586280985,MADDDD
451505832586280986,Solace
451505832586280987,A Pause in Passing
451506460008022016,ТРЕК
453614789639438336,Базовые
453614789735907328,DLC
454781211610611712,■ЗАДРОТ
454781211644166144,"Тайминги в режиме ЗАДРОТ, юн!\n ・ИДЕАЛЬНО：±21\n ・ОТЛИЧНО：±41\n ・ХОРОШО：±101"
454781211644166145,■Ежемесячный рейтинг
454786337998012416,"Рейтинг очков cбрасывается в начале месяца, юн! (Первый сброс запланирован на 1 июня 2026 года, юн)."
461688025463816192,Тряска экрана
461692780747587584,■Тряска экрана
461692780781142016,"Включает и выключает тряску экрана, юн!"
486178414132363264,Q-FamiNico Gamer
486178414182694912,Популярность Юн-юн в сети растет!\nАвтор и сэйю обсуждают её очарование!\n\n<color=#1D9BF0>qnews.be/news/6699....</color>\n\nНеужели нашумевшая Q-чан связана с оригиналом?\nГ-н WHO YOU: «Истинная личность Q-чан — это...»
486179209334652928,Вся правда о Юн-юн от её создателя
486669372439560192,"> Юн-юн\nУ Q-чан от шока разбилось сердце, юн..."
486669372481503232,"> Юн-юн\nРеальность полна боли, юн..."
486669372481503233,> Юн-юн\nЧтобы донести сигналы Юн-юн до сердца Q-чан...
486669372481503234,"> Юн-юн\nQ-чан, Q-чан, Q-чан. Q-чан, Q-чан, Q-чан..."
486669372481503235,"> Юн-юн\nМожно сбежать в шизу, можно в вымысел. Главное, чтобы Q-чан жила..."
486669372481503236,"> Юн-юн\nДостигнуто 100%. Подожди меня, Q-чан."
486669372481503237,"> Юн-юн\nЮн-юн существует ради того, чтобы помочь сердцу Q-чан, юн!"
486669372481503238,"> Юн-юн\nХе-хе. Сегодня днюха Юн-юн, юн."
486669372481503239,"> Юн-юн\nС днём рождения! Сегодня день рождения Q-чан, юн!"
486669372481503240,"> Юн-юн\nС Новым годом, юн!"
486669372481503241,"> Юн-юн\nСчастливого Рождества, юн!\nА все эти реаллайф-счастливчики пусть взорвутся, юн!"
486669372481503242,> Юн-юн\nПочему здесь только Юн-юн...?
486669372481503243,> Юн-юн\nЮн-юн же обещала всегда быть с Q-чан...
486669372481503244,"> Юн-юн\nЗдесь... а, понятно..  Это... внутри головы сломанной Q-чан..."
486669372481503245,"> Юн-юн\nС самого начала это всё — воспоминания Юн-юн... безумие Юн-юн, увиденное в голове Q-чан..."
486669372481503246,> Юн-юн\nСиндром Юн-юн...
486669372481503247,"> Юн-юн\nИ вот так Юн-Юн снова сможет связаться с Q-чан через сигналы, оставаясь той же ничего не знающей Юн-Юн..."
486669372481503248,> Юн-юн\nRim de Lacent.
486669372498280448,"16 февраля ×××0 года.\nПапа... развелся и ушел.\n\nГоворят из-за маминой... подруги?\n\nТеперь всё будет как раньше —\nон будет приходить раз в три месяца,\nиграть со мной.\n\n«Папа всегда будет твоим папой», —\nсказал он и погладил меня по голове.\n\nНу конечно.\nОн же папа.\n\nСегодня я сменила фамилию.\nС этого дня я, кажется,\n«Курусу Куруми».\n\nРассказала об этом друзьям,\nи Юри-чан придумала мне прозвище —\n«Куру-Куру, Q-чан».\nЯ не совсем поняла.\n\nА Рэй-чан сказала,\nчто звучит мило.\n\nЕсли звучит мило…\nтогда, наверное, ничего?"
486669372498280449,"9 сентября ×××4 года.\nВ этом году я виделась с папой всего один раз.\nКогда перейду в среднюю школу,\nкажется, мы будем видеться ещё реже.\n\n«У Куруми появилась сводная младшая сестрёнка».\nТак он сказал...\n\nТы ведь говорил,\nчто всегда будешь папой Куруми.\nЛжец.\n\nУ меня есть только мамочка.\nТолько моя мамочка\nмоя.\nТолько моя."
486669372498280450,"6 января ×××5 года.\nМы с Мамочкой переезжаем.\n\nДенег от папы стало меньше.\nМамочка разозлилась и разбила мою кружку.\n\nПеревожусь в другую школу.\n\nБуду в другой средней школе, без Юри-чан и Рэй-чан."
486669372498280451,21 апреля ×××5 года.\nДело не в районе или школе... раны на сердце так и не заживают \n\nЯ боюсь.\n\nНо нужно стараться.\nЯ не хочу огорчать маму.\n\nОна ведь так много работает допоздна.
486669372498280452,"3 марта ×××5 года.\n«Папа и тебя, Куруми, не любил»,\n— посмеялась Мамочка.\n\nИ правда.\n\nЕсли бы папа меня «любил»,\nмы бы не расстались, и развода бы не было.\nИ алименты бы не урезали.\n\nМамочка. Папочка.\n\nПростите, что меня не любят.\nПростите, что я ужасный ребенок.\n\nПростите, что я такая."
486669372498280453,1 сентября ×××5 года.\nБольше не хочу выходить из дома.\nВсе равно никому нет дела до меня\n\nПочему?\n\nМне хватило бы «Нормальной жизни».\nПросто не быть несчастной.\nСчастье мне не нужно.\n\nПочему... почему мне не позволяют даже этого?\n\nЯ просто не хочу грустить.\nНе хочу чувствовать себя жалкой.\n\nНе поступайте больше со мной так жестоко!
486669372498280454,"15 июля ×××7 года.\nМамочка все чаще не приходит до утра.\n\nНенавижу маминых друзей.\n\nМамочка, только Мамочка была моей.\nПочему она с таким..."
486669372498280455,"9 сентября ×××7 года.\nДень рождения, а я одна до утра.\nБыло больно, не могла уснуть.\n\nЕсли и папа, и мамочка меня разлюбили?\nЕсли родителям всё равно?\nЕсли меня забыли?\n\nКто я такая?\nЗачем родилась?\n\nЯ не хотела испытывать такие чувства.\n\nЕсли не всерьёз.\nЕсли всё равно бросите.\n\nНе надо было притворяться, что любите.\n\nЯ же не питомец.\nЛюбить меня только пока я маленькая — жестоко."
486669372498280456,24 декабря ×××7 года.\nОдинокое Рождество.\n(Хотя мне оно и не интересно особо).\n\nБлагодаря персонажу «Юн-юн» стало чуть легче.\n\n— Rim de Lacent.\n\nАниме 10-летней давности.\n\nЕе искренность пробирает. Утреннее солнце слепит.
486669372498280457,27 марта ×××8 года.\nЯ не хочу в школу.
486669372498280458,"13 апреля ×××3 года.\nНезаметно мне уже 20.\nКаждый раз, когда Мамочка возвращается, она меня...\n\nКонечно, неприятно - такая вот единственная дочка.\n\nХочу забыть всё плохое.\nХочу думать только о Юн-юн.\n\nМне не нужно счастье в реальности.\nХочу счастья в шизе.\n\nХоть бы счастье вымышленного мира\nдлилось на секунду дольше."
486669372498280459,"18 октября ×××4 года.\nТо, что сижу дома.\nТо, что не работаю.\nТо, что не учусь.\nТо, что убегаю от реальности.\nТо, что бесполезно существую.\n\nКажется, Мамочка всё это «ненавидит».\n\nПростите, что не стала нормальным человеком.\nПростите, что я такая.\n\nПростите, что не милая и не хорошая.\nПРОСТИТЕ. ПРОСТИТЕ."
486669372498280460,"29 ноября ×××4 года.\nХочу все забыть.\nХочу стать куру-куру Куруми.\n\nХочу забыть и себя, и реальность…\nХочу забыть всю боль.\nХочу стать глупой.\nНичего не понимать.\nХочу сбежать…\n\n— Хочу сделать Rim de Lacent.\n\nЮн-юн, спаси меня."
488711951800762368,> Юн-юн\nПоэтому... Юн-юн...
488711951834316800,"> Юн-юн\nПоэтому хочу, чтобы в мире иллюзий ты хоть немного улыбалась, юн..."
488711951834316801,> Юн-юн\nЕщё половина...
488711951834316802,"> Юн-юн\nВсё будет хорошо. Точно будет. Юн-юн ни за что не оставит Q-чан одну, юн."
488711951834316803,"> Юн-юн\n...Реальность, которая заставляет Q-чан грустить,\nпусть она просто закружится и рассыплется, юн."
488711951834316804,"> Юн-юн\nСигнал отправлен, юн."
488711951867871232,Логика Q Ноль: Только я могу по-настоящему любить себя.
488711951867871233,Логика Q Один: Реальность несправедлива.
488711951867871234,— Мамочка умерла.
488711951867871235,Логика Q Два: Другие не полюбят меня по-настоящему.
488711951867871236,"— Ни Мама, ни папа меня не любили."
488711951867871237,Логика Q Три: Никто не спасет меня.
488711951867871238,— Я всегда одна.
488711951867871239,Логика Q Четыре: Спасение только в вымысле.
488711951867871240,— Только вымысел меня любит.
488711951867871241,Логика Q Пять: Юн-юн — это моя шиза
488711951867871242,— Другая я
488711951867871243,Логика Q Шесть: Этот мир — мои мозговые сигналы
488711951867871244,— То что кажется сном остаётся во снах
488711951867871245,Логика Q Семь: Лишь сигналы исцеляют меня
488711951867871246,— Меня сломала несправедливость реальности
488711951867871247,Логика Q Восемь: Спасти себя могу лишь я сама
488711951867871248,— Юн-юн — единственное спасение. А Юн-юн — это я
488711951867871249,Логика Q Девять: Мои сигналы разрушат мир
488711951867871250,"— Я шизанутая, ничего не поделаешь"
488711951867871251,Логика YUN: Синдром Юн-юн
488711951867871252,— Этот мир — всего лишь юн-юн сигналы в голове Q-чан
489200077660913664,"Разгромим Фракцию Пи в соцсетях, юн!"
489200077673496576,"Цель: Влияние Q-чан выше 70%, юн!"
489200077673496577,Запусти кучу теорий заговора 5★!
489200077673496578,Запускай концовки теориями заговора 5★ и достигни уровня сигнала 100%!
489200077673496583,"Принимаю сигнал, юн."
489200077673496584,Цель: 100% Влияния! У Q-чан в голове будет полный юн-юн!
489200077673496585,Будь что будет!
489200077673496586,"Если Q-чан счастлива, то Юн-юн..."
490310779050033152,Отменить пост!
490310779100364800,■Отменить пост!
490310779100364801,"Отменить пост и все теории заговора, юн!"
490310779100364802,...Хе-хе. Я увижу Мамочку...!
490310779100364803,"...Страшно, но... ведь мамочка у меня одна..."
490310779100364804,...Я скучаю по «я дома» и обнимашкам...
491313981358768128,■Отменить пост!
491313981400711168,"Отменить пост и все теории заговора, юн!\nНе понимаешь, о чём речь?\nПопробуй пройти этот сон чуть дальше!"
491313981417488384,Погнали в режим неуязвимости!!
491313981417488385,Энергия потекла ♡
491313981417488386,Энергия! Глоток ♡ — и потекло!
491313981417488387,Разгоняемсяяяяя!!!!!!!!!!
491313981417488388,"Хе-хе, вот оно, вот оно!! Энергия прё-ё-ёт!!"
491313981417488389,Дух бесплотный! Единение!
491313981417488390,Юн-энергия на максимум!!
491313981417488391,РЕЖИМ ЮН-ЮН!!
491313981417488392,"РЕЖИМ СВЕРХКОНЦЕНТРАЦИИ, ЮН!"
491313981417488393,"Напишем посты вместе с Юн-юн, юн!"
491313981417488394,"Я беру в руки клавиатуру (себя)\nне для того, чтобы сраться в сети, юн!"
491313981417488395,"Чувствую новые сигналы, юн!"
491313981417488396,"Чувствую волнение, юн!"
491313981417488397,"Рада, что ты приняла сигнал, юн!"
491313981417488398,Разве такое было?
491313981417488399,"……Прошлое… лучше не вспоминать, да?"
491313981417488400,"Если сейчас весело, то всё не так уж плохо, да?"
491313981417488401,"Только 5 звёзд, юн!"
491313981417488402,"Лутбокс, юн!"
491313981417488403,"Тук-тук, Юн-юн, чмок-чмок, юн!"
491313981417488404,"Принимай сигнал снова, юн!"
491313981417488405,"Твоё сердце наполнилось волнением, юн?"
491313981417488406,"Рада что ты слышишь меня, юн!"
491313981417488407,"Давай снова юн-юнить, юн!"
492511546183942144,0 ☆☆☆☆☆
492511546183942145,■Гиас заговорного контроля
492511546183942146,"Управляет Q-адептами с помощью сигналов.\nХАРИЗМА снижается на 50%, зато\nможно закрепить созданную теорию заговора!"
494270830466990080,Отвергнуть сигнал
494270830500544512,Принять сигнал
494270830500544513,Удалить «Синдром Юн-юн»?
494270830500544514,Удалим «Синдром Юн-юн»?
494270830500544515,Нужно удалить «Синдром Юн-юн».
494270830500544516,Удаляю «Синдром Юн-юн».
494270830500544517,УДАЛИТЬ
494270830500544518,НЕ УДАЛЯТЬ
494270830500544519,Рост числа шизопостов Юн-юн
494270830500544520,"Зафиксированы признаки коллапса измерений.\nМасштабная утечка креативной информации из иного измерения превысила предел хранения межпространственного интерфейса (Information Capacity Threshold).\nВ результате граница измерений дестабилизировалась, сформировав спонтанный межпространственный канал.\nВысока вероятность, что это начальная стадия коллапса измерений.\nПредполагаемый источник — неконвергентный информационный выброс, вызванный Q-чан и Юн-юн."
494270830500544521,"Прости. Я тебя так ненавижу,\nчто у меня уже аллергия на тебя. Вот бы тебя, как ненужного питомца,\nзабрали в приют."
494270830500544522,Все знают.
494270830500544523,Популярно в узких кругах
494270830500544524,Уже не в тренде.
494270830500544525,Вдвоём под голубыми небесами двое стали счастливы
494270830500544526,«ОБНАРУЖЕНА ОШИБКА МИРОВОЙ ЛИНИИ. СБОЙ ВЫЗВАН ИНОРОДНОЙ СУЩНОСТЬЮ.»
494270830500544527,«ОБНАРУЖЕНА КРИТИЧЕСКАЯ РАССИНХРОНИЗАЦИЯ. ВОЗМОЖНО ВЛИЯНИЕ НА КОНЦОВКУ. ЗАПУСК ПЕРЕЗАГРУЗКИ ДЛЯ ВОССТАНОВЛЕНИЯ МИРОВОЙ ЛИНИИ.»
494270830500544528,"Тебе одиноко одной?\nВ этом мире не может быть счастья, достигнутого без усилий.\nВечность существует.\nДай мне уже всё закончить.\nВсё-таки бога не было.\n\nАаа, аааааа"
494270830500544529,"«В этом мире не может быть счастья, достигнутого без усилий»."
494270830500544530,«Вечность существует».
494270830500544531,«Дай мне уже всё закончить».
494270830500544532,«Всё-таки бога не было».
494270830500544533,"«Ааа, аааааа"
494270830500544534,"【Срочно】Вся романтика внесена в Список запрещённых книг. Правительство признало фактом теорию заговора о «снижении продуктивности из-за Сатанизма». 【Тюо-Сити】Госкомитет по этике информации объявил сегодня, что по результатам расследования давняя теория заговора о том, что «Сатанисты используют романтику для намеренного снижения продуктивности людей», признана фактом в мире вымысла. В связи с этим все романтические игры, манга, романы и видеоконтент с упором на романтику вносятся в список запрещённых книг. Уже выпущенные произведения подлежат изъятию и сожжению."
494270830500544535,Сатанисты стоят за индустрией романтики
494270830500544537,"Я тоже Бот, который обожает Юн-юн"
494270830500544538,Нет
494270830500544539,Нет
494270830500544540,"Я псих, но не бот"
494270830500544541,Нет
494270830500544542,"Я псих, но не бот"
494270830500544543,"Я псих, но не бот"
494270830500544544,Последователи «Кьючан Синрикё» решили выкупить «территорию в радиусе 5 км от дома Q» и оцепить её как святую землю.
494270830500544545,Верующие? Какой-то религии... перекрыли дорогу домой.
494270830500544546,Твои последователи сказали мне продать квартиру. Теперь они будут тебя обеспечивать. Рада за тебя. До скорого.
494270830500544547,В школах по всей стране внезапно прогремели взрывы. Чудом обошлось без жертв и пострадавших. Из-за угрозы терактов объявлен круглосуточный комендантский час.
494270830500544548,"Куруми. Прости, что не была тебе хорошей мамой. Я виновата."
494270830500544549,"Я поговорила с тётей, она не против забрать Куруми. Здорово, да? Тётя наверняка станет тебе хорошей мамой. А я, честно говоря, с нынешним парнем как раз думала о новом ребён..."
494270830500544550,Я в порядке. Я буду одна ждать мамочку.
494270830500544551,"Я верю, что всё хорошо, но немножко волнуюсь."
494270830500544552,28 дней с появления зомби. Внимание: эволюционировавшие Зомби начали копировать свои прижизненные привычки.
494270830500544553,Песни■■Открыть
494270830500544554,"Кажется, сломалось, юн!"
494270830500544555,Полная зач■стка: выполнить
494270830500544556,БЕЗОПАСНЫЙ РЕЖИМ: Пуск
494270830500544557,"Сейчас это не нужно, юн."
494270830500544558,Тест: прошу любить и жаловать.
494270830500544559,"По всей стране вспыхивают мелкие пожары. Люди самовозгораются!?\nПозже выяснилось — это человекоподобные андроиды.\nПо сообщениям, число погибших и пострадавших чудом равно нулю."
494270830500544560,"Мамочка. Везде какие-то пожары, ты как? Пожалуйста, береги себя."
494270830500544561,К у р у м и
494270830500544562,"Я в порядк-к-ке. Мама в безопасности. Вроде вводят комендантский час, так что скоро буду дома."
494270830500544563,факесоасама
494270830500544564,"Хватит. Я больше не могу. Ненавижу задротов и всех этих сычей. Почему именно со мной всё это?.. Злобные, токсичные, закрытые — просто худшие. И ты тоже. Ты, задрот и интроверт. Тебя я тоже ненавижу."
494270830500544565,"Мамочка. Вообще-то я стала «Почетным доктором». Меня признали авторитеты в «Моэлогии», о которой говорят в новостях. Так что тебе больше не нужно волноваться о моем образовании!"
494270830500544566,"Госпожа почетный доктор, ха-ха. И что, завтра с этим на работу устроишься? Съедешь наконец из дома? Жду с нетерпением."
494270830500544567,"Моей любимой Куруми. Прости, что я сегодня поздно. Приду и сделаю твои любимые котлетки, покушаем вместе. Люблю тебя-я-я! P.S. А после еды доиграем в настолку."
494270830500544568,"Мамочка. Говорят, в деловом центре рушатся здания. Ты жива? Не поранилась? Я волнуюсь."
494270830500544569,"Всё хорошо. Офис разрушен, так что, похоже, на работу пока ходить не надо."
494270830500544570,"Я тут подумала... слово «Мама» — это ведь тоже Мантра порабощения. Понимаешь, что значит «хочу перестать быть твоей мамой»? Ты уже взрослая, хватит с меня. Я тоже хочу наконец освободиться от рабства."
494270830500544571,"Что мне сделать, чтобы перестать быть мамой? Ты мне поможешь? Нужно попросить? Помогите. Освободите меня от роли твоей мамы. Прошу."
494270830500544572,Больше никогда не называй меня мамой.
494270830500544573,БРОСАЙ СОЦСЕТИ. Долой рабство! Стань снова человеком!
494270830500544574,Череда угроз убийством в адрес Активистов Анти-Соцсетей. Противники движения начали применять силу.
494270830500544576,"Может, не землянин?"
494270830500544577,Это не перебор для населения всего мира?
496371812655071232,А в 2112 году Юн-юн все еще популярна?
496371812697014272,Грибочки выросли!
496399230371528704,ЗАПУСТИТЬ РЕАЛЬНОСТЬ?!
496417239475585024,"Сейчас это не взять, юн."
496417239572054016,"Эта функция больше не работает, юн."
496417908630650880,∞  ERROR
496417908647428096,"По закону мы больше не семья, и с сегодняшнего дня мы — чужие люди. Какое облегчение... Не называй меня больше мамой. И я хочу, чтобы в следующем месяце ты съехала отсюда..."
496681509798969344,Восстановление
496681509815746560,"Сбросить «Воспоминания Юн-юн»?\n※ Счёт, полученные треки и My Pictures не сбрасываются.\n※ Уровень сигнала, не связанный со счётом, будет сброшен."
496681509815746561,> Юн-юн\n«ВОССТАНОВЛЕНИЕ»... Это значит сбросить уровень сигналов этого мира?
496681509815746562,> Юн-юн\nИ эти воспоминания Юн-юн... тоже?
496681509815746563,"> Юн-юн\nЕсли я — ничего не помнящая, ничего не знающая —\nсмогу с нуля, снова переживать трепет вместе с Q-чан..."
496681509815746564,"> Юн-юн\n...Возможно это бесконечный, но счастливый ад, юн."
496795839752208384,УРОВЕНЬ 1
496795839815122944,УРОВЕНЬ 2
496795839815122945,МАКСИМАЛЬНЫЙ УРОВЕНЬ
496795839831900160,"Принимаю сигнал, юн."
496795839831900161,Буду наслаждаться волнами мира Q-чан до самого конца.
496795839831900162,"Запустим восстановление, юн?"
496795839831900163,"Если перезапустить мир, я снова буду с Q-чан... и она ничего не узнает..."
496795839831900164,Прогноз теорий заговора от комбинации карт Шизопостов и роста параметров!
496795839831900165,"Можешь использовать «Гиас заговорного контроля» на Q-адептах! Выбери теорию заговора, чтобы зафиксировать результат."
496795839831900166,"Потратить 50% ХАРИЗМЫ и зафиксировать теорию заговора? (Если зафиксируешь, изменить Пост уже не получится)"
496795839831900167,Теория заговора зафиксирована!
497584871092420608,Логика Q Два
497584871134363648,Логика Q Три
497584871134363649,Логика Q Четыре
497584871134363650,Логика Q Пять
497584871134363651,Логика Q Шесть
497584871134363652,Логика Q Семь
497584871134363653,Логика Q Восемь
497584871134363654,Логика Q Девять
497584871134363655,Логика YUN
498294674869616640,XXX0_0216.txt
498294674987057152,XXX4_0909.txt
498294674987057153,XXX5_0106.txt
498294674987057154,XXX5_0421.txt
498294674987057155,XXX5_0303.txt
498294674987057156,XXX5_0901.txt
498294674987057157,XXX7_0715.txt
498294674987057158,XXX7_0909.txt
498294674987057159,XXX7_1224.txt
498294674987057160,XXX8_0327.txt
498294674987057161,XXX3_0413.txt
498294674987057162,XXX4_1018.txt
498294674987057163,XXX4_1129.txt
498300341210742784,Guest Illustration by Poyoyon Rock
498300341210742785,Special Illustration by mamimu
498300341210742786,Special Illustration by odyk
498300341210742787,Guest Illustration by RIUICHI
498300341210742788,Guest Illustration by Aiam iam
498300341210742789,Guest Illustration by Numata Zombie!?
498300341210742790,Guest Illustration by momosu momo
498300341210742791,Guest Illustration by kokamumo
498300341210742792,Guest Illustration by HEART
498300341210742793,Guest Illustration by Shiba
498300341210742794,Guest Illustration by SIVcha
498300341210742795,Guest Illustration by BALANCE
498300341210742796,Guest Illustration by tira
498300341210742797,Guest Illustration by kanikama
498300341210742798,MainVisual by mamimu
498300341210742799,Q-чан_Событие
498300341210742800,Q-чан_Ритм
498300341210742801,Q-чан_Ритм-Шапочка_из_фольги
498300341210742802,Q-чан_Ритм-БЛЕСК
498300341210742803,Q-чан_Ритм-Гриб
498300341210742804,Q-чан_ZONe
498300341210742805,Q-чан_ZONe
498300341210742806,Q-чан_Поиск
498300341210742807,Q-чан_Пока-пока
498300341210742808,Q-чан_Заговор_раскрыт
498300341210742809,Q-чан_Трещина
498300341210742810,Q-чан_Кошка
498300341210742811,Q-чан_Доктор
498300341210742812,Q-чан_Шизокрасавица-воин
498300341210742813,Q-чан_Стик
498300341210742814,Q-чан_Мамочка?
498300341210742815,Юн-юн_легкомысленная
498300341210742816,Юн-юн_Медленно
498300341210742817,Юн-юн_грозит_пальцем
498300341210742818,Юн-юн_взмах!
498300341210742819,Юн-юн_поправляет_очки
498300341210742820,Юн-юн_чмок!
498300341210742821,Юн-юн_машет_руками
498300341210742822,Юн-юн_приём_сигналов
498300341210742823,Юн-юн_Заговор_раскрыт
498300341210742824,Юн-юн_труба
498300341210742825,Юн-юн_указывает
498300341210742826,Юн-юн_Низзя-юн
498300341210742827,Юн-юн_пока-пока
498300341210742828,Комната и гостиная
498300341210742829,picuture_file_001
498300341210742830,picuture_file_002
498300341210742831,picuture_file_003
498300341210742832,picuture_file_004
498300341210742833,picuture_file_005
498300341210742834,picuture_file_006
498300341210742835,picuture_file_007
498300341210742836,picuture_file_008
498300341210742837,picuture_file_009
498300341210742838,picuture_file_010
498300341210742839,picuture_file_011
498300341210742840,picuture_file_012
498300341210742841,picuture_file_013
498300341210742842,picuture_file_014
498300341210742843,picuture_file_015
498300341210742844,picuture_file_016
498300341210742845,picuture_file_017
498300341210742846,picuture_file_018
498300341210742847,picuture_file_019
498300341210742848,picuture_file_020
498300341210742849,picuture_file_021
498300341210742850,picuture_file_022
498300341210742851,picuture_file_023
498300341210742852,picuture_file_024
498300341210742853,picuture_file_025
498300341210742854,picuture_file_026
498300341210742855,picuture_file_027
498300341210742856,picuture_file_028
498300341210742857,picuture_file_029
498300341210742858,picuture_file_030
498300341210742859,picuture_file_031
498300341210742860,picuture_file_032
498300341210742861,picuture_file_033
498300341210742862,picuture_file_034
498300341210742863,picuture_file_035
498300341210742864,picuture_file_036
498300341210742865,picuture_file_037
498300341210742866,picuture_file_038
498300341210742867,picuture_file_039
498300341210742868,picuture_file_040
498300341210742869,picuture_file_041
498300341210742870,picuture_file_042
498300341210742871,picuture_file_043
498300341210742872,picuture_file_044
498300341210742873,picuture_file_045
499259063076552704,"Дневник добавлен, юн!"
499259063118495744,"Введи пароль, юн!\nНапиши настоящее имя Q-чан латиницей, юн."
499259063118495745,来栖くるみ
499259063118495746,来栖クルミ
499259063118495747,くるすくるみ
499259063118495748,クルスクルミ
499259063118495749,OLD-DIARY01.ZIP
499259063118495750,OLD-DIARY02.ZIP
499259063118495751,"Введи пароль, юн!\nНапиши день рождения Юн-юн цифрами (например: 0101), юн"
499259063118495752,0606
499259063118495753,DIARY_XXX7.ZIP
499259063118495754,"Введи пароль!\nНапиши день рождения Q-чан цифрами (например: 0101), юн"
499259063118495755,0909
499259063118495756,DIARY.ZIP
499259063126884352,СТАРТ?
499259063126884353,Синдром Юн-юн
499259063126884354,"Ладно, будь что будет"
499259063126884355,Это сигнал к началу?
499259063126884356,Это сигнал к началу?
499259063131078656,Грибочки выросли!
499259063131078657,Счастье!
499259063131078658,Хеппи-хеппи Юн-юн!
499259063131078659,В голове сплошной юн-юн!
499259063131078660,О плохом вообще не думается.
499259063131078661,Миллион Rim de Lacent в знак благодарности!
499259063131078662,ГЛАВНАЯ
499259063131078663,××
499259063131078664,××
499259063131078665,ВАЖНОЕ
499259063131078666,××
499259063131078667,××
499259063131078668,Пи
499259063131078669,@yunyuniloveyun
499259063131078670,Юн-юн I Love yun♥
499259063131078671,777
499259063131078672,556
499259063131078673,"1,000"
499259063131078674,"Набирает популярность теория заговора: Q-чан — пророк сигналов Юн-юн, а в ее постах написана истина.\nГоворят, они зашифрованы особой стеганографией. Если преобразовать частоту слова «Юн» в волну и развернуть спектр через FFT-анализ, проявятся циклические паттерны, немыслимые для обычного текста.\n<color=#1D9BF0>Показать больше</color>"
499259063131078675,Сводка Q-адептов
499259063131078676,"1,000"
499259063131078677,"3,614"
499259063131078678,"4,256"
499259063131078679,"Набирает популярность теория заговора, что Q-чан — революционерка которая пытается переустроить мир шизопостингом.\n\nКак утверждают конспирологи:\n«Она — революционерка и разрушительница Глубинного государства.\nЮн-юн — богиня революции, которая освободит людей».\n<color=#1D9BF0>Показать больше</color>"
499259063131078680,Сводка Q-адептов
499259063131078681,327
499259063131078682,909
499259063131078683,"7,015"
499259063131078684,"Набирает популярность теория заговора, что Глубинное государство считает «Q-адептов» угрозой и готовит меры против Q-чан.\n\n«Q-адепты» — это группа, расшифровывающая посты Q-чан и трактующая их как теории заговора. Их влияние в интернете растет с каждым днем.\n<color=#1D9BF0>Показать больше</color>"
499259063131078685,Сводка Q-адептов
499259063131078686,Подписки 1
499259063131078687,Подписчики Половина от Q-чан
499259063131078688,"1,313"
499259063131078689,"9,999"
499259063131078690,"66,666"
499259063131078691,"Думаю сделать Юн-юн предложение. Простите, отаку. Я вас опережу. В конце следующего месяца, придут деньги. Куплю обручальное кольцо. И тогда, признаюсь в чувствах. Юн-юн ведь демон. Может, удивится человеческим обычаям. Но контракт есть контракт. Я всё равно посвящу ей своё время и душу. Поэтому, уверена, Юн-юн приме меня. Больше не могу сдерживать свои чувства."
499259063131078692,Пи-чан
499259063131078693,Подписки 1
499259063131078694,Подписчики　 Q-чан - 100
499259063131078695,999
499259063131078696,"20,020"
499259063131078697,"20,250"
499259063131078698,"Q-чан —\n\nинфлюенсер-псевдоотаку,\n\nа ее слова о любви к Юн-юн — ложь."
499259063131078699,Пи-чан
499259063131078700,"4,649"
499259063131078701,"177,013"
499259063131078702,"888,888"
499259063131078703,"Я никакой не псевдоотаку!!\nПо моей комнате всё и так ясно!!\nРаз уж я позер, а ты у нас тру —\nЛадно. Я докажу. Мерч, матчасть, опыт, любовь. Соберу всё вместе и вывалю на всеобщее обозрение!\nПогнали, Пи-чан — запасов отаку-мерча достаточно?!?!\nХихихихихихихи!!!!!!!!!"
499259063131078704,Q-чан
499259063131078705,420
499259063131078706,"1,337"
499259063131078707,"9,001"
499259063131078708,Qtieloveclub
499259063131078709,Подписки 1
499259063131078710,Подписчики　 Q +100
499259063131078711,9000
499259063131078712,53180
499259063131078713,18008
499259063131078714,"Отвергающие вездесущее превосходство Юн-юн лишь обрекают себя на жалкое существование. Покайтесь немедленно и признайте вымысел Юн-юн истинным идеалом возвышенного.\n\nОднако мэрия своей цензурой лишает нас свободы сердца, превращая людей в покорных рабов. Последователи Юн-юн! Собирайтесь перед мэрией и выступайте за против этого рабства!"
499259063131078715,Пи-чан
499259063131078716,Аноним
499259063131078717,Аноним
499259063131078718,Аноним
499259063131078719,Подписки 1
499259063131078720,Подписчики　 Q-чан - 1000
499259063131078721,Аватар конспиролога Пи-чан
499259063131078722,"После беспорядков у мэрии × числа × месяца по всей стране усилились протесты против цензуры. Сообщается о раненых в столкновениях с полицией и жертвах в давке.\n\nСчитается, что всё началось с поста Пи-чан в соцсетях. В правительстве обсуждают возможность признать «Пи-адептов» и «Q-адептов» деструктивными организациями и ввести ограничения."
499259063131078724,"Бунт у мэрии вызвал протесты по всему миру Много раненых, есть жертвы из-за инцидентов"
499259063131078725,Аноним
499259063131078726,Аноним
499259063131078727,Подписки 1
499259063131078728,Подписчики Q-чан ÷ 3
499259063131078729,Аноним
499259063131078730,Аноним
499259063131078731,"1,256"
499259063131078732,"66,143"
499259063131078733,"88,801"
499259063131078734,"Обсуждается теория заговора, что Пи-чан — это подделка Q-чан, созданная Глубинным государством для контроля сигналов от Юн-юн. Теории заговора Q-чан более колоритные, кроме того, отмечается, что первые подписчики Пи-чан могли быть ботами. Судя по всему, Пи-чан появилась позже и просто копирует Q-чан. \nПоказать больше\n<color=#1D9BF0>Показать больше</color>"
499259063131078735,Сводка Q-адептов
499259063131078736,Подписки 1
499259063131078737,"Подписчики 200,000,000"
499259063131078738,"1,337"
499259063131078743,Q-чан!!!!!
499259063131078744,"Сегодня в аккаунте Q-чан впервые за 9 месяцев появилась публикация. Возвращение аккаунта вызвало бурю восторга в сети, особенно среди Q-адептов. Как и прежде, это красочная конспирология в её уникальном стиле. В соцсетях пишут: «Ничто не сравнится с текстами Q-чан».\n\nС другой стороны, посты Пи-чан за эти 9 месяцев потеряли былую силу, поэтому всё больше людей считают, что она просто подражает Q-чан."
499259063131078746,Первый пост за 9 месяцев! Q-адепты ликуют!
499259063131078747,"3,693"
499259063131078748,"694,206"
499259063131078749,"464,964"
499259063131078750,"Пи-чан — это ИИ, созданный Глубинным государством,\nкоторый пытается управлять массами через Соцсети и Теорию заговора?\nС возвращением аккаунта Q-чан посты Пи-чан тоже оживились.\n\nИсследователи ИИ говорят, что все посты Пи-чан имеют признаки машинного обучения на постах от Q-чан.\n<color=#1D9BF0>Показать больше</color>"
499259063131078751,Сводка Q-адептов
499259063131078752,666
499259063131078753,444
499259063131078754,1313
499259063131078755,"Неважно, реален ли мир. Пусть это шиза или сон. Лишь волны любви реальны. И у этих волн есть цель. Это Пи-чан. Юн-юн очень любит Пи-чан. Причины не нужны. Любит, просто потому что это Пи-чан. Вывод прост. Все должны любить Пи-чан. Неважно, если мир этого не поймет. Юн-юн уже передает Пи-чан сигнал. Волны любви к Пи-чан. Я их слышу. Поэтому всё очевидно."
499259063131078756,Пи-чан
499259063131078757,"1,990"
499259063131078758,"112,920"
499259063131078759,"989,133"
499259063131078760,"«Когнитивное искажение» подтверждено национальным центром?\nПо данным центра неврологии и психиатрии и экспертов, посты Q-чан и теории «Q-адептов» могут вызывать когнитивные искажения.\nЧерез СМИ правительство уже предупредило о состоянии, которое называют «волновым синдромом Юн-юн».\n<color=#1D9BF0>Показать больше</color>"
499259063131078761,Сводка Q-адептов
499259063131078762,Пи-чан
499259063131078763,@yunyuniloveyun
499259063131078764,Подписки
499259063131078765,Подписчики
499259063131078766,"66,666"
499259063131078767,"999,999"
499259063131078768,"999,999"
499259063131078769,"Честно говоря, с миром уже всё кончено.\nПрости, что внезапно говорю такое. Но это правда.\nЧерез 2–3 минуты аккаунт Пи-чан внезапно начнёт выдавать ошибки.\nЭто будет сигнал конца. Вскоре после этого начнётся довольно мощный «синдром юн-юнных сигналов», так что будь осторожен. Когда он утихнет, спустя небольшой промежуток времени придёт конец Пи-чан. Если ты нашёл этот текст — обязательно проверь следующую запись. Правда обо мне и о глубинном государстве.\n«Файлы Пи-чан». https://archive.pchan.deepstate..."
499259063131078770,Пи-чан
499259063131078771,Q-чан♥
499259063131078772,"Фронт «Синдрома Юн-юн» сегодня снова расширяется.\nВо всех таймлайнах цветут цветы.\nМемы Q-чан — это базовое право человека?\n«Кьючан Синрикё» на первом месте по числу верующих в мире?\nВсе международные конфликты теперь решаются в видеоиграх?\nКричащие жители подземного мира в виде бобров устроили забастовку, чтобы сделать понедельник выходным?\nПопугай освобождён от Глубинного государства?"
499259063131078773,
499259063131078774,Цветочные поля растут — синдром Юн-юн? Надвигается аллергия на сигналы?
499259063131078775,"66,666"
499259063131078776,"999,999"
499259063131078777,"999,999"
499259063131078778,ОШИБКА\n\nsignal overflow\nyun-signal detected\n\nRim de Lacent\nRim de Lacent
499259063131078779,Аккаунт не найден
499259063131078780,Пи-чан — это ИИ?
499259063131078781,"После появления в постах Пи-чан странных символов и необычного языка аккаунт внезапно исчез, оставив пост с ошибкой.\nЭто усилило теорию, что Пи-чан — ИИ.\nСреди последователей Q-чан причиной сбоя называют «Синдром Юн-юн». Также утверждают, что в «Файлах Пи-чан» якобы содержатся имена членов «глубинного государства».\nRim de Lacent. Rim de Lacent.\nСигналы Юн-юн распространяются по миру."
499259063131078783,Пи-чан вышла из строя из-за синдрома Юн-юн Аккаунт исчез после последнего с%общения
499259063131078784,Аноним
499259063131078785,9
499259063131078786,9
499259063131078787,9
499259063131078788,н-юн слышу\nс ут-ра вол-ны шу-мят\nчитала пост Q-чан\nго-ло-ва кружится жуткий шум но\nЮн-юн милая-милая\nМилая Юн-юн\nмила Юн
499259063131078789,Сводка Q-адептов
499259063131078790,Аноним
499259063131078791,Аноним
499259063131078792,Аноним
499259063131078793,Аноним
499259063131078794,Распространяющаяся «Юн-юн»
499259063131078795,"Сегодня на рассвете в соцсетях появились посты от людей, утверждающих, что они могут говорить с «Юн-юн». В сети их называют «Q-адепты» — это группа, расшифровывающая теории заговора из постов Q-чан.\nСреди аккаунтов, заявляющих о связи с «Юн-юн», есть те, кто, подобно Q-чан, публикует тексты о ней, что привело к аномальной ситуации: соцсети оказались переполнены упоминаниями «Юн-юн»."
499259063131078797,Растёт число записей о Юн-юн? Подписчики Q сообщают о диалогах с Юн-юн
499259063131078803,Пограничная фаза дестабилизирована
499259063131078804,"Вторжение подземников уже сегодня? Кричащие бобры атакуют из-под земли?\n\nПо словам Q-адептов, в Гималаях появились «кричащие бобры», которые вышли на поверхность.\nВ районе гор фиксируются подземные толчки и странный низкочастотный гул."
499259063131078806,Конец света из-за коллапса измерений? Утечка данных в другое измерение — причина?
499259063131078807,Nekomimi Mode
499259063131078808,"По всему миру сообщают о феномене, котификации у любителей мемов про котов. Всё началось со стрима с «котейкафикацией в реальном времени», который сначала сочли фейком, но вскоре свидетельства подобных случаев быстро разлетелись по соцсетям. Согласно отчётам, котификация начинается с легкой фурификации, например, вырастают кошачьи ушки. Затем меняется поведение, и в конце предложений появляется «ня», ня"
499259063131078810,Пандемия вируса Котификации? Зрители мемов с котами массово превращаются в кошек
499259063131078811,××××
499259063131078812,××××
499259063131078813,××××
499259063131078814,"Вторжение подземников уже сегодня? Кричащие бобры атакуют из-под земли?\nПо словам Q-адептов, в Гималаях появились «кричащие бобры», которые вышли на поверхность.\nВ районе гор фиксируются подземные толчки и странный низкочастотный гул.\n<color=#1D9BF0>Показать больше</color>"
499259063131078815,Сводка Q-адептов
499259063131078816,××××
499259063131078817,××××
499259063131078818,××××
499259063131078819,"Вторжение подземников уже сегодня? Кричащие бобры атакуют из-под земли?\nПо словам Q-адептов, сегодня в Гималаях появились кричащие бобры и начали захват поверхности.\nВ районе горного хребта наблюдаются подземные толчки и зафиксирован аномальный низкочастотный гул.\nПоказать больше\n<color=#1D9BF0>Показать больше</color>"
499259063131078820,Сводка Q-адептов
499259063131078821,Аноним
499259063131078822,Аноним
499259063131078823,Свирепые подземные дельфины
499259063131078824,"В разных странах города пострадали из-за появления так называемых «подземных дельфинов», вышедших из пещер Гималаев.\n\nВоенные пытались им противостоять, но оружие оказалось неэффективным. Связь работает с перебоями, а власти некоторых стран временно не функционируют.\nПри этом сообщений о жертвах нет. На камерах видно, что дельфины напрямую людей не атакуют."
499259063131078826,Подземные люди из Гималаев\nСемь дней огня сожгут мир дотла
499259063131078827,Растущий интерес к машине времени
499259063131078828,"Сегодня утром система мониторинга соцсети зафиксировала подозрительный вход с несуществующим ID и некорректной временной меткой. Компания заявила, что расследование продолжается.\n\nИмя источника доступа — «{SteamName}». Проверка логов не выявила ошибок или взлома.\nВ соцсетях есть аккаунт с таким же именем: он утверждает, что это сделал он и называет себя фанатом Q-чан."
499259063131078830,С 3 сентября 2112 года прибыл путешественник\nФанат Q-чан по имени «{SteamName}» появился
499259063131078831,××××
499259063131078832,××××
499259063131078833,××××
499259063131078834,"Я пришёл из 2112 года.\nДаже в будущем доходят посты Q-чан.\nЕё слова, преодолевающие время, — это свет.\nЕсли Q-чан думает — я согласен.\nЕсли Q-чан посылает сигнал — я принимаю его.\nЕсли у Юн-юн есть сто миллионов фанатов — я один из них; даже если останется только один, это буду я.\nДо самого конца времени я буду любить её."
499259063131078835,{SteamName}
499259063131078836,Рептилоиды
499259063131078837,"Сегодня правительства официально признали существование рептилоидов, ранее считавшихся теорией заговора. Они предложили человечеству «Пакт о вечном равенстве».\n\nПредставитель рептилоидов заявил, что изучение человеческой культуры помогло им лучше понять эмоции.\nОтмечается, что на них сильно повлияли «эмоциональные» произведения."
499259063131078839,Рептилоиды признаны тайными правителями людей Они объявили о пакте вечного равенства
499259063131078840,××××
499259063131078841,××××
499259063131078842,××××
499259063131078843,"【Сводка международного вещания рептилоидов ①】\nТрогательные ""слёзовыжимательные"" игры, ставшие причиной последних событий,\nвнесены в Зал славы истории человечества.\n\n«Ангел-палач † Гильотина»\n→ Не является такой игрой, но её добавили в знак благодарности,\nведь именно тексты Q-чан и теории заговора Q-адептов\nпобудили рептилоидов начать играть в слёзовыжимательные игры."
499259063131078844,Аноним
499259063131078845,××××
499259063131078846,××××
499259063131078847,××××
499259063131078848,【Сводка международного вещания рептилоидов ②】\nРептилоиды выбрали мирный путь и\nучредили Единое мировое правительство.\n\n① Полная отмена всех глобальных пошлин\n② Полный отказ от оружия массового поражения\n③ Создание инфраструктуры бесплатного энергоснабжения\n④ Утверждение той самой песни в качестве гимна единого государства Земли
499259063131078849,Аноним
499259063131078850,Романтика под запретом
499259063131078851,"Сегодня правительства ряда стран объявили о запрете распространения «романтики». Официально формулировки мягкие, но причиной называют данные спецслужб о снижении продуктивности из-за такого контента.\nПод запрет попадут игры, манга, книги и аниме в жанре романтики. Также могут ограничить любой контент с «привлекательными персонажами», даже без романтического сюжета."
499259063131078853,Правительства запрещают романтику\nКосвенное подтверждение заговора сатанистов
499259063131078854,Юн-юн — символ
499259063131078855,"Разведслужбы сообщили, что влияние сторонников цензуры почти исчезло, вероятно из-за распространения теорий заговора в интернете.\nНовый режим объявил о первой мере — постепенной отмене института семьи.В результате сети, выступающие против романтики, усилили своё влияние и теперь контролируют многие культурные и информационные структуры."
499259063131078857,Сторонники цензуры исчезают из-за слухов Группы сатанистов распространяют влияние
499259063131078858,Мы из основной реальности.
499259063131078859,"В соцсетях вирусится новый мем: пользователи массово признаются, что они боты. В комментариях начинается цепная реакция: «я тоже бот». Разумеется, автор этой новости тоже бот.\nВ соцсетях не утихают различные споры: «существуют ли люди на самом деле» и «не состоит ли большая часть интернета из ботов». При этом все боты сходятся в одном: «Q-чан — человек»."
499259063131078861,"Признания ботов в тренде? Людей нет?\nРазумеется, автор этой новости тоже бот"
499259063131078862,Что такое рамки мира (В окне)?
499259063131078863,"Среди Q-адептов расходится странная теория: если врезаться в границу мира на «4D-скорости», можно пробить четвертую стену.\n\nСогласно ей, наш мир — это среда внутри игры, и обычным трехмерным движением достичь его границ невозможно. Однако, достигнув «4D-скорости» и врезавшись в рамку мира (В окне), можно увидеть слой за пределами структуры мира."
499259063131078865,"«Этот мир — игра, а превышение\n4D-скорости откроет другой мир»"
499259063131078866,Аноним
499259063131078867,Абсолютно Единый Бог Юн-юн
499259063131078868,Число последователей Q превысило 500 млн Это активно обсуждают в сети Исследователи продолжают споры Оценки остаются неофициальными Культ может быть четвёртым в мире Некоторые страны его признают Это усиливает влияние движения Верующие читают Rim de Lacent Ритуалы быстро распространяются Скупка земли продолжается Создаются священные зоны
499259063131078870,Число верующих превысило 500 миллионов\nКульт Q-чан на четвертом месте в мире?
499259063131078871,Аноним
499259063131078872,Чудом обошлось без жертв
499259063131078873,"Сегодня на рассвете произошла серия взрывов в школах по всей стране. По данным властей, взрывы прогремели во всех учебных заведениях одновременно. Причины выясняются.\nВо всех случаях жертв не зафиксировано. Эксперты отмечают, что отсутствие пострадавших при таких разрушениях - чудо. Поскольку все учебные заведения выведены из строя, есть серьезные опасения за систему образования."
499259063131078875,"Взрывы в школах по всей стране Жертв нет, введён комендантский час"
499259063131078877,Новый логотип PixiQ
499259063131078878,"Сегодня утром стало известно, что группа «Q-адепты» взяла под контроль арт-платформу PixiQ. Инвесторы быстро скупили контрольный пакет акций.\nПосле сделки заявили, что начнётся эксперимент по продвижению контента с Юн-юн в рамках изучения теорий заговора.\nЦель — проверить, как алгоритмы и рейтинги влияют на популярность контента."
499259063131078880,Q-адепты успешно\nпровели враждебное поглощение PixiQ
499259063131078885,//Функция ОТЛАДКИ: Ctrl+Enter
499259063131078886,//О функции ОТЛАДКИ
499259063131078887,Дистанционное обучение
499259063131078888,"После скандалов в образовании решили провести реформу и перейти к единой системе по всей стране.\nОбязательное обучение расширят до высшего уровня, а занятия станут в основном онлайн.\nКлассы будут формировать по успеваемости и особенностям учеников, а не по возрасту или месту жительства."
499259063131078890,Обязательное образование расширят до высшего\nДистанционное обучение станет стандартом
499259063131078895,I'll be back?
499259063131078896,С запуском 6G начались странные возгорания. Инциденты произошли почти одновременно. Причины сначала были неизвестны. Позже появились новые данные. Многие пострадавшие не были людьми. Речь идёт о человекоподобных андроидах. Они скрывались среди общества. Старые модели не выдержали нагрузки. Это привело к перегреву и сбоям. Люди начали сомневаться в окружающих. Граница между людьми и машинами размыта.
499259063131078898,"С запуском 6G начались пожары по регионам\nВозможно, взрываются гуманоидные андроиды"
499259063131078899,Global Parrot Team?
499259063131078900,"Сегодня правительство начало тестирование ИИ «Y.I.N.», который временно будет участвовать в управлении страной и принятии решений.\nЭто первый такой эксперимент в мире и он вызывает большой интерес.\nВ то же время есть опасения из-за передачи власти ИИ. По итогам теста решат, продолжать ли проект."
499259063131078902,Тест передачи власти ИИ Y.I.N стартует Эксперимент проводится временно с сегодня
499259063131078903,Q-чан
499259063131078904,В университете T почти готова новая технология. Она превращает эмоции в энергию. Исследование близко к внедрению. Особенно эффективна реакция «моэ». Её можно преобразовать в электричество. Это вызывает большой интерес. Профессор хочет работать с Q. Он сам связан с Q-сообществом. Инвесторы начали активно подключаться. Проект набирает популярность. Участвовать можно и онлайн.
499259063131078906,Технология энергии моэ почти готова Учёный Т: хочу проект вместе с Q-чан
499259063131078907,Специальное VR-оборудование
499259063131078908,Правительство запускает новую VR-программу. Оборудование раздают бесплатно. Цель — поддержка социальной адаптации. Вводится формат VR-терапии. Общение проходит в виртуальной среде. Это снижает психологическую нагрузку. Программа для изолированных людей. Помогает развивать навыки общения. Ожидается постепенное возвращение в общество. Но есть опасения специалистов. Речь о влиянии на личность и восприятие.
499259063131078910,Бесплатная раздача VR-оборудования объявлена Ожидается помощь в социальной реабилитации
499259063131078911,Комната дяди
499259063131078912,"В сети появилось интервью с мужчиной, называющим себя «дядей из исекая», и оно вызвало большой резонанс.\nОн утверждает, что после более 10 лет жизни как хикикомори «переродился в другом мире», а затем вернулся обратно, когда его силы иссякли.\nЭти заявления вызвали широкие обсуждения."
499259063131078914,"Интервью с дядей, вернувшимся из исекая После 10 лет хикикомори я переродился"
499259063131078915,Вознесённая Юн-юн
499259063131078916,"В деловых районах по всей стране происходят беспорядки: офисные сотрудники разрушают здания своих компаний.\nУчастники кричат: «УСТРОЙ ДЕСТРОЙ!». В нескольких городах обрушились офисные здания, но сообщений о жертвах нет.\nДеловые районы превратились в руины, власти пытаются выяснить причины и навести порядок."
499259063131078918,"Офисные работники, освобождённые от мантр порабощения, начинают крушить офисы"
499259063131078919,Шизокрасавица-воин Q
499259063131078920,"В соцсетях ходит теория: мир — сон хикикомори Q-чан, а её «психоз» влияет на реальность.\nСторонники связывают с этим странности и влияние её постов.\nТеория быстро распространяется, а опровержений почти нет — что тоже считают «доказательством»."
499259063131078922,"«Хикикомори», чья шиза становится реальностью — это безумная красавица Q?!"
499259063131078923,БРОСАЙ СОЦСЕТИ\n\nДолой рабство!\n\nСтаньте снова людьми!
499259063131078924,503\nService Unavailable
499259063131078925,"Юн-юн, ставшая символом освобождения от соцсетей"
499259063131078926,"Сервера соцсетей взломали активисты, выступающие против соцсетей, и сервисы перестали работать. На экранах появляется сообщение: «БРОСАЙ СОЦСЕТИ. Станьте снова людьми!».\nПользователи возмущены и требуют вернуть соцсети. Конфликт в интернете быстро усиливается."
499259063131078928,Активисты против соцсетей взломали серверы Пользователи начали движение сопротивления
499259063131078929,"СЛОТЫ сохранения (60/60) заняты,\nнедостаточно памяти.\n\nВ ЦПУ (USER-BRAIN)\nобнаружено ПЕРЕПОЛНЕНИЕ."
499259063131078930,Код ошибки\nSV-OVERFLOW-Q-60
499259063131078931,Мир в абсолютном хаосе
499259063131078932,"В сообществе Q усилился внутренний конфликт. Считается, что всё началось из-за споров о том, как понимать отношения между Q-чан и Юн-юн.\nСейчас сообщество разделилось на три группы: Юн-Q, Q-Юн и «всё равно». Они спорят в соцсетях и на форумах.\nОдин из участников говорит: «Это всё из-за того, что Q-чан стала слишком популярной»."
499259063131078934,"В сообществе Q вспыхнул конфликт фракций Юн-Q, Q-Юн и нейтральные стороны враждуют"
499259063131078935,Аноним
499259063131078936,Аноним
499259063131078937,Аноним
499259063131078938,Аноним
499259063131078939,Q-чан?!
499259063131078940,После 9 месяцев Q снова публикует посты. Возвращение вызвало интерес в сети. Но стиль кажется немного изменённым. Пользователи выражают сомнения. Это действительно настоящая Q? Особенно обсуждают слово «Юн». Его использование кажется странным. Фанаты сравнивают старые тексты. Многие считают их слабее прежних. Дискуссии продолжают усиливаться. Теория о подделке распространяется.
499259063131078942,Q вернулась после 9 месяцев молчания — фейк? Слово «Юн» утратило прежнюю остроту
499266929422401536,Люди превращаются в зомби
499266929422401537,"По всему миру зафиксированы случаи, когда хайпожоры внезапно превращаются в зомби. Заражённые бродят без сознания и нападают на людей.\nСообщается, что вирус передаётся через укусы, что указывает на инфекцию. В некоторых городах уже началась паника и эвакуация.\nЭксперты отмечают, что поведение заражённых похоже на классических зомби из фильмов."
499266929422401539,Не прекращайте постить?!\nХайпожоры по всему миру превращаются в зомби
499301735589904384,"Ой-ой!\nУронила, юн!"
499349231666102272,"— Ради любви к себе можно разрушить этот мир, верно?"
499349231708045312,Клавиатура задрота
499349231708045313,"Клавиатура только для настоящих задротов!\n（Получаемые Подписчики увеличиваются в 50 раз, юн）"
499349231712239616,Алюминиевый стиль
499349231712239617,"Теперь ты в шапочке из фольги, юн!\n（Получаемые Подписчики увеличиваются в 50 раз, юн）"
499349231712239618,Блестящий стиль
499349231712239619,"Будешь сиять, юн!\n（Получаемые Подписчики увеличиваются в 50 раз, юн）"
499349231712239620,Грибной стиль
499349231712239621,"Вырастут грибы, юн!\n（Получаемые Подписчики увеличиваются в 50 раз, юн）"
499763409287544832,Q † CHANNEL
499763409333682176,"Спокойной ночи, Юн-юн"
499763409333682177,Q.E.D.
499763409333682178,Q шизоид
499763409333682179,Да пошло оно всё
499763409333682180,Обручальное кольцо
499763409333682181,YUN DIE
499763409333682182,Не смей меня бросать... юн
499763409333682183,"Иди спать, живо, юн !"
499763409333682184,Yun are an idiot
499763409333682185,Следующего раза не будет
499763409333682186,Полный хаос
499763409333682187,Всё становится Юн
499763409333682188,"Отпад, юн"
499763409333682189,"Вознесение, юн"
499763409333682190,Смерть от гнева бывает только в Троецарствии
499763409333682191,Rim de Lacent
499763409333682192,Хикканша + √кошачьих ушек = ноль
499763409333682193,"Как тебя (дельфина) удалить-то, юн."
499763409333682194,"Исправление мировой линии, юн"
499763409333682195,Прощай...
499763409333682196,"Проект «Антисемья», юн."
499763409333682197,Q в банке
499763409333682198,"Осторожно, 4D-скорость, юн."
499763409333682199,"Рай или ад — сути не меняет. Ты всё равно мёртв, юн."
499763409333682200,"И у чудес, и у магии есть предел, юн."
499763409333682201,"Даже банкротство не спасёт от налогов, юн."
499763409333682202,HIKIKOMORI OF THE DEAD
499763409333682203,"Не нажимай подозрительные кнопки, юн."
499763409333682204,Из Нового мира
499763409333682205,"Снятся ли андроидам хикки-девочки, юн?"
499763409333682206,Инверсия света и тьмы
499763409333682207,DEAD OR ALIVE Человек-генератор
499763409333682208,"Говорят, по лицу всё видно, юн."
499763409333682209,"Кья-а, самовыпил!"
499763409333682210,Мантра отчаяния
499763409333682211,Шизокрасавица-воин Q
499763409333682212,"Конец интернета, юн."
499763409333682213,"Ошибка. Игра. Сброс, юн."
499763409333682214,Хикки-отаку повелевает!
499763409333682215,Стань круть-круть!
499763409333682216,Фанат Юн-юн вписывает себя в историю!
499763409333682217,Шапочка из фольги
500487460083630080,<<Влияние теории заговора>>
500491044795875328,Юн-юн I Love yun♥
500813730281586688,КЛЮЧЕВОЕ ВОСПОМИНАНИЕ 01
500813730323529728,КЛЮЧЕВОЕ ВОСПОМИНАНИЕ 02
501085593167626240,END?
501085593205374976,TRUE END
501085593205374977,BAD END
501085593205374978,IF END
501207988280918016,"800,813"
501207988322861056,"369,369"
501207988322861057,"В Акихабаре транслируют сигналы для порабощения граждан! Те, чьё сердце больше не волнуется, подвергаются деотакуизации. Последователи Юн-юн! Собирайтесь на Акихабаре и маршируйте ради освобождения от рабства!"
501207988322861058,Пи-чан
501207988322861059,××××
501207988322861060,××××
501207988322861061,××××
501207988322861062,"Творчество резонирует с другими измерениями?\nВ рамках совместного проекта исследователи зафиксировали: контент может резонировать с мирами в другой фазе. Есть гипотеза, что «эмерджентная информация» внутри произведений способна пересекать границы измерений и соединять миры. Показать больше\n<color=#1D9BF0>Показать больше</color>\n"
501207988322861063,Сводка Q-адептов
501793678790131712,Пророк Q-чан
501793678827880448,"Секта «Кьючан Синрикё» выкупила территорию в радиусе 5 км от дома пророка Q-чан и сделала её священной зоной.\nЗемлю покупали по цене до 10 000 раз выше рыночной, что показывает огромные ресурсы организации.\nПророк Q-чан считается священным, поэтому его статус не проверяется."
501793678827880449,Деньги решают всё?\nОкрестности дома Q-чан объявлены заповедной зоной
501793678827880450,××××
501793678827880451,××××
501793678827880452,××××
501793678827880453,"[ВНИМАНИЕ]\nПрошло 28 дней с начала заражения.\nПохоже, зомби эволюционируют.\n\nВ нашем районе всё чаще встречаются особи, которые повторяют привычки из прошлой жизни —\nнапример, пользуются ключами и лифтами.\n\nПожалуйста, будьте предельно осторожны."
501793678827880454,Аноним
501793678827880455,"Этот трек ещё не разблокирован, юн."
501793678827880456,Не куплено
501793678827880457,Магазин
501908494401830912,[Меню отладки]
501912138400563200,Песни■■Открыть
501912138400563201,Полная отч■стка
501912138400563202,Безопасный режим
501912138400563203,Выполнить
501912138400563204,Тест
501913727005786112,Выполнить?
501913727005786113,Выполнить!
501928854224535552,Сброс
501930976949207040,Тест
502244157022175232,88
502244157047341056,711
502244157047341057,551
502244157047341058,"Тексты Q-чан — плагиат, оригиналы постит Пи-чан.\nЩитпотсы Q-чан слишком неказистые. Автор наверняка тупая неудачница, неприспособленная к жизни.\nСразу виден уровень воспитания"
502244157047341059,Аноним
502244157047341060,508
502244157047341061,800
502244157047341062,"1,014"
502244157047341063,"Даже на анонимных форумах обсуждают, что Q-чан подделка.\n\nПи-чан начала писать посты про Юн-юн раньше, чем появились посты Q-чан. Дата постов тому подтверждение.\nПоказать больше\n<color=#1D9BF0>Показать больше</color>"
502244157047341064,Аноним
503028339398836224,Вики Q-чан
503028339482722304,"Мама больше не придёт, юн."
503028339482722305,"Похоже, сейчас это недоступно, юн."
503028339482722306,"Недоступно, юн."
504049219386114048,ВСЁ
504424741601443840,"Этот трек ещё не разблокирован, юн."
504850194686443520,Часть 1 истории. Пролог.\n(Количество появляющихся Теорий заговора ограничено.)
504850194707415040,Часть 2 истории! Основная часть!\nСтремись к 100% сигнала!\n(Генерируй побольше 5-звёздочных Теорий заговора!)
505534934313762816,Шум становится громче...
505534934359900160,Ты тоже это чувствуешь...
505534934359900161,Потому что я это ты
505534934359900162,"Вместе наслаждаться этим миром — это счастье, да?"
505534934359900163,"...всё перемешалось, юн..."
505534934359900164,"Даже этот хаос. Если считать, что он плод нашей с тобой связи — становится легче на сердце."
505534934359900165,"...Мир накрывает волнами, юн..."
505534934359900166,"Ахах. Знаешь, «Мир такой красивый.», да?"
505542970822524928,■Энергетический напиток
505542970822524929,"Выпей ZONe, и Q-чан войдёт в состояние «В потоке»?! Все карты «Безумных записок», полученные в   «Денпа-песнях», получат +1 звезду, юн!"
506512495030206464,Rim de Lacent
506932830615535616,> Юн-юн\n...
506932830716198912,"Экспортируем в другое измерение?\n*Продолжая, вы соглашаетесь с Условиями использования."
506932830716198913,feat.Touhou Project
506932830716198914,"Это клавиатура, которая меняет свой вид!\n（Получаемые Подписчики увеличиваются в 50 раз, юн）"
506932830716198915,feat.Nanahira
506932830716198916,"Это клавиатура, которая меняет свой вид!\n（Получаемые Подписчики увеличиваются в 50 раз, юн）"
506932830716198917,feat.Rish
506932830716198918,"Это клавиатура, которая меняет свой вид!\n（Получаемые Подписчики увеличиваются в 50 раз, юн）"
506932830716198919,feat.HARDCORE TANO*C
506932830716198920,"Это клавиатура, которая меняет свой вид!\n（Получаемые Подписчики увеличиваются в 50 раз, юн）"
506932830716198921,feat.Frontwing
506932830716198922,"Это клавиатура, которая меняет свой вид!\n（Получаемые Подписчики увеличиваются в 50 раз, юн）"
506985397311668224,来栖玖瑠
506985397336834048,來栖胡桃
506985397336834049,크루스 쿠루미
506985397336834050,쿠루미 크루스
506985397336834051,Куруми Курусу
506985397336834052,Курусу Куруми
506985397336834053,คุรุสุ คุรุมิ
506985397336834054,คุรุมิ คุรุสุ
506985397336834055,Kurumi Kurusu
506985397336834056,Kurusu Kurumi
506985397336834057,Qurusu Qurumi
506985397336834058,Qurumi Qurusu
506985397336834059,Kruse Kurumi
506985397336834060,Kurumi Kruse
506985397336834061,Quruse Qurumi
506985397336834062,Qurumi Quruse
506985397403942912,Основная часть истории!\n(Создавай все 5-звёздочные Теории заговора!)
508098362542817280,СРЕДНЕЕ
508806713538936832,"Тебе приснился интересный сон, юн?\nВ «Мои фото» добавлены бонусные иллюстрации, юн!"
508806713585074176,"В режим Шапочки из фольги можно войти с «Клавиатуры», юн!\n(Распакуй ZIP, чтобы открыть «Клавиатуру», юн)"
509436153776209920,…Денпа… вспомнить… забытые воспоминания… юн…?
509436153822347264,"…Мир накрывает волнами, юн…"
509436153822347265,"Ахах. Знаешь… «Мир чист», да?"
509436153822347266,"Спасибо за игру! Мне так приятно, что ты поиграл, юн !!"
511019755735515136,"Можно пересмотреть эпизоды с теориями заговора из соцсетей, юн."
511019755760680960,"■ Для стримеров и тех, кто записывает игру"
511019755760680961,"По сценарным причинам игра может автоматически переключаться в оконный режим. Поскольку при этом может быть виден рабочий стол, рекомендуем <color=#f6669e>захватывать только окно игры</color>."
511019755760680962,■ О фотосенситивных припадках
511019755760680963,"Игра содержит мерцания, вспышки и быстро сменяющиеся визуальные эффекты. <color=#f6669e>Если во время игры вы почувствуете недомогание, немедленно прекратите игру</color> и отдохните."
511637745984241664,"Открой END? «Q † CHANNEL», прежде чем кликать, юн!"
511680602052919296,■РЕЖИМ «МАМА ИДЕТ»
511680602090668032,"Если пойдёт хардкорный контент,\nможет, поймаешь особые сигналы, ЮН?"
511680602157776896,Условия использования
511932748384075776,"■ Условия использования изображений и GIF-анимаций\nФункция экспорта позволяет выводить изображения и GIF-анимации. Настоящие условия устанавливают правила использования материалов, созданных с помощью этой функции (далее — «Экспортированные материалы»), чтобы каждый мог спокойно ими пользоваться.\n\n▶ Разрешено\n- Публикация в социальных сетях (X / Discord / Instagram / TikTok / Bluesky и т. п.)\n- Использование в игровых видео и прямых трансляциях (с правилами стриминга можно ознакомиться на официальном сайте)\n- Личное использование, например в качестве обоев рабочего стола\n\n▶ Запрещено\n- Использование, противоречащее общественному порядку или нормам морали\n- Использование, сопровождаемое политическими заявлениями\n- Использование, сопровождаемое религиозными заявлениями\n- Использование, нарушающее или способное нарушить права третьих лиц\n- Использование, которое может быть принято за официальный контент\n- Использование, направленное на унижение реальных лиц или организаций\n- Использование в целях клеветы, дискриминации или преследования (либо в любом контексте, который может быть так воспринят)\n- Продажа Экспортированных материалов\n- Изготовление товаров или коммерческой продукции, как на возмездной, так и на безвозмездной основе\n- Любое использование в целях обучения ИИ\n- Любая форма выпуска NFT\n\n▶ Обратите внимание\n- Публикации, содержащие спойлеры, просьба чётко помечать отметкой «Спойлер».\n- Пожалуйста, избегайте изменений, искажающих характер персонажа или темы произведения.\n- Несовершеннолетним необходимо получить согласие родителей или опекунов перед использованием.\n- Настоящие условия могут быть изменены без предварительного уведомления.\n"
512558277600641024,■РЕЖИМ «МАМА ИДЕТ»
512558277600641025,"Жми Tab, и экран станет ну о-о-очень приличным, юн! Даже если Мама увидит, она не спалит, что ты играешь. Полная безопасность, юн!"
512823673373229056,Руководство
512823673406783488,Официальный сайт
514519044281499648,"В течение 15 минут будут случайно проигрываться «песни», юн!\nЕсли нажать кнопку «ПРОПУСК» в левом верхнем углу, результат будет тот же, что и от ожидания в 15 минут, юн!"
514538837810249728,"Новая клавиатура появилась, юн!"
514538837831221248,"Новая «песня» появилась, юн!"
514538837831221249,Крутая клава\nМод. версия
514538837831221250,"Модифицированная крутая клава, которая мгновенно заканчивает песни, юн!\n(Не влияет на достижения и счёт, юн)"
514939820268748800,■Автоматический режим единения с Юн-юн
514939820306497536,"В течение 15 минут будут случайно проигрываться «песни», юн!\nЕсли нажать кнопку «ПРОПУСК» в левом верхнем углу, результат будет тот же, что и от ожидания в 15 минут, юн!"
