29062654980161536,"Denpa-tic Imaginary Girl ""Q"""
29062655064047616,KOTOKO
29062655064047617,MARON
29062655064047618,MARON
29062655064047619,MARON
29062655064047620,ZENNIN
29062655064047622,ZENNIN
29062655064047623,Peak Ecstasy!! Rim de Lacent☆
29062655064047624,Yunyun (CV:Haruko Momoi)
29062655064047625,MARON
29062655064047626,MARON
29062655064047627,MARON
29062655064047628,Himitsu
29062655064047630,Himitsu
29062655064047631,YUNYUN HARDCORE
29062655064047632,Q  (CV:Nanahira)
29062655064047633,―
29062655064047634,MARON × nora2r
29062655064047635,MARON × nora2r
29062655064047636,mq
29062655064047638,mq
29062655064047639,Antenna Light
29062655064047640,Haruko Momoi
29062655064047641,Haruko Momoi
29062655064047642,Haruko Momoi
29062655064047643,REDALiCE
29062655064047644,Luxance
29062655064047646,Luxance
29062655064047647,DONIDEMONARE (Who cares anymore)
29062655064047648,Q-chan (CV:Nanahira)＆Yunyun(CV:Haruko Momoi)
29062655064047649,MARON
29062655064047650,MARON feat. HIROTO YFCz
29062655064047651,MARON feat. HIROTO YFCz
29062655064047652,aruka
29062655064047654,aruka
29062655064047655,Marisa stole the precious thing
29062655064047656,Karin Fujisaki
29062655064047657,Yoshimi YOUNO
29062655064047658,ZUN
29062655064047659,ARM
29062655064047660,Luxance
29062655064047662,Luxance
29062655064047663,Kanbu de Tomatte sugu Tokeru Kyoki no Udongein
29062655064047664,miko
29062655064047665,Yoshimi YOUNO
29062655064047666,ZUN
29062655064047667,ARM
29062655064047668,Himitsu
29062655064047670,Himitsu
29062655064047671,Cirno's Perfect Math Class
29062655064047672,miko
29062655064047673,Yoshimi YOUNO
29062655064047674,ZUN
29062655064047675,ARM
29062655064047676,Luxance
29062655064047678,Luxance
29062655064047679,"Nee,...shiyou yo!"
29062655064047680,KOTOKO
29062655064047681,KOTOKO
29062655064047682,Nakazawa Tomoyuki
29062655064047683,Nakazawa Tomoyuki
29062655064047684,Luxance
29062655064047686,Luxance
29062655064047687,"Mighty Heart ~Aru Hi no Kenka, Itsumo no Koigokoro~"
29062655064047688,KOTOKO
29062655064047689,KOTOKO
29062655064047690,KOTOKO
29062655064047691,Miu Uetsu
29062655064047692,Luxance
29062655064047694,Luxance
29062655064047695,sakuranbokissu~bakuhatsudamo~n~
29062655064047696,KOTOKO
29062655064047697,KOTOKO
29062655064047698,C.G mix
29062655064047699,C.G mix
29062655064047700,mq
29062655064047702,mq
29062655064047703,Kyururun Kiss de Janbo♪♪
29062655064047704,KOTOKO
29062655064047705,KOTOKO
29062655064047706,C.G mix
29062655064047707,C.G mix
29062655064047708,EmoCosine
29062655064047710,EmoCosine
29062655064047711,Raspberry
29062655064047712,KOTOKO
29062655064047713,KOTOKO
29062655064047714,C.G mix
29062655064047715,C.G mix
29062655064047716,Luxance
29062655064047718,Luxance
29062655064047719,Achichi na Natsu no Monogatari
29062655064047720,KOTOKO
29062655064047721,KOTOKO
29062655064047722,Kazuya Takase
29062655064047723,Kazuya Takase
29062655064047724,aruka
29062655064047726,aruka
29062655064047727,Princess Bride!
29062655064047728,KOTOKO
29062655064047729,Akuta Utsuro
29062655064047730,KOTOKO
29062655064047731,SORMA
29062655064047732,aruka
29062655064047734,aruka
29062655064047735,Princess Brave!
29062655064047736,KOTOKO
29062655064047737,Akuta Utsuro
29062655064047738,Tomoyuki Nakazawa
29062655064047739,Tomoyuki Nakazawa and Takeshi Ozaki
29062655064047740,EmoCosine
29062655064047742,EmoCosine
29062655064047743,Change my Style~Anata gonomi no Watashi ni~
29062655064047744,KOTOKO
29062655064047745,KOTOKO
29062655064047746,KOTOKO
29062655064047747,Kazuya Takase
29062655064047748,ZENNIN
29062655064047750,ZENNIN
29062655064047751,true my heart
29062655064047752,ave;new feat.Saori Sakura
29062655064047753,a.k.a.dRESS(ave;new) & Saori Sakura(ave;new)
29062655064047754,a.k.a.dRESS(ave;new)
29062655064047755,a.k.a.dRESS(ave;new)
29062655064047756,Luxance
29062655064047758,Luxance
29062655064047759,Love Cheat!
29062655064047760,MOSAIC.WAV
29062655064047761,MOSAIC.WAV
29062655064047762,MOSAIC.WAV
29062655064047763,MOSAIC.WAV
29062655064047764,Luxance
29062655064047766,Luxance
29062655064047767,Gacha Gacha Cute Figu@mate
29062655064047768,MOSAIC.WAV
29062655064047769,MOSAIC.WAV
29062655064047770,MOSAIC.WAV
29062655064047771,MOSAIC.WAV
29062655064047772,Luxance
29062655064047774,Luxance
29062655064047775,Senno Sakushu Tora no Maki
29062655064047776,MOSAIC.WAV
29062655064047777,MOSAIC.WAV
29062655064047778,MOSAIC.WAV
29062655064047779,MOSAIC.WAV
29062655064047780,Luxance
29062655064047782,Luxance
29062655064047783,INTERNET OVERDOSE
29062655064047784,KOTOKO
29062655064047785,nyalra
29062655064047786,Aiobahn +81
29062655064047787,Aiobahn +81
29062655064047788,ZENNIN
29062655064047790,ZENNIN
29062655064047791,INTERNET YAMERO
29062655064047792,KOTOKO
29062655064047793,nyalra
29062655064047794,Aiobahn +81
29062655064047795,Aiobahn +81
29062655064047796,Luxance
29062655064047798,Luxance
29062655064047799,Miko Miko Nurse - Ai no Theme
29062655064047800,Chu☆
29062655064047801,Loser Kashiwagi
29062655064047802,Loser Kashiwagi
29062655064047803,Loser Kashiwagi
29062655064047804,Luxance
29062655064047806,Luxance
29062655064047807,Dakko Shite Gyu!
29062655064047808,Tomoe Tamiyasu
29062655064047809,Loser Kashiwagi
29062655064047810,Loser Kashiwagi
29062655064047811,Loser Kashiwagi
29062655064047812,aruka
29062655064047814,aruka
29062655064047815,PETTAN PETTAN TSURUPETTAN
29062655064047816,"Nekomori Aki,Kuroneko,Kana"
29062655064047817,bit
29062655064047818,ZUN
29062655064047819,NYO
29062655064047820,Luxance
29062655064047822,Luxance
29062655064047823,summer is machine gun
29062655064047824,machine gun Sindou
29062655064047825,The machine guns
29062655064047826,machine gun Agematu（element's garden）
29062655064047827,──
29062655064047828,Himitsu
29062655064047830,Himitsu
29062655064047831,winter is machine gun
29062655064047832,machine gun Sindou
29062655064047833,The machine guns
29062655064047834,machine gun Agematu（element's garden）
29062655064047835,──
29062655064047836,mq
29062655064047838,mq
29062655064047839,Shukusei!! Loli Kami Requiem
29062655064047840,Ui Shigure
29062655064047841,MARON
29062655064047842,D.watt（IOSYS）
29062655064047843,D.watt（IOSYS）
29062655064047844,Luxance
29062655064047846,Luxance
29062655064047847,
29062655064047848,
29062655064047849,
29062655064047850,
29062655064047851,
29062655064047852,
29062655064047854,
29062655064047855,"Help me, ERINNNNNN!! (Band ver.)"
29062655064047856,beatMARIO
29062655064047857,beatMARIO
29062655064047858,ZUN
29062655064047859,beatMARIO
29062655064047860,EmoCosine
29062655064047862,EmoCosine
29062655064047863,Usatei
29062655064047864,beatMARIO、Amane
29062655064047865,beatMARIO
29062655064047866,ZUN
29062655064047867,myu314 、beatMARIO
29062655064047868,Luxance
29062655064047870,Luxance
29062655064047871,Scarlet! Police!! on Ghetto Patrol
29062655064047872,"miko, koko, 96, Natsu Iwasugi"
29062655064047873,Shichijou Lettuce
29062655064047874,ZUN
29062655064047875,D.watt
29062655064047876,Luxance
29062655064047878,Luxance
29062655064047879,Oyome ni Shinasai!
29062655064047880,miko、Yuka、Mari
29062655064047881,Yoshimi YOUNO
29062655064047882,ZUN
29062655064047883,ARM
29062655064047884,Himitsu
29062655064047886,Himitsu
29062655064047887,Wakasagihime's 100 Sushi-Topping Game
29062655064047888,Aya
29062655064047889,Raku Taniya
29062655064047890,ZUN
29062655064047891,Raku Taniya
29062655064047892,Luxance
29062655064047894,Luxance
29062655064047895,kero9destiny
29062655064047896,Merami Pop
29062655064047897,bit
29062655064047898,ZUN
29062655064047899,NYO
29062655064047900,Luxance
29062655064047902,Luxance
29062655064047903,Quit being a maid? Quit being a human?
29062655064047904,Momiji Yamamoto
29062655064047905,Yoshimi YOUNO
29062655064047906,ZUN
29062655064047907,ARM
29062655064047951,"We are Pollen Fairies ""Pollino-Sis""!"
29062655064047952,"Koko, Nanahira"
29062655064047953,Camellia
29062655064047954,Camellia
29062655064047955,Camellia
29062655064047956,ZENNIN
29062655064047958,ZENNIN
29062655064047959,Versus!
29062655064047960,Nanahira
29062655064047961,Camellia
29062655064047962,Camellia
29062655064047963,Camellia
29062655064047964,mq
29062655064047966,mq
29062655064047967,Can I friend you on Bassbook? lol
29062655064047968,Nanahira
29062655064047969,Camellia
29062655064047970,Camellia
29062655064047971,Camellia
29062655064047972,Himitsu
29062655064047974,Himitsu
29062655064047975,Strongest Dental Caries Constructionist Starts Excavation
29062655064047976,Nanahira
29062655064047977,Camellia
29062655064047978,Camellia
29062655064047979,Camellia
29062655064047980,aruka
29062655064047982,aruka
29062655064047983,I don't care about Christmas though
29062655064047984,Nanahira
29062655064047985,Camellia
29062655064047986,Camellia
29062655064047987,Camellia
29062655064047988,aruka
29062655064047990,aruka
29062655064047991,FULLFLAVOR ONDO
29062655064047992,Nanahira
29062655064047993,Camellia
29062655064047994,Camellia
29062655064047995,Camellia
29062655064047996,Luxance
29062655064047998,Luxance
29062655064047999,"Newbies take 3 years, geeks 8 years, and internets are forever"
29062655064048000,Nanahira
29062655064048001,Camellia
29062655064048002,Camellia
29062655064048003,Camellia
29062655064048004,Luxance
29062655064048006,Luxance
29062655064048007,Energy-Dringirl Ffeine-chan!
29062655064048008,Nanahira
29062655064048009,Camellia
29062655064048010,Camellia
29062655064048011,Camellia
29062655064048012,EmoCosine
29062655064048014,EmoCosine
29062655064048015,Please! Concon Inari-sama
29062655064048016,Nanahira
29062655064048017,Fox Dreams
29062655064048018,ARM
29062655064048019,ARM
29062655064048020,Luxance
29062655064048022,Luxance
29062655064048023,"Denpa-tic Imaginary Girl ""Q"" (Cover)"
29062655064048024,Q  (CV:Nanahira)
29062655064048025,MARON
29062655064048026,MARON
29062655064048027,MARON
29062655064048028,Himitsu
29062655064048030,Himitsu
29062655064048031,INTERNET OVERDOSE (Cover)
29062655064048032,Nanahira
29062655064048033,nyalra
29062655064048034,Aiobahn +81
29062655064048035,Aiobahn +81
29062655064048036,aruka
29062655064048038,aruka
29062655064048039,INTERNET YAMERO (Cover)
29062655064048040,Covered by Nanahira
29062655064048041,nyalra
29062655064048042,Aiobahn +81
29062655064048043,Aiobahn +81
29062655064048044,mq
29062655064048046,mq
29062655064048047,Bamboo
29062655064048048,Choko
29062655064048049,Rish
29062655064048050,Rish
29062655064048051,Rish
29062655064048052,Luxance
29062655064048054,Luxance
29062655064048055,Punai Punai Taiso
29062655064048056,Choko
29062655064048057,Rish
29062655064048058,Rish
29062655064048059,Rish
29062655064048060,mq
29062655064048062,mq
29062655064048063,Punai Punai Fantasy
29062655064048064,Choko
29062655064048065,Rish
29062655064048066,Rish
29062655064048067,Rish
29062655064048068,Himitsu
29062655064048070,Himitsu
29062655064048071,Punai Punai War
29062655064048072,Choko
29062655064048073,Rish
29062655064048074,Rish
29062655064048075,Rish
29062655064048076,aruka
29062655064048078,aruka
29062655064048079,Tanaka
29062655064048080,Choko
29062655064048081,Rish
29062655064048082,Rish
29062655064048083,Rish
29062655064048084,ZENNIN
29062655064048086,ZENNIN
29062655064048087,Waaa
29062655064048088,Choko
29062655064048089,Rish
29062655064048090,Rish
29062655064048091,Rish
29062655064048092,Luxance
29062655064048094,Luxance
29062655064048095,Kakikuke Caution
29062655064048096,Choko
29062655064048097,Rish
29062655064048098,Rish
29062655064048099,Rish
29062655064048100,Luxance
29062655064048102,Luxance
29062655064048103,Nitrogen
29062655064048104,Choko
29062655064048105,Rish
29062655064048106,Rish
29062655064048107,Rish
29062655064048108,Luxance
29062655064048110,Luxance
29062655064048111,As the angel says
29062655064048112,Chinoi Momone
29062655064048113,Rish
29062655064048114,Rish
29062655064048115,Rish
29062655064048116,mq
29062655064048118,mq
29062655064048119,Pa Pi Pu Pi Pu Pi Pa
29062655064048120,Pochi Korone
29062655064048121,Rish
29062655064048122,Rish
29062655064048123,Rish
29062655064048124,ZENNIN
29062655064048126,ZENNIN
29062655064048127,B.B.K.K.B.K.K.（Rish&Choko Remix）
29062655064048128,Choko
29062655064048129,Rish
29062655064048130,nora2r
29062655064048131,Rish
29062655064048132,aruka
29062655064048134,aruka
29062655064048135,MaiMai Memomo Memomo MaiMai
29062655064048136,Berry Maisaki
29062655064048137,Rish
29062655064048138,Rish
29062655064048139,Rish
29062655064048140,EmoCosine
29062655064048142,EmoCosine
29062655064048143,
29062655064048144,
29062655064048145,
29062655064048146,
29062655064048147,
29062655064048151,
29062655064048152,
29062655064048153,
29062655064048154,
29062655064048155,
29062655064048159,
29062655064048160,
29062655064048161,
29062655064048162,
29062655064048163,
29062655064048167,
29062655064048168,
29062655064048169,
29062655064048170,
29062655064048171,
29062655064048175,
29062655064048176,
29062655064048177,
29062655064048178,
29062655064048179,
29062655064048183,
29062655064048184,
29062655064048185,
29062655064048186,
29062655064048187,
29066546337972224,ZENNIN
29066546371526656,Himitsu
29066546371526657,mq
29066546371526658,Luxance
29066546371526659,aruka
29066546371526660,Luxance
29066546371526661,Himitsu
29066546371526662,Luxance
29066546371526663,Luxance
29066546371526664,Luxance
29066546371526665,mq
29066546371526666,EmoCosine
29066546371526667,Luxance
29066546371526668,aruka
29066546371526669,aruka
29066546371526670,EmoCosine
29066546371526671,ZENNIN
29066546371526672,Luxance
29066546371526673,Luxance
29066546371526674,Luxance
29066546371526675,Luxance
29066546371526676,ZENNIN
29066546371526677,Luxance
29066546371526678,Luxance
29066546371526679,aruka
29066546371526680,Luxance
29066546371526681,Himitsu
29066546371526682,mq
29066546371526683,Luxance
29066546371526684,
29066546371526685,EmoCosine
29066546371526686,Luxance
29066546371526687,Luxance
29066546371526688,Himitsu
29066546371526689,Luxance
29066546371526690,Luxance
29066546375720966,ZENNIN
29066546375720967,mq
29066546375720968,Himitsu
29066546375720969,aruka
29066546375720970,aruka
29066546375720971,Luxance
29066546375720972,Luxance
29066546375720973,EmoCosine
29066546375720974,Luxance
29066546375720975,Himitsu
29066546375720976,aruka
29066546375720977,mq
29066546375720978,Luxance
29066546375720979,mq
29066546375720980,Himitsu
29066546375720981,aruka
29066546375720982,ZENNIN
29066546375720983,Luxance
29066546375720984,Luxance
29066546375720985,Luxance
29066546375720986,mq
29066546375720987,ZENNIN
29066546375720988,aruka
29066546375720989,EmoCosine
45284322727591936,Observing Glitch “YUN-YUN”
45284322752757760,Laur
45284322752757761,──
45284322752757762,Laur
45284322752757763,Laur
45284322752757764,ZENNIN
45284322752757765,ZENNIN
45284322752757766,ZENNIN
45284322752757767,Desktop Society
45284322752757768,t+pazolite
45284322752757769,──
45284322752757770,t+pazolite
45284322752757771,t+pazolite
45284322752757772,Himitsu
45284322752757773,Himitsu
45284322752757774,Himitsu
45284322752757775,Glittering Trap
45284322752757776,DJ Genki
45284322752757777,──
45284322752757778,DJ Genki
45284322752757779,DJ Genki
45284322752757780,Luxance
45284322752757781,Luxance
45284322752757782,Luxance
45284322752757783,KAKUSEI☆SYNDROME
45284322752757784,Getty
45284322752757785,──
45284322752757786,Getty
45284322752757787,Getty
45284322752757788,mq
45284322752757789,mq
45284322752757790,mq
45284322752757791,Thanks for playing
45284322752757792,REDALiCE
45284322752757793,──
45284322752757794,REDALiCE
45284322752757795,REDALiCE
45284322752757796,aruka
45284322752757797,aruka
45284322752757798,aruka
45284322752757799,EXC3PT!ON_H4NDL1NG
45284322752757800,DJ Noriken
45284322752757801,──
45284322752757802,DJ Noriken
45284322752757803,DJ Noriken
45284322752757804,EmoCosine
45284322752757805,EmoCosine
45284322752757806,EmoCosine
72654723631710208,ZENNIN
72654723665264640,Himitsu
72654723665264641,mq
72654723665264642,Luxance
72654723665264643,aruka
72654723665264644,Luxance
72654723665264645,Himitsu
72654723665264646,Luxance
72654723665264647,Luxance
72654723665264648,Luxance
72654723665264649,mq
72654723665264650,EmoCosine
72654723665264651,Luxance
72654723665264652,aruka
72654723665264653,aruka
72654723665264654,EmoCosine
72654723665264655,ZENNIN
72654723665264656,Luxance
72654723665264657,Luxance
72654723665264658,Luxance
72654723665264659,Luxance
72654723665264660,ZENNIN
72654723665264661,Luxance
72654723665264662,Luxance
72654723673653248,aruka
72654723673653249,Luxance
72654723673653250,Himitsu
72654723673653251,mq
72654723673653252,Luxance
72654723673653253,
72654723673653254,CosmicKING☆sens@tion!!!!!!!!
72654723673653255,Choko
72654723673653256,Kayuki
72654723673653257,Kayuki
72654723673653258,Kayuki
72654723673653259,aruka
72654723673653260,aruka
72654723673653261,aruka
72654723673653262,aruka
72654723673653263,MuseDashを作っているPeroPeroGamesさんが倒産しちゃったよ～
72654723673653264,Choko
72654723673653265,Rish
72654723673653266,Rish
72654723673653267,Rish
72654723673653268,ZENNIN
72654723673653269,ZENNIN
72654723673653270,ZENNIN
72654723673653271,ZENNIN
72654723673653281,EmoCosine
72654723673653282,Luxance
72654723673653283,Luxance
72654723673653284,Himitsu
72654723673653285,Luxance
72654723673653286,Luxance
72654723673653293,ZENNIN
72654723673653294,mq
72654723673653295,Himitsu
72654723673653296,aruka
72654723673653297,aruka
72654723673653298,Luxance
72654723673653299,Luxance
72654723673653300,EmoCosine
72654723673653301,Luxance
72654723673653302,Himitsu
72654723673653303,aruka
72654723673653304,mq
72654723673653305,Luxance
72654723673653306,mq
72654723673653307,Himitsu
72654723673653308,aruka
72654723673653309,ZENNIN
72654723673653310,Luxance
72654723673653311,Luxance
72654723673653312,Luxance
72654723673653313,mq
72654723673653314,ZENNIN
72654723673653315,aruka
72654723673653316,EmoCosine
72654723673653323,ZENNIN
72654723673653324,Himitsu
72654723673653325,Luxance
72654723673653326,mq
72654723673653327,aruka
72654723673653328,EmoCosine
104802543004188672,Let's Go Lovely Henshin Time!
104802543029354496,Ｕ
104802543029354497,Yuu
104802543029354498,Yuu
104802543029354499,Yuu
104802543029354500,Luxance
104802543029354501,Luxance
104802543029354502,Luxance
104802543029354503,Luxance
104802543029354504,LITTLE MY STAR
104802543029354505,Ｕ
104802543029354506,Yuu
104802543029354507,Yuu
104802543029354508,Yuu
104802543029354509,ZENNIN
104802543029354510,ZENNIN
104802543029354511,ZENNIN
104802543029354512,ZENNIN
104802543029354513,Kurukuru lovely day!!!
104802543029354514,Ｕ
104802543033548800,Yuu
104802543033548801,Yuu
104802543033548802,Yuu
104802543033548803,Himitsu
104802543033548804,Himitsu
104802543033548805,Himitsu
104802543033548806,Himitsu
104802543033548807,Gingakei no Uchuu no Hate made
104802543033548808,Ｕ
104802543033548809,Yuu
104802543033548810,Yuu
104802543033548811,Yuu
104802543033548812,mq
104802543033548813,mq
104802543033548814,mq
104802543033548815,mq
104802543033548816,the first the last
104802543033548817,Ｕ
104802543033548818,Yuu
104802543033548819,Yuu
104802543033548820,Yuu
104802543054520320,Himitsu
104802543054520321,Himitsu
104802543054520322,Himitsu
104802543054520323,Himitsu
104802543054520324,Shinseiji Kono Koi To Kimi To Atashi
104802543054520325,Ｕ
104802543054520326,Yuu
104802543054520327,Yuu
104802543054520328,Yuu
104802543054520329,aruka
104802543054520330,aruka
104802543054520331,aruka
104802543054520332,aruka
104802543054520333,Sakura Saku
104802543054520334,Ｕ
104802543054520335,Yuu
104802543054520336,Yuu
104802543054520337,Yuu
104802543054520338,Himitsu
104802543054520339,Himitsu
104802543054520340,Himitsu
104802543054520341,Himitsu
104802543054520342,Omoi Wa Ko Kon To Zai
104802543054520343,Ｕ
104802543054520344,Yuu
104802543054520345,Yuu
104802543054520346,Yuu
104802543054520347,EmoCosine
104802543054520348,EmoCosine
104802543054520349,EmoCosine
104802543054520350,EmoCosine
104802543054520351,Help! heaven!
104802543054520352,Ｕ
104802543054520353,Yuu
104802543054520354,Yuu
104802543054520355,Yuu
104802543054520356,EmoCosine
104802543054520357,EmoCosine
104802543054520358,EmoCosine
104802543054520359,EmoCosine
104802543054520360,BITE
104802543054520361,Haruko Momoi
104802543054520362,Yoshikazu Kuwashima
104802543054520363,ZEN
104802543054520364,ZEN
104802543054520365,ZENNIN
104802543054520366,ZENNIN
104802543054520367,ZENNIN
104802543054520368,ZENNIN
104802543054520369,Go★Home!
104802543054520370,Haruko Momoi(UNDER17)
104802543054520371,Yoshikazu Kuwashima
104802543054520372,Atsushi Kageie
104802543054520373,Atsushi Kageie
104802543054520374,aruka
104802543054520375,aruka
104802543054520376,aruka
104802543054520377,aruka
104802543054520378,Koi no Recipe
104802543054520379,Haruko Momoi
104802543054520380,Haruko Momoi
104802543054520381,Haruko Momoi
104802543054520382,RAM RIDER
104802543054520383,mq
104802543054520384,mq
104802543054520385,mq
104802543054520386,mq
115655278347845632,MARON feat.KOTOKO
115655278406565888,MARON feat.Yunyun (CV:Haruko Momoi)
115655278406565889,MARON × nora2r feat.Q  (CV:Nanahira)
115655278406565890,Haruko Momoi
115655278427537408,MARON×HIROTO YFCz feat.Q  (CV:Nanahira) & Yunyun (CV:Haruko Momoi)
115655278645641216,IOSYS
115655278645641217,IOSYS
115655278645641218,IOSYS
115655278645641219,KOTOKO
115655278645641220,KOTOKO
115655278645641221,KOTOKO
115655278645641222,KOTOKO
115655278645641223,KOTOKO
115655278645641224,KOTOKO
115655278645641225,KOTOKO
115655278645641226,KOTOKO
115655278666612736,KOTOKO
115655278666612737,ave;new feat.Saori Sakura
115655278666612738,MOSAIC.WAV
115655278666612739,MOSAIC.WAV
115655278670807040,MOSAIC.WAV
115655278670807041,Aiobahn +81 feat. KOTOKO
115655278675001344,Aiobahn +81 feat. KOTOKO
115655278675001345,Loser Kashiwagi feat.Chu☆
115655278679195648,Loser Kashiwagi feat.Tomoe Tamiyasu
115655278679195649,Silver Forest 
115655278683389952,machine gun Sindou
115655278683389953,machine gun Sindou
115655278687584256,Ui Shigure
115655278687584258,Choko
115655278687584259,Rish feat.Choko
115655278687584261,beatMARIO
115655278687584262,IOSYS
115655278687584263,IOSYS
115655278687584264,IOSYS
115655278687584265,IOSYS
115655278687584266,Silver Forest 
115655278687584267,IOSYS
115655278687584273,"Camellia feat.Koko, Nanahira"
115655278704361472,Camellia feat.Nanahira
115655278704361473,Camellia feat.Nanahira
115655278704361474,Camellia feat.Nanahira
115655278704361475,Camellia feat.Nanahira
115655278704361476,Camellia feat.Nanahira
115655278704361477,Camellia feat.Nanahira
115655278704361478,Camellia feat.Nanahira
115655278704361479,IOSYS
115655278704361480,MARON feat.Q  (CV:Nanahira)
115655278704361481,Aiobahn +81
115655278704361482,Aiobahn +81
115655278704361483,Rish feat.Choko
115655278721138688,Rish feat.Choko
115655278721138689,Rish feat.Choko
115655278721138690,Rish feat.Choko
115655278721138691,Rish feat.Choko
115655278725332992,Rish feat.Choko
115655278725332993,Rish feat.Choko
115655278725332994,Rish feat.Choko
115655278725332995,Rish feat.Chinoi Momone
115655278725332996,Rish feat.Pochi Korone
115655278725332997,Rish feat.Choko
115655278725332998,Rish feat.Berry Maisaki
115655278737915907,Laur
115655278737915908,t+pazolite
115655278737915909,DJ Genki
115655278737915910,Getty
115655278737915911,REDALiCE
115655278746304512,DJ Noriken
115655278746304513,Ｕ
115655278746304514,Ｕ
115655278746304515,Ｕ
115655278746304516,Ｕ
115655278746304517,Ｕ
115655278746304518,Ｕ
115655278746304519,Ｕ
115655278746304520,Ｕ
115655278746304521,Ｕ
115655278746304522,Haruko Momoi
115655278746304523,Haruko Momoi(UNDER17)
115655278763081728,Haruko Momoi
