29062654980161536,電波的妄想美少女Q
29062655064047616,KOTOKO
29062655064047617,まろん
29062655064047618,まろん
29062655064047619,まろん
29062655064047620,ぜんにん
29062655064047622,ぜんにん
29062655064047655,魔理沙は大変なものを盗んでいきました
29062655064047656,藤咲かりん
29062655064047657,夕野ヨシミ
29062655064047658,ZUN
29062655064047659,ARM
29062655064047660,るくあんす
29062655064047662,るくあんす
29062655064047663,患部で止まってすぐ溶ける～狂気の優曇華院
29062655064047664,miko
29062655064047665,夕野ヨシミ
29062655064047666,ZUN
29062655064047667,ARM
29062655064047668,秘密
29062655064047670,秘密
29062655064047679,ねぇ、...しようよ！
29062655064047680,KOTOKO
29062655064047681,KOTOKO
29062655064047682,中沢伴行
29062655064047683,中沢伴行
29062655064047684,るくあんす
29062655064047686,るくあんす
29062655064047695,さくらんぼキッス ～爆発だも～ん～
29062655064047696,KOTOKO
29062655064047697,KOTOKO
29062655064047698,C.G mix
29062655064047699,C.G mix
29062655064047700,mq
29062655064047702,mq
29062655064047711,らずべりー
29062655064047712,KOTOKO
29062655064047713,KOTOKO
29062655064047714,C.G mix
29062655064047715,C.G mix
29062655064047716,るくあんす
29062655064047718,るくあんす
29062655064047735,Princess Brave!
29062655064047736,KOTOKO(I've)
29062655064047737,うつろあくた
29062655064047738,中沢伴行
29062655064047739,TOMOYUKI×TAKESHI
29062655064047740,エモコサイン
29062655064047742,エモコサイン
29062655064047751,true my heart
29062655064047752,ave;new feat.佐倉紗織
29062655064047753,a.k.a.dRESS(ave;new) & 佐倉紗織(ave;new)
29062655064047754,a.k.a.dRESS(ave;new)
29062655064047755,a.k.a.dRESS(ave;new)
29062655064047756,るくあんす
29062655064047758,るくあんす
29062655064047783,INTERNET OVERDOSE
29062655064047784,Aiobahn +81 feat. KOTOKO
29062655064047785,にゃるら
29062655064047786,Aiobahn +81
29062655064047787,Aiobahn +81
29062655064047788,ぜんにん
29062655064047790,ぜんにん
29062655064047791,INTERNET YAMERO
29062655064047792,Aiobahn +81 feat. KOTOKO
29062655064047793,にゃるら
29062655064047794,Aiobahn +81
29062655064047795,Aiobahn +81
29062655064047796,るくあんす
29062655064047798,るくあんす
29062655064047799,巫女みこナース・愛のテーマ
29062655064047800,Chu☆
29062655064047801,柏木るざりん
29062655064047802,柏木るざりん
29062655064047803,柏木るざりん
29062655064047804,るくあんす
29062655064047806,るくあんす
29062655064047807,だっこしてぎゅっ!～汝、隣の枕を愛せ
29062655064047808,民安ともえ
29062655064047809,柏木るざりん
29062655064047810,柏木るざりん
29062655064047811,柏木るざりん
29062655064047812,或華
29062655064047814,或華
29062655064047831,冬もマシンガン
29062655064047832,マシンガン進藤
29062655064047833,ザ・マシンガンズ
29062655064047834,マシンガン上松（element's garden）
29062655064047835,──
29062655064047836,mq
29062655064047838,mq
29066546337972224,ぜんにん
29066546371526660,るくあんす
29066546371526661,秘密
29066546371526663,るくあんす
29066546371526665,mq
29066546371526667,るくあんす
29066546371526670,エモコサイン
29066546371526672,るくあんす
29066546371526676,ぜんにん
29066546371526677,るくあんす
29066546371526678,るくあんす
29066546371526679,或華
29066546371526682,mq
72654723631710208,ぜんにん
72654723665264644,るくあんす
72654723665264645,秘密
72654723665264647,るくあんす
72654723665264649,mq
72654723665264651,るくあんす
72654723665264654,エモコサイン
72654723665264656,るくあんす
72654723665264660,ぜんにん
72654723665264661,るくあんす
72654723665264662,るくあんす
72654723673653248,或華
72654723673653251,mq
