29062654980161536,电波妄想美少女Q
29062655064047616,KOTOKO
29062655064047617,まろん
29062655064047618,まろん
29062655064047619,まろん
29062655064047620,ぜんにん
29062655064047622,ぜんにん
29062655064047623,幸福絶頂!! Rim de Lacent☆
29062655064047624,晕晕 (CV：桃井はるこ)
29062655064047625,まろん
29062655064047626,まろん
29062655064047627,まろん
29062655064047628,秘密
29062655064047630,秘密
29062655064047631,YUNYUN HARDCORE
29062655064047632,小Q  (CV：ななひら)
29062655064047633,―
29062655064047634,まろん × nora2r
29062655064047635,まろん × nora2r
29062655064047636,mq
29062655064047638,mq
29062655064047639,天线之光
29062655064047640,桃井はるこ
29062655064047641,桃井はるこ
29062655064047642,桃井はるこ
29062655064047643,REDALiCE
29062655064047644,るくあんす
29062655064047646,るくあんす
29062655064047647,随它去～吧
29062655064047648,小Q  (CV：ななひら)＆晕晕 (CV：桃井はるこ)
29062655064047649,MARON
29062655064047650,MARON feat. 小林ヒロト
29062655064047651,MARON feat. 小林ヒロト
29062655064047652,或華
29062655064047654,或華
29062655064047655,魔理沙は大変なものを盗んでいきました（魔理沙偷走了重要的东西）
29062655064047656,藤咲かりん
29062655064047657,夕野ヨシミ
29062655064047658,ZUN
29062655064047659,ARM
29062655064047660,るくあんす
29062655064047662,るくあんす
29062655064047663,患部で止まってすぐ溶ける～狂気の優曇華院（置放在患处很快就会溶解～ 疯狂的优昙华院）
29062655064047664,miko
29062655064047665,夕野ヨシミ
29062655064047666,ZUN
29062655064047667,ARM
29062655064047668,秘密
29062655064047670,秘密
29062655064047671,チルノのパーフェクトさんすう教室（琪露诺的完美算术教室）
29062655064047672,miko
29062655064047673,夕野ヨシミ
29062655064047674,ZUN
29062655064047675,ARM
29062655064047676,るくあんす
29062655064047678,るくあんす
29062655064047679,ねぇ、...しようよ！
29062655064047680,KOTOKO
29062655064047681,KOTOKO
29062655064047682,中沢伴行
29062655064047683,中沢伴行
29062655064047684,るくあんす
29062655064047686,るくあんす
29062655064047687,Mighty Heart～ある日のケンカ、いつもの恋心
29062655064047688,KOTOKO
29062655064047689,KOTOKO
29062655064047690,KOTOKO
29062655064047691,羽越実有
29062655064047692,るくあんす
29062655064047694,るくあんす
29062655064047695,さくらんぼキッス ～爆発だも～ん～
29062655064047696,KOTOKO
29062655064047697,KOTOKO
29062655064047698,C.G mix
29062655064047699,C.G mix
29062655064047700,mq
29062655064047702,mq
29062655064047703,きゅるんKissでジャンボ♪♪
29062655064047704,KOTOKO
29062655064047705,KOTOKO
29062655064047706,C.G mix
29062655064047707,C.G mix
29062655064047708,エモコサイン
29062655064047710,エモコサイン
29062655064047711,らずべりー
29062655064047712,KOTOKO
29062655064047713,KOTOKO
29062655064047714,C.G mix
29062655064047715,C.G mix
29062655064047716,るくあんす
29062655064047718,るくあんす
29062655064047719,あちちな夏の物語り
29062655064047720,KOTOKO
29062655064047721,KOTOKO
29062655064047722,高瀬一矢
29062655064047723,高瀬一矢
29062655064047724,或華
29062655064047726,或華
29062655064047727,Princess Bride!
29062655064047728,KOTOKO(I've)
29062655064047729,うつろあくた
29062655064047730,KOTOKO(I've)
29062655064047731,SORMA
29062655064047732,或華
29062655064047734,或華
29062655064047735,Princess Brave!
29062655064047736,KOTOKO(I've)
29062655064047737,うつろあくた
29062655064047738,中沢伴行
29062655064047739,TOMOYUKI×TAKESHI
29062655064047740,エモコサイン
29062655064047742,エモコサイン
29062655064047743,Change my Style ～あなた好みの私に～
29062655064047744,KOTOKO
29062655064047745,KOTOKO
29062655064047746,KOTOKO
29062655064047747,高瀬一矢
29062655064047748,ぜんにん
29062655064047750,ぜんにん
29062655064047751,true my heart
29062655064047752,ave;new feat.佐倉紗織
29062655064047753,a.k.a.dRESS(ave;new) & 佐倉紗織(ave;new)
29062655064047754,a.k.a.dRESS(ave;new)
29062655064047755,a.k.a.dRESS(ave;new)
29062655064047756,るくあんす
29062655064047758,るくあんす
29062655064047759,Love Cheat!
29062655064047760,MOSAIC.WAV
29062655064047761,MOSAIC.WAV
29062655064047762,MOSAIC.WAV
29062655064047763,MOSAIC.WAV
29062655064047764,るくあんす
29062655064047766,るくあんす
29062655064047767,ガチャガチャきゅ～と・ふぃぎゅ@メイト
29062655064047768,MOSAIC.WAV
29062655064047769,MOSAIC.WAV
29062655064047770,MOSAIC.WAV
29062655064047771,MOSAIC.WAV
29062655064047772,るくあんす
29062655064047774,るくあんす
29062655064047775,洗脳・搾取・虎の巻（洗脑·榨取·虎之卷）
29062655064047776,MOSAIC.WAV
29062655064047777,MOSAIC.WAV
29062655064047778,MOSAIC.WAV
29062655064047779,MOSAIC.WAV
29062655064047780,るくあんす
29062655064047782,るくあんす
29062655064047783,INTERNET OVERDOSE
29062655064047784,KOTOKO
29062655064047785,にゃるら
29062655064047786,Aiobahn +81
29062655064047787,Aiobahn +81
29062655064047788,ぜんにん
29062655064047790,ぜんにん
29062655064047791,INTERNET YAMERO
29062655064047792,KOTOKO
29062655064047793,にゃるら
29062655064047794,Aiobahn +81
29062655064047795,Aiobahn +81
29062655064047796,るくあんす
29062655064047798,るくあんす
29062655064047799,巫女みこナース・愛のテーマ
29062655064047800,Chu☆
29062655064047801,柏木るざりん
29062655064047802,柏木るざりん
29062655064047803,柏木るざりん
29062655064047804,るくあんす
29062655064047806,るくあんす
29062655064047807,だっこしてぎゅっ!～汝、隣の枕を愛せ
29062655064047808,民安ともえ
29062655064047809,柏木るざりん
29062655064047810,柏木るざりん
29062655064047811,柏木るざりん
29062655064047812,或華
29062655064047814,或華
29062655064047815,つるぺったん（平胸之歌）
29062655064047816,猫森アキ、くろねこ、Kana
29062655064047817,bit
29062655064047818,ZUN
29062655064047819,NYO
29062655064047820,るくあんす
29062655064047822,るくあんす
29062655064047823,夏はマシンガン
29062655064047824,マシンガン進藤
29062655064047825,ザ・マシンガンズ
29062655064047826,マシンガン上松（element's garden）
29062655064047827,──
29062655064047828,秘密
29062655064047830,秘密
29062655064047831,冬もマシンガン
29062655064047832,マシンガン進藤
29062655064047833,ザ・マシンガンズ
29062655064047834,マシンガン上松（element's garden）
29062655064047835,──
29062655064047836,mq
29062655064047838,mq
29062655064047839,粛聖!! ロリ神レクイエム☆（肃圣！！萝莉神的镇魂曲☆）
29062655064047840,しぐれうい
29062655064047841,まろん
29062655064047842,D.watt（IOSYS）
29062655064047843,D.watt（IOSYS）
29062655064047844,るくあんす
29062655064047846,るくあんす
29062655064047847,
29062655064047848,
29062655064047849,
29062655064047850,
29062655064047851,
29062655064047852,
29062655064047854,
29062655064047855,"Help me, ERINNNNNN!! (Band ver.)"
29062655064047856,ビートまりお
29062655064047857,ビートまりお
29062655064047858,ZUN
29062655064047859,ビートまりお
29062655064047860,エモコサイン
29062655064047862,エモコサイン
29062655064047863,ウサテイ
29062655064047864,ビートまりお、あまね
29062655064047865,ビートまりお
29062655064047866,ZUN
29062655064047867,myu314 、ビートまりお
29062655064047868,るくあんす
29062655064047870,るくあんす
29062655064047871,スカーレット警察のゲットーパトロール24時
29062655064047872,miko、ココ、96、岩杉夏
29062655064047873,七条レタス
29062655064047874,ZUN
29062655064047875,D.watt
29062655064047876,るくあんす
29062655064047878,るくあんす
29062655064047879,お嫁にしなさいっ！
29062655064047880,miko、ゆか、まり
29062655064047881,夕野ヨシミ
29062655064047882,ZUN
29062655064047883,ARM
29062655064047884,秘密
29062655064047886,秘密
29062655064047887,わかさぎ姫の命を懸けた寿司ネタ100本勝負
29062655064047888,彩
29062655064047889,谷屋楽
29062655064047890,ZUN
29062655064047891,谷屋楽
29062655064047892,るくあんす
29062655064047894,るくあんす
29062655064047895,ケロ⑨destiny
29062655064047896,めらみぽっぷ
29062655064047897,bit
29062655064047898,ZUN
29062655064047899,NYO
29062655064047900,るくあんす
29062655064047902,るくあんす
29062655064047903,メイドやめますか?人間やめますか?
29062655064047904,山本椛
29062655064047905,夕野ヨシミ
29062655064047906,ZUN
29062655064047907,ARM
29062655064047951,We are 花粉フェアリー☆ぽりのーしす!
29062655064047952,ココ、ななひら
29062655064047953,かめりあ
29062655064047954,かめりあ
29062655064047955,かめりあ
29062655064047956,ぜんにん
29062655064047958,ぜんにん
29062655064047959,ばーさす！
29062655064047960,ななひら
29062655064047961,かめりあ
29062655064047962,かめりあ
29062655064047963,かめりあ
29062655064047964,mq
29062655064047966,mq
29062655064047967,ベースラインやってる？笑
29062655064047968,ななひら
29062655064047969,かめりあ
29062655064047970,かめりあ
29062655064047971,かめりあ
29062655064047972,秘密
29062655064047974,秘密
29062655064047975,さいきょう虫歯工事師 掘削Chu☆
29062655064047976,ななひら
29062655064047977,かめりあ
29062655064047978,かめりあ
29062655064047979,かめりあ
29062655064047980,或華
29062655064047982,或華
29062655064047983,クリスマスなんて興味ないけど
29062655064047984,ななひら
29062655064047985,かめりあ
29062655064047986,かめりあ
29062655064047987,かめりあ
29062655064047988,或華
29062655064047990,或華
29062655064047991,FULLFLAVOR音頭
29062655064047992,ななひら
29062655064047993,かめりあ
29062655064047994,かめりあ
29062655064047995,かめりあ
29062655064047996,るくあんす
29062655064047998,るくあんす
29062655064047999,ニワカ三年オタ八年、インターネッツはforever
29062655064048000,ななひら
29062655064048001,かめりあ
29062655064048002,かめりあ
29062655064048003,かめりあ
29062655064048004,るくあんす
29062655064048006,るくあんす
29062655064048007,エナジー*ドリン娘◎ふぇいんちゃん！
29062655064048008,ななひら
29062655064048009,かめりあ
29062655064048010,かめりあ
29062655064048011,かめりあ
29062655064048012,エモコサイン
29062655064048014,エモコサイン
29062655064048015,お願い！コンコンお稲荷さま
29062655064048016,ななひら
29062655064048017,狐夢想
29062655064048018,ARM
29062655064048019,ARM
29062655064048020,るくあんす
29062655064048022,るくあんす
29062655064048023,电波妄想美少女Q (Cover)
29062655064048024,小Q  (CV：ななひら)
29062655064048025,MARON
29062655064048026,MARON
29062655064048027,MARON
29062655064048028,秘密
29062655064048030,秘密
29062655064048031,INTERNET OVERDOSE (Cover)
29062655064048032,ななひら
29062655064048033,にゃるら
29062655064048034,Aiobahn +81
29062655064048035,Aiobahn +81
29062655064048036,或華
29062655064048038,或華
29062655064048039,INTERNET YAMERO (Cover)
29062655064048040,Covered by ななひら
29062655064048041,にゃるら
29062655064048042,Aiobahn +81
29062655064048043,Aiobahn +81
29062655064048044,mq
29062655064048046,mq
29062655064048047,竹
29062655064048048,ちょこ
29062655064048049,立秋
29062655064048050,立秋
29062655064048051,立秋
29062655064048052,るくあんす
29062655064048054,るくあんす
29062655064048055,プナイプナイたいそう
29062655064048056,ちょこ
29062655064048057,立秋
29062655064048058,立秋
29062655064048059,立秋
29062655064048060,mq
29062655064048062,mq
29062655064048063,プナイプナイげんそう
29062655064048064,ちょこ
29062655064048065,立秋
29062655064048066,立秋
29062655064048067,立秋
29062655064048068,秘密
29062655064048070,秘密
29062655064048071,プナイプナイせんそう
29062655064048072,ちょこ
29062655064048073,立秋
29062655064048074,立秋
29062655064048075,立秋
29062655064048076,或華
29062655064048078,或華
29062655064048079,田中
29062655064048080,ちょこ
29062655064048081,立秋
29062655064048082,立秋
29062655064048083,立秋
29062655064048084,ぜんにん
29062655064048086,ぜんにん
29062655064048087,😲🙌👾🤖🤸👺🌠🤲👻🖐️🛸😀
29062655064048088,ちょこ
29062655064048089,立秋
29062655064048090,立秋
29062655064048091,立秋
29062655064048092,るくあんす
29062655064048094,るくあんす
29062655064048095,かきくけこーしょん
29062655064048096,ちょこ
29062655064048097,立秋
29062655064048098,立秋
29062655064048099,立秋
29062655064048100,るくあんす
29062655064048102,るくあんす
29062655064048103,窒素
29062655064048104,ちょこ
29062655064048105,立秋
29062655064048106,立秋
29062655064048107,立秋
29062655064048108,るくあんす
29062655064048110,るくあんす
29062655064048111,てんしさまのいうとおり
29062655064048112,桃寝ちのい
29062655064048113,立秋
29062655064048114,立秋
29062655064048115,立秋
29062655064048116,mq
29062655064048118,mq
29062655064048119,ぱぴぷぴぷぴぱ
29062655064048120,ころねぽち
29062655064048121,立秋
29062655064048122,立秋
29062655064048123,立秋
29062655064048124,ぜんにん
29062655064048126,ぜんにん
29062655064048127,B.B.K.K.B.K.K.（立秋ちょこRemix）
29062655064048128,ちょこ
29062655064048129,立秋
29062655064048130,nora2r
29062655064048131,立秋
29062655064048132,或華
29062655064048134,或華
29062655064048135,苺苺苺苺苺苺苺苺毎苺
29062655064048136,苺咲べりぃ
29062655064048137,立秋
29062655064048138,立秋
29062655064048139,立秋
29062655064048140,エモコサイン
29062655064048142,エモコサイン
29062655064048143,
29062655064048144,
29062655064048145,
29062655064048146,
29062655064048147,
29062655064048151,
29062655064048152,
29062655064048153,
29062655064048154,
29062655064048155,
29062655064048159,
29062655064048160,
29062655064048161,
29062655064048162,
29062655064048163,
29062655064048167,
29062655064048168,
29062655064048169,
29062655064048170,
29062655064048171,
29062655064048175,
29062655064048176,
29062655064048177,
29062655064048178,
29062655064048179,
29062655064048183,
29062655064048184,
29062655064048185,
29062655064048186,
29062655064048187,
29066546337972224,ぜんにん
29066546371526656,秘密
29066546371526657,mq
29066546371526658,るくあんす
29066546371526659,或華
29066546371526660,るくあんす
29066546371526661,秘密
29066546371526662,るくあんす
29066546371526663,るくあんす
29066546371526664,るくあんす
29066546371526665,mq
29066546371526666,エモコサイン
29066546371526667,るくあんす
29066546371526668,或華
29066546371526669,或華
29066546371526670,エモコサイン
29066546371526671,ぜんにん
29066546371526672,るくあんす
29066546371526673,るくあんす
29066546371526674,るくあんす
29066546371526675,るくあんす
29066546371526676,ぜんにん
29066546371526677,るくあんす
29066546371526678,るくあんす
29066546371526679,或華
29066546371526680,るくあんす
29066546371526681,秘密
29066546371526682,mq
29066546371526683,るくあんす
29066546371526684,
29066546371526685,エモコサイン
29066546371526686,るくあんす
29066546371526687,るくあんす
29066546371526688,秘密
29066546371526689,るくあんす
29066546371526690,るくあんす
29066546375720966,ぜんにん
29066546375720967,mq
29066546375720968,秘密
29066546375720969,或華
29066546375720970,或華
29066546375720971,るくあんす
29066546375720972,るくあんす
29066546375720973,エモコサイン
29066546375720974,るくあんす
29066546375720975,秘密
29066546375720976,或華
29066546375720977,mq
29066546375720978,るくあんす
29066546375720979,mq
29066546375720980,秘密
29066546375720981,或華
29066546375720982,ぜんにん
29066546375720983,るくあんす
29066546375720984,るくあんす
29066546375720985,るくあんす
29066546375720986,mq
29066546375720987,ぜんにん
29066546375720988,或華
29066546375720989,エモコサイン
45284322727591936,Observing Glitch “YUN-YUN”
45284322752757760,Laur
45284322752757761,──
45284322752757762,Laur
45284322752757763,Laur
45284322752757764,ぜんにん
45284322752757765,ぜんにん
45284322752757766,ぜんにん
45284322752757767,Desktop Society
45284322752757768,t+pazolite
45284322752757769,──
45284322752757770,t+pazolite
45284322752757771,t+pazolite
45284322752757772,秘密
45284322752757773,秘密
45284322752757774,秘密
45284322752757775,Glittering Trap
45284322752757776,DJ Genki
45284322752757777,──
45284322752757778,DJ Genki
45284322752757779,DJ Genki
45284322752757780,るくあんす
45284322752757781,るくあんす
45284322752757782,るくあんす
45284322752757783,KAKUSEI☆SYNDROME
45284322752757784,Getty
45284322752757785,──
45284322752757786,Getty
45284322752757787,Getty
45284322752757788,mq
45284322752757789,mq
45284322752757790,mq
45284322752757791,Thanks for playing
45284322752757792,REDALiCE
45284322752757793,──
45284322752757794,REDALiCE
45284322752757795,REDALiCE
45284322752757796,或華
45284322752757797,或華
45284322752757798,或華
45284322752757799,EXC3PT!ON_H4NDL1NG
45284322752757800,DJ Noriken
45284322752757801,──
45284322752757802,DJ Noriken
45284322752757803,DJ Noriken
45284322752757804,エモコサイン
45284322752757805,エモコサイン
45284322752757806,エモコサイン
72654723631710208,ぜんにん
72654723665264640,秘密
72654723665264641,mq
72654723665264642,るくあんす
72654723665264643,或華
72654723665264644,るくあんす
72654723665264645,秘密
72654723665264646,るくあんす
72654723665264647,るくあんす
72654723665264648,るくあんす
72654723665264649,mq
72654723665264650,エモコサイン
72654723665264651,るくあんす
72654723665264652,或華
72654723665264653,或華
72654723665264654,エモコサイン
72654723665264655,ぜんにん
72654723665264656,るくあんす
72654723665264657,るくあんす
72654723665264658,るくあんす
72654723665264659,るくあんす
72654723665264660,ぜんにん
72654723665264661,るくあんす
72654723665264662,るくあんす
72654723673653248,或華
72654723673653249,るくあんす
72654723673653250,秘密
72654723673653251,mq
72654723673653252,るくあんす
72654723673653253,
72654723673653254,こずみっKING☆sens@tion!!!!!!!!
72654723673653255,ちょこ
72654723673653256,かゆき
72654723673653257,かゆき
72654723673653258,かゆき
72654723673653259,或華
72654723673653260,或華
72654723673653261,或華
72654723673653262,或華
72654723673653263,MuseDashを作っているPeroPeroGamesさんが倒産しちゃったよ～
72654723673653264,ちょこ
72654723673653265,立秋
72654723673653266,立秋
72654723673653267,立秋
72654723673653268,ぜんにん
72654723673653269,ぜんにん
72654723673653270,ぜんにん
72654723673653271,ぜんにん
72654723673653277,
72654723673653278,
72654723673653279,
72654723673653280,
72654723673653281,エモコサイン
72654723673653282,るくあんす
72654723673653283,るくあんす
72654723673653284,秘密
72654723673653285,るくあんす
72654723673653286,るくあんす
72654723673653293,ぜんにん
72654723673653294,mq
72654723673653295,秘密
72654723673653296,或華
72654723673653297,或華
72654723673653298,るくあんす
72654723673653299,るくあんす
72654723673653300,エモコサイン
72654723673653301,るくあんす
72654723673653302,秘密
72654723673653303,或華
72654723673653304,mq
72654723673653305,るくあんす
72654723673653306,mq
72654723673653307,秘密
72654723673653308,或華
72654723673653309,ぜんにん
72654723673653310,るくあんす
72654723673653311,るくあんす
72654723673653312,るくあんす
72654723673653313,mq
72654723673653314,ぜんにん
72654723673653315,或華
72654723673653316,エモコサイン
72654723673653323,ぜんにん
72654723673653324,秘密
72654723673653325,るくあんす
72654723673653326,mq
72654723673653327,或華
72654723673653328,エモコサイン
104802543004188672,Let's Go Lovely 变身时间！
104802543029354496,Ｕ
104802543029354497,Yuu
104802543029354498,Yuu
104802543029354499,Yuu
104802543029354500,るくあんす
104802543029354501,るくあんす
104802543029354502,るくあんす
104802543029354503,るくあんす
104802543029354504,LITTLE MY STAR
104802543029354505,Ｕ
104802543029354506,Yuu
104802543029354507,Yuu
104802543029354508,Yuu
104802543029354509,ぜんにん
104802543029354510,ぜんにん
104802543029354511,ぜんにん
104802543029354512,ぜんにん
104802543029354513,クルクルlovely day!!!
104802543029354514,Ｕ
104802543033548800,Yuu
104802543033548801,Yuu
104802543033548802,Yuu
104802543033548803,秘密
104802543033548804,秘密
104802543033548805,秘密
104802543033548806,秘密
104802543033548807,銀河系の宇宙の果てまで
104802543033548808,Ｕ
104802543033548809,Yuu
104802543033548810,Yuu
104802543033548811,Yuu
104802543033548812,mq
104802543033548813,mq
104802543033548814,mq
104802543033548815,mq
104802543033548816,the first the last
104802543033548817,Ｕ
104802543033548818,Yuu
104802543033548819,Yuu
104802543033548820,Yuu
104802543054520320,秘密
104802543054520321,秘密
104802543054520322,秘密
104802543054520323,秘密
104802543054520324,新生時 ～この恋ときみとあたし～
104802543054520325,Ｕ
104802543054520326,Yuu
104802543054520327,Yuu
104802543054520328,Yuu
104802543054520329,或華
104802543054520330,或華
104802543054520331,或華
104802543054520332,或華
104802543054520333,サクラ 咲ク
104802543054520334,Ｕ
104802543054520335,Yuu
104802543054520336,Yuu
104802543054520337,Yuu
104802543054520338,秘密
104802543054520339,秘密
104802543054520340,秘密
104802543054520341,秘密
104802543054520342,懐いは古今東西
104802543054520343,Ｕ
104802543054520344,Yuu
104802543054520345,Yuu
104802543054520346,Yuu
104802543054520347,エモコサイン
104802543054520348,エモコサイン
104802543054520349,エモコサイン
104802543054520350,エモコサイン
104802543054520351,Help! heaven!
104802543054520352,Ｕ
104802543054520353,Yuu
104802543054520354,Yuu
104802543054520355,Yuu
104802543054520356,エモコサイン
104802543054520357,エモコサイン
104802543054520358,エモコサイン
104802543054520359,エモコサイン
104802543054520360,BITE
104802543054520361,桃井晴子
104802543054520362,桑岛由一
104802543054520363,ZEN
104802543054520364,ZEN
104802543054520365,ぜんにん
104802543054520366,ぜんにん
104802543054520367,ぜんにん
104802543054520368,ぜんにん
104802543054520369,ゴー★ホーム！
104802543054520370,桃井晴子(UNDER17)
104802543054520371,桑岛由一
104802543054520372,景家淳
104802543054520373,景家淳
104802543054520374,或華
104802543054520375,或華
104802543054520376,或華
104802543054520377,或華
104802543054520378,恋のレシピ
104802543054520379,桃井晴子
104802543054520380,桃井晴子
104802543054520381,桃井晴子
104802543054520382,RAM RIDER
104802543054520383,mq
104802543054520384,mq
104802543054520385,mq
104802543054520386,mq
115655278347845632,まろん feat.KOTOKO
115655278406565888,まろん feat.晕晕 (CV：桃井はるこ)
115655278406565889,まろん × nora2r feat.小Q  (CV：ななひら)
115655278406565890,桃井はるこ
115655278427537408,まろん×小林ヒロト feat.小Q  (CV：ななひら) & 晕晕 (CV：桃井はるこ)
115655278645641216,IOSYS
115655278645641217,IOSYS
115655278645641218,IOSYS
115655278645641219,KOTOKO
115655278645641220,KOTOKO
115655278645641221,KOTOKO
115655278645641222,KOTOKO
115655278645641223,KOTOKO
115655278645641224,KOTOKO
115655278645641225,KOTOKO(I've)
115655278645641226,KOTOKO(I've)
115655278666612736,KOTOKO
115655278666612737,ave;new feat.佐倉紗織
115655278666612738,MOSAIC.WAV
115655278666612739,MOSAIC.WAV
115655278670807040,MOSAIC.WAV
115655278670807041,Aiobahn +81 feat. KOTOKO
115655278675001344,Aiobahn +81 feat. KOTOKO
115655278675001345,柏木るざりん feat.Chu☆
115655278679195648,柏木るざりん feat.民安ともえ
115655278679195649,Silver Forest 
115655278683389952,マシンガン進藤
115655278683389953,マシンガン進藤
115655278687584256,しぐれうい
115655278687584258,ちょこ
115655278687584259,立秋 feat.ちょこ
115655278687584261,ビートまりお
115655278687584262,IOSYS
115655278687584263,IOSYS
115655278687584264,IOSYS
115655278687584265,IOSYS
115655278687584266,Silver Forest 
115655278687584267,IOSYS
115655278687584273,かめりあ feat.ココ、ななひら
115655278704361472,かめりあ feat.ななひら
115655278704361473,かめりあ feat.ななひら
115655278704361474,かめりあ feat.ななひら
115655278704361475,かめりあ feat.ななひら
115655278704361476,かめりあ feat.ななひら
115655278704361477,かめりあ feat.ななひら
115655278704361478,かめりあ feat.ななひら
115655278704361479,IOSYS
115655278704361480,MARON feat.小Q  (CV：ななひら)
115655278704361481,Aiobahn +81
115655278704361482,Aiobahn +81
115655278704361483,立秋 feat.ちょこ
115655278721138688,立秋 feat.ちょこ
115655278721138689,立秋 feat.ちょこ
115655278721138690,立秋 feat.ちょこ
115655278721138691,立秋 feat.ちょこ
115655278725332992,立秋 feat.ちょこ
115655278725332993,立秋 feat.ちょこ
115655278725332994,立秋 feat.ちょこ
115655278725332995,立秋 feat.桃寝ちのい
115655278725332996,立秋 feat.ころねぽち
115655278725332997,立秋 feat.ちょこ
115655278725332998,立秋 feat.苺咲べりぃ
115655278737915907,Laur
115655278737915908,t+pazolite
115655278737915909,DJ Genki
115655278737915910,Getty
115655278737915911,REDALiCE
115655278746304512,DJ Noriken
115655278746304513,Ｕ
115655278746304514,Ｕ
115655278746304515,Ｕ
115655278746304516,Ｕ
115655278746304517,Ｕ
115655278746304518,Ｕ
115655278746304519,Ｕ
115655278746304520,Ｕ
115655278746304521,Ｕ
115655278746304522,桃井晴子
115655278746304523,桃井晴子(UNDER17)
115655278763081728,桃井晴子
